x0,y0,z0,x1,y1,z1,x2,y2,z2,x3,y3,z3,x4,y4,z4,x5,y5,z5,x6,y6,z6,x7,y7,z7,x8,y8,z8,x9,y9,z9,x10,y10,z10,x11,y11,z11,x12,y12,z12,x13,y13,z13,x14,y14,z14,x15,y15,z15,x16,y16,z16,x17,y17,z17,x18,y18,z18,x19,y19,z19,x20,y20,z20,label
-1.6821479323560298,0.3569704181009801,-0.6512479372773974,-1.5750666171428198,0.3788941905393073,0.8124024593606932,-1.5236466196874527,0.39976762594540977,0.6845069416592311,-1.5074032422650971,0.41944656806486313,0.5928701281221929,-1.441153590221239,0.4258810927602138,0.4878842011062831,-1.5923535284433754,0.4087132366691704,-0.3050014474613778,-1.594204952981318,0.44997212019128113,-0.3458380515002221,-1.6000859482470104,0.5064189499899784,-0.16672884403154253,-1.589580443873893,0.5541197847214399,-0.005078624803247656,-1.6975101379795172,0.4188303065504373,-0.6435896385935511,-1.730128344278541,0.47009365559399746,-0.551648735082552,-1.7468800254000354,0.5230579878254035,-0.18492033972045022,-1.7413709158369581,0.555446867572901,0.11422305448115559,-1.7791254280135942,0.42403976177342884,-0.7986868076799526,-1.8210751082235135,0.47456643760079503,-0.6655122627480704,-1.8261497355113454,0.5178407460329174,-0.3203423969094587,-1.8022628507011025,0.5435117552187425,-0.005365731108097832,-1.8430027223467251,0.4263609552349012,-0.792055798341982,-1.9045948415226988,0.46362016412379237,-0.6449470643611421,-1.908420780891234,0.5080038527852607,-0.5102402993819687,-1.8779394060313166,0.5472983500003102,-0.3489777346273892,0
-1.0527098475177272,-2.3037670443041893,-0.6122833566069705,-0.8713472977164215,-2.309023544862696,4.096144605305722,-0.8215818221238194,-2.2798988550424997,4.456417618055411,-0.7877114170406656,-2.2565139799078526,4.280994383178433,-0.7365848876225258,-2.257041612110341,3.906869432627747,-1.03167299082701,-2.269443737049309,4.848404002248139,-1.0778389471349878,-2.2458891609752736,4.483774610159923,-1.0446166973398958,-2.2393318789323744,4.054732934484255,-0.9812470334022619,-2.234084186171907,3.5327404433369267,-1.045562957236162,-2.2805583097577693,3.3422886198203363,-1.1912625328788917,-2.2762478273651765,2.7640644305716653,-1.192915231578362,-2.30247694703448,2.1363529893859217,-1.158043751586386,-2.3242632086512236,1.5944085045538108,-1.0612848414094418,-2.3122087884277076,1.2617907880106165,-1.190825779350744,-2.333017841227708,0.970328384613082,-1.1888573830325964,-2.3766882889310916,0.3771063189291115,-1.167846275135724,-2.4056125649696716,-0.06863591901973605,-1.0646703395362695,-2.350887460788641,-0.20312635376295052,-1.189369790135105,-2.3794647204089836,-0.49139581270183985,-1.2241891712566892,-2.4226077639455963,-0.9610172561707513,-1.2360106466314322,-2.460966090363992,-1.3200526349058805,0
-0.909926138918877,-2.4144041001383028,0.07988639835501495,-0.7668873003611675,-2.409772409055597,3.918493195432813,-0.7574332261368785,-2.374777687822132,4.1425436061317376,-0.7376727517034752,-2.335723653174039,3.837386582987817,-0.6774298514710442,-2.3192632098995043,3.424767050231552,-0.9933016009392563,-2.3454965539739003,4.651696601186348,-1.0282679309848386,-2.299535636584354,4.007760522361239,-0.9756236134074666,-2.286997042848304,3.4175733521164178,-0.8930361431931965,-2.2769487066667096,2.9268919775076774,-1.0413051584027138,-2.3696935047139864,3.0751178948525717,-1.1850271763855427,-2.3546481346234103,2.4578177764072886,-1.1801651900200418,-2.391708228157124,1.8985890956273592,-1.1215964865274468,-2.4149655412774234,1.4869072039060922,-1.0651514710232002,-2.409251653139666,0.9546370280564265,-1.2135805014812375,-2.4204320445866685,0.6420454132559195,-1.197452515886365,-2.4746320890445532,0.1448378798541726,-1.1345296742645383,-2.511302316161897,-0.15504424367091957,-1.0545451761833362,-2.4569618619644142,-0.5153447751778103,-1.1376824717485665,-2.485006679473225,-0.578533952770599,-1.112445824242414,-2.526743606461772,-0.7830663424148052,-1.0470198977291438,-2.5564854154959256,-0.9478622082070638,0
0.3574133619094563,-2.706178732891402,-0.8888167920066985,0.38007903934925763,-2.6411600187901243,-0.1590772121046314,0.42152335668169505,-2.584885332733078,-0.2544882688595808,0.44027824110850866,-2.546106736268085,-0.4629476161425458,0.4164318631452283,-2.524488789958794,-0.6839312631163496,0.47739345196758665,-2.5779335793861735,0.30025630778787177,0.5568660211914479,-2.5421298988904857,0.00135242970894304,0.6061848766590757,-2.5353532702040513,-0.33103691755612213,0.637271685402294,-2.532533167465041,-0.601109148407819,0.48604997679032846,-2.6007915795483827,-0.2869288796285477,0.632454480344832,-2.5914297231232584,-0.5048704424852773,0.7307110997231581,-2.6258753089658975,-0.8595888527224588,0.7847251973219046,-2.6540563089014046,-1.1067695440356762,0.50410747417797,-2.6226436183253536,-0.9039306133169933,0.7173747280635312,-2.6209998793612077,-1.1194507329907781,0.8769206169349807,-2.667832241845692,-1.642676120958498,0.9863552599796722,-2.709464599920125,-1.9559201471541947,0.5203542359273644,-2.6366096065534252,-1.240634222118828,0.7110200978586007,-2.609506165762301,-1.3894918619403078,0.8605168997711251,-2.6334260167913874,-1.7013593629566968,0.9701144298876571,-2.6640538176779844,-1.9446962705305235,0
-1.7387775746212715,0.22899920337844842,-2.951275292456845,-1.641831834296094,0.30295214300065587,1.7394728397239023,-1.625436037672285,0.34559745559200516,1.770650754928379,-1.6276443379672516,0.36396250813247316,1.7299384030662768,-1.567314916603948,0.35598121189686543,1.6794928758144139,-1.6979281633203926,0.34513963562082856,0.9137097769402275,-1.7475577129838247,0.37436148206358616,1.1553737747624404,-1.7694643149500462,0.32354752946578197,1.4437120743182126,-1.8214246185555178,0.2745785450128542,1.5464201899053471,-1.7842535041316403,0.3371629260109354,0.5993882835619753,-1.8230225225650496,0.36572803715385727,0.6650655052806833,-1.8382495330250557,0.3251958608693781,0.8936849580724162,-1.883717450335927,0.28887287726551575,0.9938573282499125,-1.8542751260938328,0.32942404470311637,0.32521961354562534,-1.876840809664539,0.35415455903681925,0.42399358123224146,-1.883822183254832,0.31741761982807243,0.6069477533178248,-1.916919306575386,0.280761788628658,0.6946133467780191,-1.908828163266476,0.3227846230856624,0.1981185940346114,-1.910516889836809,0.34509422566620657,0.4354545306141965,-1.8976964737920696,0.3167745831197771,0.6008728684001118,-1.9118962225415836,0.2819962525098624,0.6602899849191122,0
-1.887624077613189,0.2770672312464878,-2.2059457545216756,-1.835960064463069,0.339852578185568,0.07529564043517678,-1.8806204756277067,0.38081541946689884,0.1344725604769011,-1.9352668526032026,0.40527326905202526,0.2251987782789235,-1.935028177477439,0.41587670083889927,0.36933365693043185,-2.022328207993693,0.3570323448818285,-0.34159745805350183,-2.072228277687229,0.4067104263157666,-0.01794087192742691,-2.0624051539460617,0.36639303615705676,0.3263295502777455,-2.1035201856043666,0.32388415647915153,0.5374770464817746,-2.073978349784147,0.3449312365589626,-0.10845759062317539,-2.110702691680931,0.39526264213900825,0.16793964907278594,-2.0981797626383205,0.36176543932384175,0.4204501226692644,-2.1308509996724285,0.3337832841119133,0.5207370349141298,-2.0958925225177296,0.3334958025143411,0.20506504523530686,-2.123546087608744,0.3802627398042756,0.38822499651513487,-2.1062062951791543,0.35580246302755936,0.5969198110600883,-2.1236923138891,0.3265282409797922,0.6695290385408847,-2.1024654542952037,0.3304065503410063,0.4232894673339146,-2.1147639339738507,0.3647959580642282,0.5423924340852613,-2.0902341537511444,0.35860335346531735,0.6309019506392508,-2.092083055877928,0.3452424908057819,0.6442955013150102,0
-1.8687414368004471,0.3196104927763614,-1.9773854867277845,-1.8193348028469467,0.37152798578714896,0.3001576102744647,-1.848147811158092,0.39954823210348867,0.2447996743785799,-1.8998148954701017,0.42112935198766605,0.23979026403416123,-1.8974518131856655,0.4354140100022543,0.3077359850757424,-1.953393686184228,0.3824044598467607,-0.40937547170515864,-2.006279895446395,0.4229746804164986,-0.09685718945814513,-2.0089881019128235,0.3948928142050218,0.295601759252795,-2.0388645170844946,0.3574031309824861,0.5314095077059968,-2.0199701722343204,0.3722390447524237,-0.33166412648228866,-2.072036198072601,0.4187945001205003,-0.13775727370786983,-2.067704924432887,0.4033439222828875,0.1810698765688082,-2.0799308912640413,0.3821475735920569,0.36798815394165546,-2.0583995027851665,0.36104674889205673,-0.10587804594722229,-2.099963105993551,0.40491906531461935,0.03971411372160323,-2.081867276379544,0.3999818222813769,0.33430798300648723,-2.074378687923516,0.38398934589349887,0.5068601384756097,-2.07840551083671,0.3525432806886095,0.09383089509268419,-2.113281248449059,0.38412484810908204,0.21951525112348688,-2.0884277078223263,0.3947551596656628,0.34209810320760886,-2.0712067758318145,0.3932416636354173,0.4067817368958081,0
-1.708459324317577,0.30801289360542994,-2.12997625424341,-1.602814855128853,0.3602317723073966,1.2863607325748896,-1.5832318845235223,0.39496437143637386,1.2783646233906008,-1.6113002826861387,0.4173251595913197,1.2452394191823948,-1.6091690244581767,0.4269944800834013,1.2595492446672967,-1.6567499325750958,0.3787020770670583,0.35115007137250465,-1.6970617648007464,0.42322457357925153,0.5492260199485537,-1.6926148649430577,0.3825276904564598,0.9453072084610116,-1.7367175736661273,0.33683053967095167,1.186001980351523,-1.7602941006141097,0.3731920975712605,0.0004812490758639489,-1.8016832075026614,0.43203018610650035,0.08473868440950137,-1.7845231431010193,0.4098874781993566,0.4533543199245949,-1.8074204937909493,0.3830131640143319,0.7215178732499344,-1.835691690347612,0.37019678209605755,-0.2323147606559719,-1.8611126773556863,0.42384747064259604,-0.05462655513683124,-1.83534734133686,0.4041418644283748,0.28490838373072563,-1.8429268021307468,0.3797517346544106,0.5228863164974771,-1.8943341214657896,0.36534769417711566,-0.30248975672229744,-1.8955596278129814,0.4073911793684506,-0.008165828833637501,-1.8631872267305656,0.3937453800323521,0.23703706159510324,-1.85911485919122,0.3686202717283832,0.3882796482810291,0
-1.68502141997317,0.33918368645826025,-0.7604178364296852,-1.5895255894094797,0.36882193183821604,0.7587067424770186,-1.5623333078518136,0.3948029023707739,0.811753413186437,-1.5791608884199886,0.4164454088289029,0.9516918341410071,-1.5589655727918743,0.4335679504998034,1.1057282146579175,-1.6584426380551305,0.4023262848259568,-0.35410146427145356,-1.6780135057372803,0.4377084012439623,0.26730074170994506,-1.6906662366656167,0.46519051026793257,1.0207745175291236,-1.6916864720998035,0.46921564686230427,1.4886171677382547,-1.7556973194349825,0.40575646803991317,-0.3303599427559941,-1.7893792922129175,0.45236909355413124,0.06321073003033931,-1.7964418070630273,0.49286655961865317,0.682361012931085,-1.7811714856686274,0.5058906651687185,1.1278323478905705,-1.8252210459506257,0.405023739045309,-0.12421855801878666,-1.8683420378351905,0.4525866405752541,0.14980063523010786,-1.8712231617585637,0.49099485356888645,0.5973128633226893,-1.8459442587450055,0.5091734263726789,0.9450242574960929,-1.8710570689574497,0.4015425312309944,0.08658268009873867,-1.9300909468995888,0.4405596224749385,0.263767757079151,-1.9245660713664041,0.4825474459748828,0.4386306032717833,-1.8918199920556813,0.5164275825981708,0.6168026315671733,0
-1.7294002348203437,0.21908563720682273,-0.9709927469209975,-1.6512962313669757,0.1881816753394929,-0.8273445312538328,-1.5975829443266463,0.19399240915565602,-1.164539544961291,-1.5600914382781443,0.21300867375712723,-1.2722349040171268,-1.5064999411061684,0.2387148793435043,-1.3179605038583027,-1.6907565541414953,0.2147895308714753,-2.395464976503565,-1.6413473549431639,0.26458506166908474,-2.449730443699971,-1.6179884832589868,0.32786381718917845,-2.2153205805141387,-1.5959782520229147,0.3811284537300562,-1.9609867550148277,-1.7834442145605978,0.24765912064329998,-2.536024279975746,-1.8173050931522652,0.3326925587340454,-2.4710102253062454,-1.8124922680982969,0.4083929547899488,-2.1732921651969295,-1.7845533611995117,0.46766441878719267,-1.8801696204709712,-1.8402760798876576,0.27693274598497214,-2.160153132022018,-1.8819016971583042,0.35484562464387304,-2.1352103089026366,-1.879447918239294,0.4192216694239283,-1.919542276506835,-1.8452243719293557,0.4720884930018552,-1.6528719690108256,-1.8667221308688073,0.29403339241325316,-1.6563978150735263,-1.9136019980169936,0.35422052413198685,-1.5981274288645306,-1.9120233878141812,0.4094645125665317,-1.491574623062226,-1.8753580981559022,0.45528429705687945,-1.3597348290606435,0
-1.0517717245977838,-2.1927010668656073,-0.12156686653791479,-0.8870445981184573,-2.201998731072218,2.265779597711725,-0.8529449804574001,-2.1889907206604264,2.25748035497473,-0.806600040221303,-2.1794397522126827,1.9170850765856045,-0.7492405760326045,-2.193363772299773,1.5563320354737524,-1.0698883219591413,-2.1720269419122173,2.629633417133701,-1.0922931343372555,-2.1685877536890126,1.894520401898905,-1.0376647359606561,-2.178934669345716,1.3101987784070317,-0.9605478600003852,-2.184102980936996,0.8574644912869039,-1.060579957227829,-2.1750502473027478,1.4232798112905967,-1.1330357497791723,-2.192986549719825,0.707009526081623,-1.0854885076735288,-2.2337943228886914,0.11454283628076752,-1.0012900363575856,-2.2645004039294183,-0.30167597720730516,-1.0494679100714563,-2.1916645878623133,-0.06080218796727872,-1.105617275650875,-2.2227648972359284,-0.4150968397484783,-1.0625746018592794,-2.270833908277267,-0.8399850737994097,-1.002766942410695,-2.303401620303394,-1.1031298745849716,-1.0280909289471316,-2.2119714863874003,-1.034871436141507,-1.0630479076959363,-2.2356667417560843,-1.1920708556887911,-1.0374061179549385,-2.282934605340401,-1.470670388210943,-0.9977648191702313,-2.3211496051646536,-1.6835067622640139,0
-0.8358673240630462,-2.3152929787128484,-0.048062970306092495,-0.6497130234037284,-2.3542444266161304,4.006112396733029,-0.6187839324473272,-2.3268980581386933,4.244564738174941,-0.5874393220906599,-2.293941329168092,3.904005890217007,-0.5422489456884514,-2.2915885432680416,3.4677800953333677,-0.8551372870611061,-2.283944235332411,5.197126885994522,-0.8915498672449089,-2.2493377863790136,4.479270136748223,-0.8674635688940054,-2.2493171466103403,3.808539439079987,-0.8123344988508794,-2.252899594041607,3.2370411149343505,-0.8995937119083367,-2.3059228093332584,3.602917631944497,-1.0139242105760067,-2.29335354435441,2.8234058696992563,-1.0149372161790615,-2.3279318640217705,2.1450273887286624,-0.9684291533089424,-2.3548429217852047,1.6511706171788096,-0.923093455123831,-2.344857928827339,1.339508156292373,-1.0377812737476917,-2.357090967570223,0.9680590283794767,-1.0340013763364564,-2.402581939729597,0.47626407835871715,-0.9919695595716137,-2.431958786625402,0.16528964158201057,-0.9132529696657808,-2.3967160687191074,-0.2925661403607654,-0.9779574864203613,-2.4264007574649322,-0.32826502729381035,-0.9683662311677792,-2.4680775156814456,-0.5307490893080851,-0.9288843016101038,-2.5007178193835338,-0.7106513478101568,0
-1.5234635847799296,-2.543466113004207,0.29391492213585413,-1.4583103488134748,-2.5155980578617436,0.16869006938205908,-1.454511906085174,-2.507497456407533,0.38952317440727896,-1.4351935287071844,-2.499230891615722,0.37034209625299314,-1.3624030672222915,-2.4780525575471533,0.2106682174065021,-1.6501963515363687,-2.475155091873406,0.4323684375714865,-1.7118621339135007,-2.4526326079266347,0.26876175096987825,-1.7497836371434248,-2.454016856221225,0.006821172553399469,-1.7666332305986292,-2.4622375973436985,-0.3093778624194664,-1.7065703235068452,-2.4885607881000986,-0.1913000598327096,-1.9295770276014252,-2.48039471209735,-0.2856313037596211,-2.0733851200590045,-2.51262295289577,-0.7438457781289971,-2.1739296880711616,-2.542089535047105,-1.1434798812466729,-1.7455259246672732,-2.497495776834265,-0.7955971791799348,-1.9749788754366406,-2.496251281100249,-0.9027657702666076,-2.110801985685415,-2.5415613547152227,-1.4478418746725084,-2.21075954426652,-2.5756021375728926,-1.868313241578991,-1.769024430053476,-2.4961705224694253,-1.142812208040016,-1.9868787509120587,-2.471727533216957,-1.4386861636279333,-2.129614757278859,-2.494900912994893,-1.8694953991216203,-2.2382616740487427,-2.518606933096269,-2.1871180495652864,0
-1.8760157788285152,-0.03984323893204638,-2.3508283603694444,-1.7982989222944659,0.008288087445953532,0.9426313716405216,-1.8076836438438288,0.06286602211164909,0.9057883603192287,-1.8430638086246316,0.10287527475792006,0.91912178511427,-1.8672210582507915,0.12835735258279435,0.9511722728863865,-1.8629301496784705,0.07601657360794431,-0.6679002019734773,-1.9483160314635837,0.17507268234560655,-0.37127709713241547,-1.9953030035087842,0.1763480261690664,0.17864591679502062,-2.0456582613795478,0.14809663604235646,0.5635141246939488,-1.9439125473858423,0.07172567970656181,-0.7931433885864929,-2.0214146706107425,0.16643843623186474,-0.5758075126691977,-2.054158729053372,0.1637112362583886,-0.108964799302381,-2.0867512826007446,0.1440007065230119,0.22761094208747712,-2.005586478024435,0.06850699649176209,-0.6126662473664386,-2.0564755030442283,0.144082192285594,-0.4110886373117621,-2.062053696625285,0.13300611568387125,-0.019802492113455795,-2.0757104325626856,0.1104243730181894,0.26639955041366964,-2.046268516140065,0.06526032557078612,-0.33699818458484454,-2.0509681488588565,0.11837460123503409,-0.05107087499375097,-2.0383195060163453,0.11188785848728475,0.21617932679658156,-2.0376523012541434,0.08992560252748477,0.39321515601879553,0
-1.847206226205776,0.12486087890226856,0.6436226695132923,-1.8070313557590678,0.2509824876391463,-0.16341444731495708,-1.8313537658566832,0.33622594709134,0.18089090427649132,-1.8762346440344513,0.381512771446291,0.4714334458719054,-1.8923149592723298,0.4158252528464771,0.6612807806299545,-1.9377093378952923,0.2668502242871409,0.7658000144776258,-1.9951972190245295,0.3067868294550783,1.3156101293585705,-2.012130648342648,0.35697005577911595,1.4443112432792347,-2.002832161250293,0.4067404877157228,1.3776877920394013,-1.9537549367277784,0.26015029483002317,1.3653342313596226,-2.04738071100827,0.29676305493407085,1.5061031194217571,-2.057918505159277,0.3571274741592502,1.3010607489507786,-2.0478624708231257,0.41093057489653817,1.0563378751161987,-1.9518643686230808,0.2596327897673301,1.7080797491023836,-2.030975835975064,0.29862540496414625,1.6008729029622766,-2.0251876863083176,0.35089651194327826,1.3227099231318424,-2.0005254719240506,0.39484099364990627,1.101526852089418,-1.9454705520775186,0.26647995050458523,1.7899743917898885,-1.9830175248292374,0.3037205607297584,1.694610822163773,-1.9734265048958863,0.3411120735683757,1.5231445874279257,-1.95394537815271,0.37731291511099957,1.3500542488972667,0
-1.9329515167562756,0.2738151092305107,-1.3805917978029894,-1.8844867399194722,0.3717662983432966,0.5502408845004952,-1.9305082917683463,0.41960821241309504,0.7154796103949878,-1.9923681617815876,0.4509349742635552,0.8172616906111522,-2.0185038074062294,0.4722663388921853,0.931042034261358,-2.0501842525238145,0.4040864877681592,0.8722053715560358,-2.0960978360089584,0.4366275260270249,1.2638594336835511,-2.0990886400246622,0.40233954054104687,1.410735987422286,-2.1436278130702346,0.374147811673081,1.4170480227790399,-2.0923424926467145,0.39046221341845394,1.127725692103563,-2.136612982982982,0.42095970798545834,1.4216649375465655,-2.1397544326636,0.39882658580867547,1.479763219696081,-2.1621846002632967,0.37772344476709596,1.3995034498006256,-2.106014418199175,0.37542493472627475,1.2138805321082977,-2.144443614850177,0.4047140097342687,1.361582311031296,-2.137681617444852,0.3885293757360026,1.3905959677052937,-2.1438615565689654,0.36358004644516384,1.321790813561808,-2.107068898335923,0.36502316165424464,1.1753939164613763,-2.12288590508021,0.38205242567848685,1.2591354210555825,-2.1041007140965657,0.3747868468854345,1.2709647824148531,-2.1006712656119464,0.3584302944007005,1.230685928738358,0
-1.8958863268620936,0.3139391960061546,-2.0781213778393437,-1.8363852492049502,0.3604439729468512,-0.24892866317467466,-1.8585906861636805,0.3965289406537948,-0.3303380557836491,-1.925146258570322,0.4249874690752948,-0.3573917324154697,-1.9770301472890426,0.4463631981331268,-0.28930038231555427,-1.9802983043235292,0.3622033850372432,-0.9297145242095332,-2.077562780703397,0.43031510502658593,-0.9649480487528633,-2.06778272347351,0.4104882044673023,-0.7649336527789169,-2.1013693477987667,0.36899015341534636,-0.5594700637221718,-2.0551685231111567,0.3561884207153262,-0.8646979444050409,-2.1278716147300316,0.432073175342651,-0.8442296190947965,-2.114261104791503,0.41684283550712126,-0.6027878264741319,-2.13078784325967,0.3832166613428264,-0.4034705525070137,-2.092766642969048,0.3575875933952055,-0.6194051203637634,-2.13044406050484,0.4235755211464472,-0.5492604974578407,-2.111624550259388,0.41071694168326695,-0.2784921365738862,-2.1169770478590713,0.383147846901218,-0.09092729668710224,-2.1046546074578463,0.36558793998468275,-0.38135405214522217,-2.112868688830752,0.4066449566500613,-0.3724112787928591,-2.08831704192507,0.4099929780356962,-0.307828802061356,-2.0786393584233056,0.3996792257662622,-0.24970883076206962,0
-1.7141327899200707,0.24962869653404066,-2.5379090549277197,-1.5981611453379574,0.29642846072508605,0.4674154274069397,-1.566807345712059,0.33739344646900493,0.37782427498960686,-1.589086106195934,0.3728606381187247,0.3158537607697035,-1.5894089467457484,0.3966739355442176,0.3271441299734161,-1.6801095342088048,0.31283299869530085,-0.5403843732874173,-1.6844137440879787,0.3808968616343855,-0.38966604074996547,-1.6574860193493401,0.3517913323387973,0.014224527634281886,-1.696608862927632,0.30679809571647015,0.30091947679504466,-1.778126377713965,0.31616758820997637,-0.7204702295478385,-1.774330633149874,0.4028574905047569,-0.7061033699257073,-1.731282165749178,0.37664852395066556,-0.3274661680083139,-1.7467407146456664,0.33854197223526833,9.098540641201489e-06,-1.843803702370108,0.3289264968479681,-0.6805012996492447,-1.8253768625932132,0.40778804244948774,-0.5589726421132343,-1.7859863528264952,0.38280568182559854,-0.21879964269083815,-1.7949338880561998,0.3475825307085216,0.05012376224235056,-1.885797366919239,0.3417709224316492,-0.5428333365780701,-1.8503740751352422,0.391953461501499,-0.3521436009107341,-1.8097615163912233,0.37962621312912653,-0.17768018396051236,-1.8074356178258544,0.3532579254978278,-0.04870464192519234,0
0.5137228427570429,-2.2168312858527024,-2.859333733619403,0.4890214167787407,-2.2587433966173434,0.49528213637801977,0.4471717444150902,-2.2792031574698957,0.18780245710678697,0.3444784033785588,-2.278311507565977,-0.31471687510298313,0.22998872773877826,-2.278497667555185,-0.7115291622469042,0.5552747513011695,-2.265592302623383,1.242545267676164,0.5734672159788156,-2.2381583094726816,0.33871191753118157,0.5247115277040704,-2.206767074912061,-0.32219562382167133,0.4369734929603632,-2.1769005958213996,-0.658515113928786,0.5543824155914971,-2.2659759724615176,0.4722625542552274,0.510784777002425,-2.2114740457326563,-0.3106576991201589,0.45819102435074655,-2.1830822539019397,-0.8803606832602167,0.39321859462303377,-2.1685753971579596,-1.1713269410628027,0.5770766160434968,-2.2654416579926875,-0.4687124555535219,0.49844107024136197,-2.197644302221516,-1.0628646725812365,0.45882215972203716,-2.1230742547642936,-1.2673096743472005,0.42060421030225464,-2.063294012409652,-1.2703382229602944,0.6045316061333872,-2.2627601094929473,-1.0870935694736645,0.5239227302687193,-2.231902540422839,-1.2523496292851957,0.45057009939006604,-2.1825288151488733,-1.205395674772593,0.37886137417413857,-2.1300875302706035,-1.1354794145459537,0
0.31014627973081477,-2.306834047169979,1.2100605868484742,0.24103914368271034,-2.2669030400533186,-0.2156282906436279,0.13059101582307506,-2.246533583624759,-0.2972089203104025,-0.019516916413899084,-2.2235619630805648,-0.517588660242061,-0.17438998142630618,-2.1925206848136956,-0.7396288922265568,0.18886298025594578,-2.2995426062360913,0.793010031249832,0.12157698405002416,-2.284632576976941,0.34183235319208466,0.07699066124220409,-2.2919670462097095,-0.12796687412473018,0.030804753671056114,-2.3023227103765755,-0.45789784141278084,0.23051638434359564,-2.342723258856474,0.24633053982175457,0.2896829651603525,-2.3527501723442312,-0.023958577047809924,0.32579209143859766,-2.4000443924770263,-0.40256578812351373,0.3284040754074593,-2.4416926139172985,-0.6485829276762309,0.2715197470113168,-2.377172631264985,-0.49011902372881716,0.3721166261834129,-2.396692423007052,-0.6111658836221947,0.44518537297406463,-2.455087833151232,-1.01954757981409,0.4774440092856105,-2.504744559438499,-1.275381194864144,0.3079049351888632,-2.4007787457346597,-1.0025424810570962,0.425113120996283,-2.407618756672597,-0.9817930929705271,0.4933077056003494,-2.452662283903907,-1.1492995776682111,0.523533421925092,-2.496133106020448,-1.2941699179113122,0
0.39259141564793143,-2.4048472573242914,0.3130038134060861,0.3259540981247407,-2.335925264403026,-0.9627356074350282,0.18749501527481957,-2.300316438310586,-1.2081361909816684,-0.025618267501545784,-2.270544684247351,-1.5427009162608314,-0.21044995119171397,-2.244197159089394,-1.798825294380811,0.2908890518374704,-2.344456607932605,0.07285133762004958,0.2283020024344666,-2.329563093306109,-0.40432922767079654,0.18559511151112332,-2.3320522993501456,-0.8653067045407475,0.1424674130332109,-2.34023040880803,-1.1489755650155131,0.33432952251291825,-2.3925050865421174,-0.29267706861847764,0.4313890732531059,-2.396470850352956,-0.5548157641573389,0.5073894703607925,-2.4351351684011022,-0.8136721473501954,0.5434496558895722,-2.4680913654209333,-0.9694877377856886,0.37114498064525886,-2.437969162587613,-0.7968359177416623,0.4924861484833837,-2.4519236418701307,-0.931357336422699,0.591629434170208,-2.50055792597811,-1.1685597531577283,0.6459508490971604,-2.54108787947136,-1.2685954909054469,0.40046481986503346,-2.481876040263938,-1.1595674448635722,0.5047244818237641,-2.4979410272546216,-1.1460382005458658,0.5907998357118251,-2.54139494736377,-1.2173894962837488,0.6355150823274386,-2.581679723849598,-1.2661367287864989,0
-2.143452375944922,-0.21255175944479313,-2.642663314349187,-2.1343415302068074,-0.22777586909076006,-4.156304216715817,-2.0578543375304594,-0.19146816493772423,-4.893940358618357,-1.963352709155613,-0.1251349977237192,-5.031363892206909,-1.9044040233931991,-0.049503897773683574,-4.898788315699606,-2.3406721089118174,-0.12380935878933405,-5.532621530379904,-2.2895800224963363,-0.030853998030888445,-5.697558910774556,-2.27731873773992,-0.029252007835485306,-5.563511631906375,-2.2898793674879645,-0.05131315347694443,-5.276533428515979,-2.325335400666735,-0.06446485687176629,-4.765003526702869,-2.2194327602093606,0.0185222221969555,-4.477768457107155,-2.182564347405399,-0.014490616312253967,-4.039418947791912,-2.1983621974645784,-0.059891988209741634,-3.72831103340515,-2.265119816842908,-0.016955344387840826,-3.2417493289467667,-2.1257610637825475,0.052745239654724926,-3.225590639665702,-2.086077028480288,-0.008810421740639915,-2.759499805443332,-2.101944009132758,-0.06433812765994903,-2.457656677972615,-2.186481796353002,0.018686754954206672,-1.9588292590686245,-2.0500288249003185,0.049529771834046964,-2.426537689907164,-1.999182861139458,0.0015545994296533646,-2.422575583606491,-2.0032636517795703,-0.043671116962091965,-2.3174260572503704,0
0.48383359310869656,0.313609146877674,-0.606419782098761,0.3546145995759504,0.31073018886926346,-0.9883182814651497,0.2497654921599911,0.33993283264751983,-0.8475322608329705,0.16946804275635347,0.36340852921636047,-0.6451164701941214,0.18587082093860544,0.3815891203301782,-0.33888865046474564,0.4456851502567385,0.38170524231663094,-0.9477405174580867,0.2514539494466577,0.3798937974621377,-0.951873877229088,0.27334731605201473,0.2795795027438495,-0.8368717668330813,0.41000650412498957,0.2308837910255972,-0.6561828944156781,0.45399767756237946,0.4002879034872823,-0.4472961423941415,0.26290361739412654,0.375373122171603,-0.38255882989073503,0.26727237299350665,0.2892710219669428,-0.3847309441101452,0.3845360915926553,0.2593405697264707,-0.4222198613836463,0.4419304489891187,0.40648741005927824,0.10372087228175428,0.2674995351554265,0.38100526226963566,0.14363132230808473,0.27279095567232403,0.3049162467439007,0.24727227466634752,0.36927434961544303,0.2714985235510893,0.26747226244095174,0.42244987603655815,0.41072863644109486,0.44209260071157014,0.29021244856305134,0.38847359953859933,0.41108946465297286,0.28296268972032323,0.328567707273763,0.4531174821255155,0.3515012801566472,0.29286028015101223,0.44180065319047895,0
-1.8853153306592976,0.24174201612018545,-2.588219456803348,-1.786517537484594,0.23354204100235046,-1.4368176926338636,-1.6870104215570367,0.2634024981206467,-1.502274335370905,-1.6073584627788922,0.28902998016065906,-1.4082295356928198,-1.4950827314996515,0.2917100052403613,-1.2170104411213336,-1.882502223047138,0.2817299777214034,-2.090137274633325,-1.773798593115962,0.32648374771961425,-1.8072726762877624,-1.6952220453750788,0.30739232947245,-1.345565913902251,-1.6789807674299997,0.27034126259138336,-0.9952775635091172,-1.938075566874215,0.3050463590624996,-1.623584910270851,-1.8291270485198179,0.3531034481584866,-1.4980823394773333,-1.7394897878694862,0.32527146789843947,-1.117107680581268,-1.7072624430156214,0.28913645475766103,-0.8171312636654934,-1.9538274926777128,0.3254088390837142,-0.8621932188033549,-1.8462207645366981,0.3644755183916077,-0.8935317992194014,-1.766450221879888,0.33754628487690164,-0.6625805747444228,-1.7366584527220932,0.30298458993151794,-0.47008717405040656,-1.9500030984792058,0.340844915321337,-0.25891626958871544,-1.8577582600276386,0.36165181562279564,-0.44866165375311806,-1.7799010598092575,0.34797868103287755,-0.4720466287042924,-1.735578191264964,0.327080769669316,-0.45066598275476827,0
-1.776279155027964,-2.7439496191728736,-1.1023758287974916,-1.6616118949358438,-2.660821135202895,0.8899923629717659,-1.6160469221627267,-2.616499955341071,0.8486383778950753,-1.5750138195194172,-2.591569003510568,0.6167000159778698,-1.6049770840023743,-2.5890033851948346,0.44771618522435447,-1.7853033325202523,-2.583216852288951,1.1822827105999512,-1.8216435549999344,-2.5494809227614685,0.6708345201881261,-1.894084005145483,-2.4969712550903225,0.3761554717094892,-1.9648396235932581,-2.470393821123583,0.16505092327271773,-1.770499274936168,-2.600065984656889,0.6149650358579491,-1.6439681172183187,-2.5093512118312433,-0.2847425156122131,-1.7302558510960397,-2.365205028275801,-0.49553927873734527,-1.855886023205009,-2.2833720557366366,-0.43820321033506504,-1.754768739787534,-2.6332312751052185,-0.06919775273111076,-1.617450216122343,-2.5577610728506457,-0.8230548186498359,-1.6654930923654485,-2.4320180256396258,-0.7386311075325868,-1.7573375003052523,-2.3541072049369127,-0.4777976276875018,-1.735565269811918,-2.6776229058378904,-0.4828442320677061,-1.6285999651450218,-2.623382169140569,-0.8734893011909025,-1.6426576571238656,-2.532548647325935,-0.8171047029265136,-1.6971037699973812,-2.4685917286818695,-0.6982752014524753,0
-1.6181295997466076,-2.6700406650893,0.38696676717236106,-1.5321893372652629,-2.561253752607705,0.26822887247968946,-1.423666254170756,-2.489966207719139,0.2807827933094638,-1.283054660971528,-2.4449396375156294,0.07104230647327163,-1.135409059826799,-2.415486324167727,-0.1258545277008077,-1.6072331987736248,-2.525011091484369,1.6975427474720421,-1.659701308071149,-2.4802720511686998,1.2940204792471042,-1.6842491215113669,-2.4697326200785237,0.8513195053307466,-1.6780318206066773,-2.4642427610703748,0.49512879470779614,-1.627915749162651,-2.5626803404601097,1.1084602725438646,-1.720412715623176,-2.5449391761474973,0.683287412574099,-1.7199391451257684,-2.5696091207091722,0.2348548018922707,-1.6747253618927174,-2.586740846187759,-0.07158581643187059,-1.6578017896590904,-2.611276767060131,0.18481194841693108,-1.75385076987504,-2.6108711113721936,-0.10979377579905515,-1.7308980917337808,-2.646627333145408,-0.4929635787012823,-1.6606414389951245,-2.666899821598002,-0.7110783667302729,-1.6926725753130827,-2.6644801987301374,-0.5203345462549054,-1.8001374333375926,-2.6726230498342822,-0.6885565831420052,-1.7900243153251834,-2.702167255384715,-0.8886042141039401,-1.7240750036967702,-2.719182500422184,-1.0329458728301169,0
-1.7248298026345,-2.502832014967528,1.1032231277807456,-1.675306611084184,-2.389735314095507,-1.3861708504134518,-1.5556792310341951,-2.2984227783302837,-1.772120553992971,-1.362605013842605,-2.2250240449163665,-2.1320755572099106,-1.179876654759741,-2.1553185095752943,-2.415502005015951,-1.6662633097858253,-2.371715162064406,-0.929384985323012,-1.62416546791885,-2.350464149956935,-1.2807092853361173,-1.6141577576242192,-2.3422300922659276,-1.5604976643076056,-1.5866577743198704,-2.3354167365771303,-1.744032407406135,-1.7247900090017625,-2.415584817057293,-1.3576135620205458,-1.8192392270937459,-2.434868986045138,-1.4015219135040515,-1.876750084265592,-2.4687130085243894,-1.6394360811531095,-1.8911318126973946,-2.494006992463437,-1.8045923807965416,-1.7820782970262974,-2.452547509751016,-1.6715804998374295,-1.912325255842884,-2.472446888200239,-1.6950108442489926,-1.9698437632534225,-2.521500033937181,-2.048152237499762,-1.979645076687472,-2.5610514580099752,-2.2512014155691613,-1.8349147347706387,-2.4754928983719564,-1.7931823598899188,-2.0046259275960763,-2.4827714411448993,-1.902938807940395,-2.0956884603155417,-2.520535594121436,-2.130866093131961,-2.1370080083811027,-2.5609976835842043,-2.2827593760714624,0
-1.914735518847673,-2.4511218878535765,1.808302126442145,-1.8694832800192207,-2.3722272739528405,-1.336668733028629,-1.7237410439902403,-2.3077534693719866,-1.6425825548129798,-1.528858776906557,-2.238315091505852,-2.0070315571848627,-1.3482849485038664,-2.1659334176733513,-2.2673901002210144,-1.8595810933148842,-2.3993530396570124,-0.22074599822083318,-1.8374460551971867,-2.3837576130520657,-0.6602023581770589,-1.8254521633183658,-2.389435213923385,-1.159423956305854,-1.7940757761182935,-2.4000470203009296,-1.538399733125417,-1.9122718695776482,-2.4356103470207144,-0.7139919442759161,-2.0802439036132,-2.4497598825916467,-0.9999280133833374,-2.185322899766469,-2.4954385640292056,-1.5772534484230596,-2.2421230753693937,-2.5329901762293447,-1.9493178498354253,-1.9570055871178829,-2.464884105743994,-1.2097727704224734,-2.115308320159249,-2.490813706240875,-1.4115718665821073,-2.1929459518193464,-2.549859180621128,-1.934231822143302,-2.2257116761731943,-2.5985632268747216,-2.227881593361804,-1.9922347102055842,-2.4786198208339303,-1.5215702737887296,-2.172683905904373,-2.48700687378562,-1.7562564994636052,-2.2922537206989233,-2.5279531831277233,-2.0619959071182934,-2.3701885404961143,-2.5689801527152345,-2.2360292480864947,0
-1.9589311430251564,-2.37479109159286,1.4924927204713776,-1.912540859755677,-2.3023759136154824,-1.5467490709387446,-1.770843008129909,-2.254375037671096,-1.8817804473298256,-1.5587295202743345,-2.1809146203154897,-2.304940568439584,-1.3535858536399823,-2.103457086362735,-2.6070396631607946,-1.8748141125889757,-2.34774626383491,-0.47756968294875835,-1.849109423856001,-2.342091793775808,-1.059259125823609,-1.834518040729709,-2.3498308508779084,-1.5649337541907347,-1.7875181852564408,-2.355634918042835,-1.8938812370970872,-1.9450320919851336,-2.387989164481335,-0.9576011550095885,-2.0945520888032503,-2.4107357786323766,-1.250996147150098,-2.192359934510889,-2.455925510953864,-1.6874024237637746,-2.233951838537547,-2.493069935717464,-1.9436743998197745,-2.0031990105606132,-2.4163506247067525,-1.4435093427835737,-2.1477612612130175,-2.4494232888039544,-1.6657123724848013,-2.2239486329271356,-2.5015729590623144,-2.099322278528571,-2.2527005362925094,-2.5447824565784627,-2.32658505615769,-2.0513508963593465,-2.4256355861326164,-1.7394204345201019,-2.2401172497229167,-2.4334220165193656,-1.9967358374707158,-2.3787352111294853,-2.4675624936321103,-2.25785268082085,-2.4782719078070277,-2.499819392696685,-2.3934500690807083,0
-2.1561407606950524,-2.1964326136932133,1.814598449341988,-2.1435009424417397,-2.1369192408778606,-2.344104938388726,-2.043094797922694,-2.102528688021471,-2.6016519525260526,-1.8576583110942904,-2.056671714657307,-2.900644028887982,-1.6808631863088144,-1.988841908434267,-3.1589342341751765,-2.1771792816564193,-2.2296071912940367,-1.5090022276646435,-2.200710319340762,-2.2501248750233738,-1.8438574100430023,-2.232158276847561,-2.2657001016637257,-2.2322394406513166,-2.243348474966287,-2.2828269114124744,-2.5355163637544327,-2.2424148196841127,-2.2524194526367465,-1.9363906758642333,-2.4583738330147007,-2.3072151986074987,-1.9756384801842215,-2.605671369105769,-2.3594935167034197,-2.5102635922698067,-2.6922608837298183,-2.3942283761629755,-2.8785675535515582,-2.296911671818955,-2.2541447308661224,-2.1533315729059392,-2.5161276770319687,-2.302374317290206,-2.290017079229311,-2.6534158218113837,-2.357819878639812,-2.9173806413363126,-2.7253990897305833,-2.398916712564645,-3.2869225915916105,-2.3382615738357724,-2.2283987951864375,-2.188745454926498,-2.554377821042555,-2.2372495732178734,-2.4837459723472026,-2.7150636831971218,-2.259952317568617,-2.851991969289292,-2.8184678105846457,-2.2801495275950243,-3.070579261575955,0
0.441595503199901,0.04760804345449775,1.5846265580978753,0.35366824957028464,0.046550639196586065,-1.619626542146925,0.2672788171173969,0.09986284686351446,-1.6124856539922496,0.2244155365490879,0.15093913039245344,-1.4032446172939523,0.18116406184289016,0.18576486937846365,-1.2170721208885518,0.3296669925175745,0.14225206491753056,-2.2922996545203738,0.27643925255141727,0.21282276055561195,-2.183917079766064,0.19307360275033925,0.2708130177154492,-1.9677833421679967,0.10302653987071714,0.3112592533413565,-1.7274155236643818,0.3857620908599764,0.17487477230416734,-1.7825325239614105,0.30827798603892187,0.2533629216658294,-1.5481379235115655,0.21342631873755769,0.28838796122945876,-1.221680089366439,0.1206986735638907,0.30329114750680236,-0.9599270124752025,0.40953929175105763,0.19659464656539025,-0.9721297586200417,0.3342705721571902,0.26723646411300467,-0.8289174242575211,0.2580248099957617,0.283837553221543,-0.6337851548581485,0.18712275855092925,0.28754221758018,-0.4754468816346669,0.40528133393794696,0.205685433541279,-0.3656514251138056,0.3425213725813858,0.25893966545765107,-0.3974929986255826,0.27507208782673775,0.2766215383671864,-0.397260863437777,0.21258588179522606,0.2867672443225213,-0.36416863138123423,0
0.43736617126314115,0.184988859246223,0.5049530585795161,0.37481625690068804,0.19412891226427006,-3.4755579432400108,0.31693279336987285,0.23456016130995258,-3.229322611627618,0.2229044882640533,0.26166570099576725,-2.755189704293135,0.09597938512940234,0.28359705258917267,-2.123407409389175,0.5007942850338896,0.3099339373452903,-2.6088951496478585,0.35638833825763816,0.35821344574114045,-2.1125903513785635,0.2590130214040375,0.287533828576942,-1.5519568074279106,0.29150514465366334,0.23112496029234533,-1.064814580125584,0.4734838273657324,0.3266506221145294,-1.1141586882281105,0.29439196537026874,0.34760932380347015,-0.8900905288387163,0.2042864728702513,0.2714862423315782,-0.7641344854550635,0.23142489740771519,0.21803061204207994,-0.6298352154668686,0.42354067593744954,0.336639045767218,0.43372661858013273,0.2622006854020207,0.33947957761644226,0.23000903097718628,0.19027750242435404,0.27847151113796786,0.02327376757745568,0.20098908416222233,0.22425913425223762,-0.05326839539652021,0.3697073122086892,0.3446062816641532,1.3680978665442491,0.24611757073830381,0.33845569493642624,0.8680297886550722,0.17954890561217032,0.2957480149263597,0.5003329945939513,0.174317476449151,0.25632154183887057,0.3203778217438565,0
0.40129977890561513,0.2064096878661141,-1.3224088391246283,0.31419424165623083,0.24147708890170722,-2.2888450367833117,0.20180759509634794,0.26722043117547334,-2.2672488829528756,0.08718969693602223,0.2981913404698201,-2.092559479460319,0.02419618231903231,0.32732177792327144,-1.69518250349066,0.41105340697036835,0.3593198982863797,-1.0217739730562552,0.17650872176215565,0.3251190617050592,-1.0180725790673122,0.1678188812928036,0.23352403351873893,-1.0348934816817537,0.279489484648764,0.18070281566869634,-1.003755837691479,0.400454882554927,0.37166212500646306,-0.24248255738048424,0.16912644536957352,0.32573705028732747,-0.33504280858223645,0.1630997468887533,0.2474625370424676,-0.3932754066858721,0.2652827495434966,0.2084495217508533,-0.44531890584060246,0.3670807917032554,0.37391919779622074,0.4205218666883231,0.16394405744773816,0.32799440684247355,0.1466428831147947,0.1607096407112738,0.26229370997532503,0.15516282643659873,0.24090740569723912,0.22381240946659492,0.16330442677441698,0.3330916985698333,0.37155480871128593,0.7480954200967651,0.17426106618441797,0.3387556366563268,0.45840253535703196,0.17419251162601374,0.28455169914431744,0.3936755539968356,0.24059562111121408,0.25300498268229116,0.37089995565082434,0
0.4928616649236744,-2.3931895522237117,-0.5658765317429124,0.49043152313789384,-2.343557711546276,-0.6506237281615559,0.4049937379204883,-2.313131769846988,-1.0692924620009925,0.24489782722979458,-2.2673007249194566,-1.4944583754213876,0.10482951688470281,-2.22656883428076,-1.8802050197436693,0.4734139536991782,-2.3561728050699386,-0.2623600587687235,0.5286043709170242,-2.3548821089438383,-0.7102196501260284,0.549661662292953,-2.352175114555198,-1.2290833230009768,0.529525056595288,-2.354678177292577,-1.5670344464216925,0.454085501075667,-2.377663696140401,-0.8180921589018263,0.5593665169950857,-2.397612939391272,-0.9553038062936204,0.6251131170197339,-2.4286609800986754,-1.3908321752682378,0.6449690782288364,-2.4552033829769893,-1.7203612045464227,0.4428274540652924,-2.398334851460105,-1.328904554842324,0.5492502021510353,-2.4327477290537014,-1.3282450041188878,0.6328714880207114,-2.483013004501457,-1.7080730708157266,0.6750570774622524,-2.5212048619755487,-1.9909299464885928,0.4318905754807578,-2.4193417480223256,-1.5974246655528423,0.48370528058076934,-2.4524095379161888,-1.5573737431228556,0.5376629263385566,-2.4927671839953343,-1.6822974261287553,0.5665709483989118,-2.5257890168296995,-1.8345902797346756,0
0.7605106231985752,-2.5657750156260555,1.481407514539752,0.7279232148914969,-2.5536361793410527,0.13560832112433688,0.623285740186763,-2.5281414865343463,0.1544036531120521,0.4483738849464865,-2.4785754416653645,-0.07946980256068552,0.28025423825580376,-2.4165993157371264,-0.3272302419357026,0.6712574411413281,-2.54168158227232,1.838568737106973,0.7504171527437478,-2.520992478721697,1.4679947988128963,0.8245788592114689,-2.5281993804350247,0.9210931236023685,0.8660361159986374,-2.5397351972231714,0.4736912815019281,0.669617535171184,-2.5730562790206406,1.3098014592430864,0.8098516988695512,-2.554776338072114,1.0620232199387236,0.9430091350255257,-2.584519487484023,0.5712057662920772,1.0255265644171665,-2.6178490467290145,0.19528715250763973,0.6940418696121611,-2.6092082940341084,0.3784883981947435,0.8262005670850908,-2.6015136816891906,0.30707328803359807,0.9505690472230199,-2.6346895019779093,-0.0476293400204731,1.0319664795510983,-2.6658391639433265,-0.3210784260499574,0.7193654171486246,-2.637792415790382,-0.38337521972705313,0.8205744351212048,-2.6489819931795577,-0.2669485160443261,0.9285949394661474,-2.680207925771099,-0.33332408221388615,1.0131831325949976,-2.71268058635786,-0.4486304818628447,0
0.5990508008477171,-2.5928020558970672,-0.24722859130840677,0.5504175552979748,-2.504157402513702,0.19308361052105652,0.39214142406723945,-2.4485067741635462,0.3147780009206982,0.2023141171007857,-2.386227879051428,0.17582612024208755,0.03126441559530826,-2.3117930933177337,-0.016365147644133334,0.3907356210251118,-2.4816581018041237,1.7038580743175573,0.36835370572195403,-2.436994458401842,1.294087590927175,0.3604290136636186,-2.418110113797838,0.8231376726369009,0.31982189118522386,-2.4118684009824447,0.43570368165768963,0.3916799182506582,-2.533172974444301,1.1706605938354095,0.40786385414062953,-2.5045272321822076,0.7916281706895926,0.42809737494455063,-2.5184635958907626,0.3959579024879655,0.4123489727928424,-2.535998847892327,0.08846937328884846,0.4247299285406129,-2.592652152359157,0.24478798204915656,0.4662306998712758,-2.5884541883353407,0.038969328718083236,0.5103138127937423,-2.6208478830539854,-0.27336656731048614,0.5215786793986269,-2.650751034308244,-0.4826222917319426,0.4728309451005229,-2.6559250254544082,-0.4909760818436953,0.5121189411894139,-2.671968827177064,-0.5214172919868657,0.5567221445098824,-2.7120474404983144,-0.6792469474374855,0.5751671628415359,-2.7532289502021907,-0.8359943349384924,0
0.7112747274955749,-2.5119812755603763,0.3055097852832632,0.6873324242693352,-2.4267727542104094,-0.5383646700100851,0.56828797982334,-2.3816219653434585,-0.7299992957874213,0.38598754409441377,-2.329758442672666,-1.0036795650076906,0.20697838517499706,-2.267584756854867,-1.2545485076628364,0.5607616352773085,-2.438295138915653,0.26400594949233963,0.5640751502334119,-2.4252696183481546,-0.26086028483749013,0.5582639023547422,-2.427678303889047,-0.7680472589368548,0.5201114174461197,-2.4332791028769245,-1.1314245434642471,0.5737840250035546,-2.479720224743048,-0.39376243596684896,0.6313916508149254,-2.485246872190431,-0.7749119354700982,0.6661348220273845,-2.523852003638303,-1.310700086633874,0.6544124656605609,-2.5615298286451678,-1.6469885484140132,0.6113085430382237,-2.5206993082883993,-1.0886581637377744,0.6853403157023341,-2.5392746176144474,-1.322998790559616,0.7497121171438189,-2.5913491321933924,-1.7100261636938139,0.7701198323509191,-2.6365028978515577,-1.9415409068864686,0.6562823572450205,-2.5556107181977112,-1.5042475770730939,0.7338270574475872,-2.575558412196125,-1.609936131499358,0.8008083285288193,-2.6202488164086373,-1.7590766179431196,0.8389635988746755,-2.660743706874658,-1.8847738872176707,0
0.7666177567346247,0.07081889067745237,0.3931428350848717,0.7322701458179957,0.07693598590129574,-0.3750222479008992,0.6294188572535367,0.07804381414966795,-0.761633417989417,0.481680340577212,0.06641189884493551,-1.0540312227654476,0.39376149515497383,0.07154452181235364,-1.3086922862224735,0.5839806953612087,0.1343978218915123,-1.9062264757358622,0.5510173433601239,0.20176586098410304,-2.273836890282976,0.5408660667445785,0.2877632152068072,-2.3891567942898257,0.5058685489152491,0.36690278366159595,-2.4306489378699543,0.6165278109986354,0.17051108155615236,-2.4978448525919275,0.6189281312599036,0.24510923826233064,-2.8368742685366364,0.6269476484307517,0.34426155570583145,-3.14836337949428,0.5987315667093644,0.4375548087079066,-3.304742173966501,0.6602829939477882,0.19808534005525502,-2.524364014249771,0.6933941651377763,0.2688511803266567,-2.65009854590704,0.7311941877509412,0.3612292098059287,-2.8301613164446295,0.7341926074528617,0.44871851248822403,-2.901291606214781,0.6945105150567372,0.21168555825079122,-2.264695947598402,0.7181331947259424,0.27450274013309917,-2.4010659369166523,0.7470247024622914,0.3468059909917792,-2.596991742270306,0.7538170921254059,0.4215196666338218,-2.7107884602096886,0
0.9146708224310677,0.26144680266581044,2.502746363994656,0.8765477075348579,0.27187003781001107,-0.9812548568035255,0.7741164147171105,0.2968187913620898,-0.9603437602074832,0.6202852455783389,0.29529024767129125,-0.8902342392890517,0.4528436796121273,0.2631972640041351,-0.7948659879559838,0.7591610820363686,0.35060877906869015,-0.1116213673275146,0.7350637665257395,0.3783647605551134,-0.1380904226005622,0.7134389571587788,0.4361328562012863,-0.2987477774561713,0.6563232011349089,0.4944832210111817,-0.4111141477898503,0.7624075912521773,0.38440305155357607,0.14506753347531318,0.769653004314555,0.4087042765586601,0.05894409117165548,0.7640096301477601,0.477488970766156,-0.17635412361300695,0.7117244040333512,0.5407340107227461,-0.2885703548896283,0.7675549815412581,0.41348177400060415,0.30348164991333665,0.7656483888546393,0.4361243051816074,0.15994649069241165,0.7521504653187743,0.49964805487556524,-0.11569507575454527,0.7065463794239808,0.5598819598917211,-0.23318139432232463,0.7609951531734388,0.42947870363262425,0.3264041830628683,0.7317911310553348,0.4601335770102223,0.1944974610008547,0.7234779615873561,0.5088191995091149,0.050856356052936105,0.6964022663931569,0.5635505689797264,-0.0003463661621488326,0
0.3431688288165841,-2.3582411550409708,-0.635303345194177,0.2991127415185454,-2.3110011093889535,-0.4597153144785658,0.17661406047874795,-2.2833798939967016,-0.8354353560629035,-0.011685238369868161,-2.232651887071893,-1.2890500687517046,-0.18224177514823434,-2.180565754389934,-1.6892852250122004,0.25048224789554224,-2.323099460684644,0.2091119827303947,0.2537776894516981,-2.3144833377847136,-0.290845760600954,0.24804269640439255,-2.314624716617498,-0.8202022679482924,0.22119316809957007,-2.3206207177761593,-1.1941913446233832,0.25220140510112843,-2.354667740718729,-0.4333764550002475,0.2857310736341769,-2.3679069398207124,-0.5997822256192464,0.3095341478923502,-2.4031574323766733,-0.996527659510378,0.3135994102703355,-2.436636613774426,-1.3418636600192675,0.26945842778761614,-2.386064279454624,-1.133033108391556,0.3308620141564225,-2.417036342185962,-1.1552350835588845,0.38408527641935697,-2.468568828247644,-1.508334118267529,0.41075196621986393,-2.5087549810078107,-1.7782935924940386,0.2917251888856779,-2.415016606762349,-1.5741177275655358,0.3363456238123405,-2.447735759954771,-1.5256208942943223,0.37966740523199066,-2.4896600321973734,-1.6502654751620287,0.3962079990251778,-2.5234809669619236,-1.8040094451108284,0
0.5931762533423998,-2.5176852927183204,1.3016888582972543,0.5450552042706099,-2.5029833578542897,0.2519339506583652,0.45645035331083356,-2.4881954503082846,0.2576446901963331,0.29255612386212126,-2.4501827713841213,0.003310098994584925,0.11318101926549731,-2.394006259659753,-0.26588311915707125,0.5446680761035978,-2.499278233282175,1.617689010251903,0.6414761817092834,-2.490143766326344,1.0806531387230742,0.6995963675922791,-2.509935467102447,0.45589862639012174,0.7201344586401921,-2.525178926259086,-0.005102783539700944,0.5392012595002281,-2.5251125794682268,1.1069159888129987,0.686474454683411,-2.5226217016029056,0.7427348989692212,0.8002389716692906,-2.5571722537944566,0.2786155049964635,0.867987403959835,-2.5869253262063885,-0.06037750791147945,0.5588793366962715,-2.5586834376018146,0.26051698325555495,0.6877006667072905,-2.5725881736083904,0.1718108962800311,0.7810798390706517,-2.60968384704294,-0.031515053769650365,0.8442461088666666,-2.63470100331239,-0.20675423762754835,0.578966219190782,-2.587820212730777,-0.43245266134468785,0.6802195980789147,-2.609694738987099,-0.32784713462475606,0.7666952571515456,-2.6434460664502093,-0.32974131149185676,0.8369514679112383,-2.669460169684595,-0.3886616960168262,0
0.4599215710862583,-2.558973087196969,-0.4861540961639307,0.3912136769040717,-2.4606465207730692,0.5526412452890405,0.22102982590311865,-2.4040996297756307,0.679708891941328,0.037098550210665215,-2.3500409366718475,0.4844214299589204,-0.14381277621174307,-2.2709658133825084,0.2253972259240061,0.21393789815530467,-2.439188970625476,2.2774616741163265,0.1551561438386983,-2.3935105541390898,1.8445726055345053,0.11593411951347277,-2.3780262505131673,1.3108095129167567,0.059039171482785,-2.370592150680763,0.8696559617596799,0.20963819081561075,-2.4945144959289083,1.6224621355724547,0.1619258202634041,-2.469976320703732,1.2585168872820363,0.13598805543102924,-2.4891709493005165,0.8637600368564682,0.08490201980465334,-2.508799007351789,0.5417574200235994,0.2379479097642174,-2.5607543482223116,0.490512516964717,0.22210488254785768,-2.5592364696204335,0.29177641373717206,0.22935065357656553,-2.595461306159183,0.013553137372047996,0.21530039728152933,-2.6262017505543116,-0.1745949222543555,0.28582635447223337,-2.6315795674660554,-0.4193577513179335,0.28371977181136115,-2.6470117257876464,-0.4279580736015666,0.2928238851003673,-2.683628249649721,-0.5356615979103233,0.28333570946522935,-2.7190339908988053,-0.6574348626804037,0
0.6657563188857831,-2.508771120998236,0.5480045593621635,0.6500955698283907,-2.436056201655958,-0.6397749346817453,0.5377210611089496,-2.4020027828856416,-0.9426072878221594,0.3491352172473622,-2.3573068718786643,-1.2845233985969426,0.16621705273567597,-2.304446847671565,-1.596406952288062,0.5840330105122417,-2.4654086716703074,-0.5203520639795691,0.6216073792675235,-2.463668745416508,-1.117172977533096,0.6421489971639289,-2.4739091970832034,-1.6565195293473136,0.6278667124341605,-2.487113508339087,-2.0134684248518266,0.5955617939573631,-2.492368417390739,-1.2567741724377082,0.7262793088542285,-2.510522543547637,-1.5150962630111897,0.8315061035561796,-2.555255896993133,-1.9264208794107525,0.8878345572903319,-2.5959597596860102,-2.196438418473101,0.6318009396307414,-2.514003166619714,-1.8399522791349072,0.7782838496834437,-2.542448347992635,-1.9536178767317416,0.8968978203450362,-2.6039301801894816,-2.2027719328285706,0.9794083062388599,-2.6495514025805065,-2.359754683186341,0.6642289266581456,-2.5220228921833447,-2.093852195854755,0.7730700128647114,-2.543205797117465,-2.089668173048723,0.8627145846155221,-2.5692634877892924,-2.103829484435149,0.9329152850912478,-2.587388819461466,-2.157803564812918,0
0.823694679828197,0.12168877957369248,0.8099173379577356,0.8277940874799395,0.07126143671413548,-2.308554073171381,0.750583439305331,0.08231284015170033,-2.2866634047333023,0.6154829387522418,0.08631566917467207,-2.10154329920293,0.4945677337009274,0.08072416283976197,-1.9076848880453523,0.7258788923071547,0.19026144988488264,-2.6049281066894787,0.6551069123614992,0.22997710317716757,-2.691370329233439,0.5987614813380804,0.29441325204648267,-2.7107854780412635,0.5360777727303075,0.35599923208784023,-2.6563376903444835,0.6959949580358635,0.2355076972031311,-2.1167749278915675,0.6135456460094628,0.27789627888717905,-2.2064240729526596,0.5492468956219629,0.3465442028712482,-2.253071392066202,0.4744888680521705,0.4145649402799608,-2.2136694150524656,0.6687706414583077,0.2689769947826626,-1.3084411566163237,0.5853634887373397,0.3111857667924253,-1.4821089248652826,0.5290033691734057,0.37367291343004594,-1.6256002625320074,0.4632292327124635,0.4377125188086873,-1.6418710963608343,0.6416834774461927,0.29129407416587444,-0.6823022468573181,0.5684602007874348,0.33040273051764424,-0.9340072702564546,0.5298513127433845,0.38556595308655744,-1.1325949668491633,0.4843137201561858,0.44068943646243114,-1.2255377942702192,0
0.7849943868015761,0.26635379385724045,2.614333948891447,0.768850385847426,0.2787649059393309,-1.2195112701140896,0.7227189992984523,0.31452606534225774,-1.1321438635428758,0.6225175232373859,0.3325886224121747,-0.98822886379479,0.4846005426326103,0.33598799436989235,-0.8275706520904346,0.7201526000127292,0.37340999222002674,-0.2133239060839333,0.6622869096858907,0.4057749480188741,-0.20774979095284618,0.6016462204524567,0.4548287125344637,-0.2911766884926378,0.5162138025256701,0.4991533288259221,-0.3202756160286824,0.6988668689984149,0.4011408365209026,0.26134129639101344,0.6523721934725492,0.43154005882689944,0.15645060496658103,0.6005249919164609,0.49157267622164086,-0.03272633310027719,0.5211554421853132,0.5431178365708249,-0.09586734083803682,0.6763636218728695,0.4202797374727925,0.6008791673582164,0.649328414444961,0.4459103704943017,0.447544149382265,0.6105439730765905,0.5053204027316226,0.2103385419912448,0.5446959643190853,0.5614610567182738,0.10933562679899404,0.6521235319086526,0.426385897222083,0.7192267872385959,0.6257656801830286,0.4593967695027716,0.5653772885686713,0.6003031153646835,0.5066147435520288,0.4443234597452591,0.5567925648852231,0.553980949554755,0.4094353154901554,0
0.8034348030040459,0.3269071392417798,1.897956579683454,0.7744432695301994,0.31033619640473087,-1.7926435244378802,0.7226440126676488,0.33972034175821736,-1.7379430657729906,0.6459387716554226,0.3689285830523273,-1.5294606753279116,0.5240160074745095,0.3805567306155733,-1.2939951833296979,0.7387448726713719,0.3983848182874174,-1.5368110258785515,0.6660419880809977,0.43543791486302136,-1.5039609901014859,0.5918121188229069,0.4674302326202309,-1.417916777654092,0.5087316384746566,0.49205210213557277,-1.3021236848339957,0.7383866291972963,0.42727182691108134,-0.9776252498312651,0.6662321379513823,0.47113989363194303,-1.0508295302602102,0.5822018736097831,0.5167877427550879,-0.9733656677930833,0.4858600297971864,0.5496241791319885,-0.8445858981494054,0.7263519768694036,0.4464817887135384,-0.33926847868293963,0.6753165744626135,0.4853108868994444,-0.500616141769031,0.6081118497146273,0.5381492487400747,-0.5959142090285555,0.5180353284567144,0.5841117601332246,-0.5971531017674654,0.708449443428412,0.45446512768812325,0.07437566915037845,0.672314576427009,0.48935408766714966,-0.13102277652569844,0.6373025508131458,0.5286219529318361,-0.2588981391035332,0.58238825260563,0.567192440977948,-0.29869008751481135,0
0.2973353789277069,-1.532249998767036,-0.42094631374818986,0.28215020255443235,-1.5070946870182063,-0.6012208929434154,0.22669723652595464,-1.5143156400643403,-0.8634198366762248,0.10678863751887509,-1.5277330347001716,-1.147151411087861,0.008037136875086138,-1.5345277729916933,-1.422686087724713,0.32660345274098107,-1.5723230397941679,-0.19348878954449353,0.35348876130191287,-1.6031721763890348,-0.3966828825287522,0.3714014177545172,-1.6119537659709036,-0.7065436765171879,0.3684283340647617,-1.6129102152186627,-0.9101341233367687,0.3535185497759901,-1.600405354166895,-0.4881237492648265,0.4949439412762278,-1.6360788659140904,-0.5031294732946925,0.5875607126026193,-1.6621247436673623,-0.7620770559068064,0.6416448454556306,-1.6775015793736945,-0.9537766501708499,0.37175051752118154,-1.6214349086040976,-0.7819193419144356,0.5068661072860323,-1.6696083015603271,-0.816540885935605,0.6137915469405354,-1.7077088305090973,-1.1670508672250637,0.6861238432349042,-1.7327188003944598,-1.3765588499766623,0.37818033430313186,-1.6402727579196272,-0.9370173400375852,0.4784249916729127,-1.688767401511912,-0.945601256490606,0.5702546501765978,-1.7222716821177917,-1.0680276250598386,0.6367857244936292,-1.74523822743852,-1.1765285394710885,0
0.4031223510461022,-1.704126994643589,0.445460752402559,0.3909903203624502,-1.6948654799576683,0.6436626414815432,0.31158506259414664,-1.679809577233469,0.7101019798633856,0.18996072579115253,-1.6785904161483265,0.5403222487451669,0.07792295777986857,-1.675388814459509,0.3241712451237477,0.34794094078264354,-1.6882349446570077,2.0772571718058352,0.3531760808666337,-1.6948288485402077,1.7990619229756786,0.3635829950953369,-1.7015571629056119,1.3507002268947417,0.3627963996647012,-1.7108935215092966,1.0019016363076083,0.35935840301936056,-1.7248739428864477,1.7257458377684969,0.44557092379937263,-1.7304256179256525,1.4713118157583056,0.5281888683101171,-1.7554031418205323,1.06946079957187,0.5862576739479051,-1.772125899053858,0.7628538442310531,0.3807836937487485,-1.7650395886507158,0.9352847759447881,0.4763072285136632,-1.774724114424169,0.7574774121891582,0.5670174128579397,-1.8126210869465282,0.41460488332960577,0.6388163386380944,-1.84059053864712,0.20380114849698452,0.4056471355861404,-1.80415623486885,0.2599985524633892,0.4982294340397847,-1.8295381208420303,0.2540984467110465,0.5769423261089297,-1.8588442450755838,0.14817399213914073,0.6408816074975103,-1.8845621374087866,0.04965320513153187,0
0.3106939070406325,-1.7512055864389633,0.9860448163914302,0.25932298459786185,-1.725251322458265,-0.027237980875121685,0.17187016941422925,-1.7095728579619947,-0.008476536798145038,0.045756420405041756,-1.7041322353215012,-0.14331595722154294,-0.06613452222485461,-1.6949043571645315,-0.30799894345485695,0.2406576398710401,-1.7582588888994775,0.9926925610108628,0.22708526769718468,-1.764360748195906,0.7294351652542916,0.22009867041031927,-1.770648464163826,0.36299501378370236,0.20481733576148284,-1.7792672592296788,0.07016634402292504,0.2618102823913796,-1.798707770886736,0.610673950342076,0.3558580406709092,-1.8106763993533634,0.35861105939764754,0.42455473169897134,-1.8410514694535205,-0.026573849909716292,0.462725735554946,-1.865469033470042,-0.2977743729059912,0.28617264835121103,-1.8407007103736808,-0.012276217419171738,0.39116366169802713,-1.8639328113954892,-0.22708251021537157,0.4587741397360971,-1.9021875759443385,-0.6515837946921021,0.499320110041154,-1.9308994676305233,-0.8945819511175395,0.30967662193444323,-1.879272326196134,-0.4755973961653441,0.42865623358031557,-1.916632991617323,-0.6503683037770444,0.5258171499608767,-1.9600611436714133,-0.9104001984527126,0.6001106774607282,-1.9964527786567408,-1.0807964275953246,0
0.0950889901909507,-1.800564291340684,0.852800244908546,0.03139346446548809,-1.753639768597141,-0.06562303942346817,-0.05730673431289616,-1.7368108585456172,-0.1321412623599505,-0.17201951654278944,-1.7327668023171179,-0.32939444559780545,-0.2746673706356625,-1.7314001118915983,-0.5379979996026304,0.05652515548691151,-1.806214172627687,0.8236845724260929,0.04161139037051213,-1.8090761618774953,0.6111275145697224,0.02003707498658515,-1.8107270701679912,0.3298319728013541,-0.011687698488354468,-1.8159387282640718,0.08926598865792147,0.08388066525138288,-1.8393100367349209,0.37214124419864075,0.18751285672958254,-1.8564829300963615,0.16157703297142614,0.2590579956286548,-1.8842280990478886,-0.10907285266585788,0.30269440300045247,-1.9089950528358657,-0.30628614695927875,0.1062035039239994,-1.8728004866241785,-0.27631131352973803,0.21356589174504959,-1.9043394380226661,-0.46733441172893264,0.2863530446643898,-1.9470144519426271,-0.7802514080758032,0.33596188602480637,-1.9812434687051015,-0.9504163121802975,0.12030525693083222,-1.9104551139292592,-0.7359926772164296,0.20826878230717863,-1.9549519586162551,-0.8649767634104224,0.27667160086960846,-1.9998257199475475,-1.0725701718924483,0.32650468168037927,-2.039203123537794,-1.220574490455735,0
0.022263892541611985,-1.7100095513085343,-0.5069233813193651,-0.03590592465780874,-1.6534673497550327,-0.21363218125415873,-0.13528000368804594,-1.6547940272646555,-0.37074673030645655,-0.2506979509055141,-1.6675610100259517,-0.6203788983164961,-0.36374610532148255,-1.6727176083093638,-0.848756386564719,-0.07093494647140196,-1.7328045291215057,0.39645287467125606,-0.11192052969506594,-1.7436451786107467,-0.061011427961737176,-0.16810612982586032,-1.745820443335005,-0.4874480611669901,-0.243057399758317,-1.742870718421279,-0.7530468073565558,-0.05528595130890149,-1.7721791736446115,-0.10215778029754959,-0.04539877156409192,-1.8084925711506539,-0.3961469018316484,-0.059718134237656866,-1.8481743122350474,-0.7375342668812721,-0.09349579907007624,-1.8745710571337708,-0.9513016976386254,-0.02892006265495818,-1.8068855640682697,-0.695330986527335,-0.008248450051219696,-1.8565707500354593,-0.8198503210448036,-0.001338248138385949,-1.9024396268958486,-1.1323756713893345,-0.008752651794831869,-1.931322099394019,-1.3074004124441658,-0.0009470531073450639,-1.838854266002314,-1.0850587561435996,0.02758426671525396,-1.8910891208319116,-1.1419840005375863,0.04964771210273436,-1.940919303203863,-1.345056350103565,0.057029115541055865,-1.9756184124956353,-1.490682373726276,0
0.5668831415538365,0.7426676790566465,0.21143744156732952,0.5759995039345448,0.7217892699401435,-0.1444790995538523,0.6030432965345862,0.6874547791491601,-0.44373805105000513,0.6082789588953917,0.6690520116311535,-0.581801348220684,0.6098644440696449,0.6673769138464534,-0.6548987432228588,0.6126822059338721,0.6408611073525425,-1.3230853092128927,0.6419063600721054,0.663444975536418,-1.4199221385375247,0.6455472718179458,0.684292449180431,-1.2150248303021476,0.6524234196692005,0.6885725985534387,-0.9564912530011359,0.6133940710572175,0.6489504353953566,-1.3506484414004232,0.6287498630324672,0.6813772534020127,-1.2855650148749107,0.6205629773022437,0.7079695360300962,-1.0080240438710593,0.6095403356359943,0.7175920853650005,-0.7671423318497873,0.6133503790934584,0.6706474339603201,-1.0859612257775257,0.6320074432080217,0.701406278915423,-0.9480107727704796,0.6320453664107428,0.7281787194512463,-0.7055396984815135,0.6226993324077557,0.742176541618572,-0.5070649262898334,0.6079226251236503,0.6965305535614343,-0.7728615291887515,0.6270231176403553,0.7194578079156746,-0.6395354417221423,0.6212662806456816,0.7442358643509365,-0.5351159364893762,0.6067722802232637,0.7587774904806899,-0.4439544799131457,0
0.6042859312384461,0.8134760207457227,1.1775323125579966,0.6178963472659476,0.8142353709511438,0.4380198021411859,0.6585906299685035,0.793310957298403,0.44261442900227305,0.6986155360789682,0.7725040301955389,0.4923811268896375,0.7276197642113592,0.7608262557745109,0.4981658053280493,0.6708389199330642,0.7364787630495627,-0.04978242257088835,0.7292267413814445,0.7331766400856946,0.054152443868868604,0.7479061319610366,0.7604976365330228,0.1735089412898627,0.7416623356035319,0.7812529053828513,0.2571461901003164,0.6735285542442213,0.7295616342662222,-0.0482753789664428,0.7130362011414835,0.7314769591994238,0.02087556957948982,0.7240957852452375,0.7613733008904632,0.13240034292866693,0.7029637073490795,0.7833481286696945,0.21256714311770197,0.673122401966869,0.7336273534770826,0.021717096717272295,0.7093619354968298,0.7350508311504221,0.16262463011334985,0.7144627796868328,0.7622421471900743,0.22481962195800684,0.6909957209311144,0.7831984253896082,0.24718753293872736,0.6696842737125434,0.7419954958512102,0.08916738804922171,0.6993064080062816,0.7405489564422045,0.20674242653425293,0.7013883902591924,0.7640455050429295,0.24383104521926582,0.6795569890811651,0.7859684853593679,0.2619217887746077,0
0.6204681626676193,0.7834860071025428,0.7937424500376516,0.660347545387399,0.7759989311172043,-0.6295788160605941,0.7175528151025663,0.7584066275750928,-0.41972244233712985,0.76737342922509,0.7413547380348084,-0.18359529246314996,0.8096820712702026,0.735454480434623,0.013270448504712717,0.7592089637000259,0.7188729082873968,-0.14538524959402072,0.82844451614743,0.711502772618421,0.03806234705834227,0.8535561935585837,0.7368422913994506,0.13759136098244762,0.844798556099967,0.7604846305601832,0.1895574373571502,0.7374681758200186,0.708468365090652,0.3071197805075923,0.7964665208812348,0.7014914671095304,0.32365259799313645,0.8094000483051621,0.726582078058065,0.3668282514297561,0.7797318307829004,0.7484791036908807,0.3891615437573668,0.7118494855900668,0.7082412695754904,0.6495418783621164,0.7582640177482564,0.7005912022798509,0.5646888066647506,0.7642310488186899,0.7224168321703677,0.4984465150202734,0.7365205173088354,0.7441348525749597,0.45605385346753635,0.6827452781285539,0.7155420815841113,0.7904254384223314,0.7089659935521316,0.7075392268915378,0.6846815948805461,0.7097808969656129,0.7286666623709158,0.5837605807412404,0.6836334922642091,0.7512447610892689,0.5150667185961484,0
0.4242674549704984,0.8214252966839449,0.6286005930563695,0.40589241765545964,0.8159035588441772,0.6279886329472114,0.4224646362315185,0.7964644061315972,0.6454567588298974,0.44005272702470366,0.781840784732531,0.7002864213872447,0.41629371474709675,0.7723339844179872,0.7010892421020882,0.43403837892083275,0.7670732870232368,0.2712529065471832,0.45643151168818047,0.7539581744827776,0.5119803534328716,0.46124310900528126,0.7754258960277285,0.7072402617309435,0.44500487623446383,0.7947695188546734,0.795193117002086,0.45545866684884456,0.7596665047652529,0.3036074656653485,0.46481515188656514,0.7514364616442831,0.5217339147124225,0.45474681466851485,0.7673085750132548,0.7542452743689427,0.42730100289307277,0.7844586426623361,0.8898498016889804,0.46965889434990143,0.7548606121397635,0.3447966599771433,0.4740742375913314,0.7454067811688594,0.6011902356916878,0.4656018703295717,0.7574748051589065,0.7893728245822905,0.4434870493248958,0.7686650626863594,0.8673361769199078,0.4789153201437728,0.7514419151344257,0.3503852064962977,0.484155776715701,0.7439123387954926,0.5873930050742598,0.4700324870012101,0.7543577661264965,0.7419998713249643,0.4506779345910897,0.7658796277936925,0.8294126765060913,0
0.4301248891223839,0.8337139362176326,0.8157757044668297,0.41223072015786166,0.8229600564325209,-0.4725309996091693,0.41253088098243895,0.7918679400727446,-0.4232751765228671,0.4185415932888496,0.767999094774848,-0.3523541840099383,0.4163973260456954,0.7549680443707063,-0.29314770775284227,0.45673251409945265,0.7540111166332982,-0.5320579651363215,0.508531646452256,0.7471132964938381,-0.5373118894426283,0.5462384385438929,0.7865776152642532,-0.49350466492628187,0.555062125559902,0.8206663126228858,-0.4467431157710492,0.4904641343086483,0.7454697380626149,-0.4092333297878602,0.5985221639572802,0.7408268681247633,-0.5239054751179085,0.6608232697463524,0.7913190674234999,-0.5037597760303935,0.6798665049683013,0.8373694016232621,-0.4502025787814691,0.5089798249479422,0.7481036002547565,-0.2345660158677208,0.5930469884588342,0.7446459915188001,-0.36270556674522114,0.6297537459706043,0.7877439365368712,-0.3747158079715047,0.6275270791114356,0.8316961731576803,-0.3342471248223296,0.5105484890651738,0.7578198966152666,-0.1056606533973905,0.5579241236387089,0.7550357380043593,-0.22767319118835486,0.576566308896691,0.7880783662737135,-0.27696255792631785,0.5665262905508958,0.8232212800949521,-0.27406915082780303,0
0.331155254707458,-1.4022639906039407,-0.000906597290241954,0.328247763493923,-1.4104718361933923,-1.5147078230458366,0.2918902186800747,-1.4463610236525597,-1.9429769686062317,0.20138815835115306,-1.4875250893098102,-2.244151197204676,0.13878488214732573,-1.5103383780520105,-2.4967141425879418,0.42190481067107755,-1.496187158340792,-1.8559377019227632,0.4670626464876716,-1.572110855289842,-2.0225335331010443,0.499060739362723,-1.604808215336472,-2.225085914793,0.5092201944304996,-1.6226838485038573,-2.2877720070182623,0.45878529020729575,-1.504724486312993,-1.8731980056581117,0.6574849250351964,-1.5771120053170655,-1.8032819422504482,0.7943242725540207,-1.62488779248874,-1.9564355582959574,0.8704294519198861,-1.6557512277091322,-2.0347757396315864,0.4711107800639862,-1.512536420111879,-1.5977453590395407,0.6410491711790847,-1.5760090481540212,-1.561655125923817,0.7590769036611256,-1.6280912086474784,-1.8268662945952228,0.8234879932552241,-1.6630801785993174,-1.950312285147188,0.4661718466429981,-1.5223480459374286,-1.2776880901137695,0.5792800114667579,-1.5913499624695853,-1.2773506847589318,0.6664163211366733,-1.6370990746342868,-1.3454053888612743,0.7146765948416602,-1.6652050832394014,-1.386090155098159,0
0.09794458657495755,-1.705834145308144,-0.464741629846394,0.04973830234782945,-1.6788342504958176,-0.38337750362458467,-0.013399101978838935,-1.6835089595802806,-0.6129714177671332,-0.13012689796092497,-1.7150928457681422,-0.9208427088095542,-0.21817115150603344,-1.7404533755427487,-1.2835776971153414,0.11029005689175708,-1.7176447061411773,0.0197063636187189,0.09689950609428166,-1.7309054905006398,0.028981005822495114,0.11150045741516086,-1.7333461856945738,-0.1614933273773273,0.13102913733976226,-1.7398614329489133,-0.3494617735182309,0.15364454524108817,-1.7519239289554098,-0.34018128947773213,0.22511831916592337,-1.7840951798855016,-0.16007496387908884,0.3001356726625226,-1.8162789120205836,-0.38724130166936294,0.32309592928739767,-1.84482471401172,-0.5817754125221002,0.2002674619510121,-1.7805942272241784,-0.677662653213596,0.2773582110249035,-1.822236032688427,-0.6029534322009337,0.3586702542310913,-1.8669124572037965,-0.9671225360243266,0.4003453265438113,-1.9022107015089564,-1.1770555325004992,0.23800212579461014,-1.8059493343956143,-0.8753148231183933,0.3474768300656339,-1.8452607160913803,-0.8950646858813316,0.45409412941198746,-1.890484095217644,-1.0568592431930328,0.5226377371620544,-1.9288414000059393,-1.17838009648016,0
0.04813617141169322,-1.703605780206317,-0.5426562841509514,-0.025850395213720585,-1.648660773899972,-0.02837202161225136,-0.12019190423741778,-1.6266772507998495,0.16083580643032508,-0.2246993986725627,-1.6302579099255228,0.11490129813729802,-0.30435524553725396,-1.639762135050589,0.0061233221296997375,0.036098305752213275,-1.6303732595362148,1.4015457416862784,0.02893618005467745,-1.6425609003334398,1.368216684898849,0.01390583487970504,-1.6463842398569857,1.2025208625737236,0.0011155007180921148,-1.6505410309580626,1.0425408077184575,0.08200682337441667,-1.6651259565262144,1.3083801382715992,0.20628501586313636,-1.6577548135872315,1.2935176526795122,0.30615459555074875,-1.6527584029911297,1.169617598567641,0.39458898853165025,-1.6458676774004941,1.0545900566835646,0.11967026996768476,-1.705875549170847,0.8182105053943015,0.24260985585041087,-1.721412879586644,0.6497103006481241,0.33570336206676876,-1.7447395796103322,0.5101139176060256,0.4166094360825843,-1.7587843132452794,0.4589326614881613,0.1405427617232557,-1.754259216132675,0.34764361780596215,0.2505656273126815,-1.789170134936836,0.2774958937080562,0.3383647531095501,-1.8264389809118937,0.2431579411962676,0.4096575946861428,-1.856825269687418,0.2167172892332997,0
0.10071072679329816,-1.7118301563610048,0.2718239625381804,0.03297669456975353,-1.6704258827900762,-0.583232069089209,-0.06271958505747803,-1.6584410372100784,-0.7447225725006172,-0.17654642598543788,-1.6759354589896462,-0.9746269853586899,-0.272553052573634,-1.6928089727757272,-1.1434731049955917,0.06763724824531053,-1.6858395986320436,0.09545216379480354,0.04588792651016861,-1.7113939969531766,-0.2607850678820792,0.027764017630606826,-1.7234077501130631,-0.539117584544408,0.007776544116047952,-1.7328411093082636,-0.7021469938900018,0.11996874218806726,-1.7174385443018314,-0.18661739135051642,0.21847068911973075,-1.7356143187540642,-0.4026134953405603,0.29129402259006343,-1.7631747614226294,-0.6316763867118925,0.3376188967739573,-1.78505343023456,-0.7715721964724906,0.1648112126498831,-1.7515634520634011,-0.5756808834866918,0.2688544118238732,-1.77688877581097,-0.7841240632438248,0.33045495545532216,-1.8098167829832663,-1.0051714599824542,0.3694609869380191,-1.8346657884352886,-1.0894132938613479,0.19856569119855147,-1.7896421485003606,-0.8339827953001073,0.3175860163408713,-1.8258095628073387,-1.0006902344352389,0.4138240847323467,-1.8644755148381063,-1.1592145101751627,0.48516474707120744,-1.8974902960860032,-1.2411562103367353,0
0.09283625057556419,-1.5064030263928976,-2.3720750589011756,0.027399957143000985,-1.4539706535674517,-0.06596885534522279,-0.0746868593340062,-1.4863562809320754,-0.032076511473077655,-0.17381947227159272,-1.5201167279811822,-0.1521287498417144,-0.26161990200275675,-1.546289839402836,-0.24013095042588042,-0.022861756159451636,-1.5916401877924427,1.1661804521840766,-0.08619042567770045,-1.6190796718377527,0.6708783268176017,-0.17366354074674556,-1.5872308907521893,0.2623369013301205,-0.2586045285349412,-1.5427996086582378,0.07507405311171582,-0.027353149400485305,-1.6200384063657283,1.0043386367446592,-0.08428646319641146,-1.6456857105066556,0.5525461161921558,-0.16503529177505988,-1.6179189776191683,0.23726918416831227,-0.23592754460213305,-1.575593266627048,0.11073495743353526,-0.024795086227340897,-1.6463267876372498,0.4943772250416586,-0.0810959036266233,-1.6793933377358556,0.14003148952816177,-0.1611203050588749,-1.667017841248003,-0.08256964234169407,-0.23199663267480414,-1.6363990388388452,-0.12783473942116605,-0.012436241781427748,-1.6691660432431694,0.05671088513986284,-0.08481293826199768,-1.709392900606022,-0.09484865822867208,-0.14407767211425393,-1.7144766177763868,-0.22496629818195713,-0.19926480202539837,-1.702806089050627,-0.2678276314233272,0
-2.145697725703144,0.8284953900299213,-1.4355562399426003,-2.1411583897973823,0.8464270673359462,1.5875770481824405,-2.2301390818001767,0.8133796413308763,2.144600053358847,-2.289498036108148,0.7781958647490966,2.6044153387176414,-2.2886173835685226,0.7513632550349933,2.8948251476437474,-2.2484338474095766,0.7905969429841342,1.9463681382741294,-2.364790348810748,0.7645272586587333,2.6356039991362206,-2.46582942193144,0.7864823799300416,3.1067228238164586,-2.5283867521128025,0.8157706712698893,3.295389872140578,-2.2744035084234646,0.7776530515345288,2.5214192277928076,-2.4016455316506744,0.7621760226219341,2.729690653719668,-2.4771755199873398,0.7927622074150994,3.2315113611551376,-2.4864030575801634,0.8244301208944265,3.5465095144630445,-2.29004814123176,0.7711788445939434,2.680515193872902,-2.3869728227167455,0.7563884465843008,2.749241989650807,-2.4309343360266835,0.7807864197047755,3.1352511162290035,-2.430337434881605,0.804539070725314,3.4277008986804964,-2.3108143825380285,0.7657892915541089,2.5616922631802996,-2.4014446577065165,0.7428376597183597,2.8210723926709753,-2.4296575683654673,0.760362935142015,3.0529689086717715,-2.4237897545279794,0.7811311676275398,3.215265821883354,0
-2.0321852413298425,0.9184234635056239,-0.5351571153158233,-2.019688760231288,0.9357714692805257,1.1325243326282608,-2.0946712932557054,0.9162768538337441,1.58815074460244,-2.171453364443422,0.8799723264111599,1.8976309046020237,-2.2129196163829725,0.8579835468589845,2.033962767963764,-2.1461244759847453,0.8569477409751246,1.7803558008796345,-2.221995894313801,0.8133063042703581,2.212054195456065,-2.2746881675312975,0.8331034600233129,2.301450971488016,-2.3022037601922314,0.8627318710822185,2.2372750762076676,-2.1675801577776754,0.8456239907461494,1.9800178816070613,-2.2416366358411284,0.8057181203444399,2.085662162790905,-2.274805281576526,0.8393591375134623,2.068349501186024,-2.2689570321718007,0.8793557456661719,2.000633181444751,-2.17629293449955,0.8434313734940264,1.8400577585743385,-2.2281895723380636,0.8081995853600503,1.8662618359347025,-2.2396227120415637,0.8391233784657329,1.8034824248453025,-2.2220740871743168,0.8754631556395923,1.7416946515106286,-2.1836002598645012,0.8465087293120579,1.5849316367833264,-2.2194228799035316,0.8146730291194676,1.770637097080446,-2.2132193457781466,0.8363128268324548,1.8008885575865963,-2.1858080824507966,0.865605384831066,1.7747783012496858,0
-1.9599346078400206,0.9786033696822918,-0.44417191737024936,-1.9423782438679602,0.9792091384952407,1.458586074046246,-2.00943024068978,0.9511538718749547,1.9390609627649749,-2.091921198192006,0.9062200309117132,2.2397743349016404,-2.134656390272747,0.8767953074112577,2.3891724176669054,-2.0419596900931936,0.9011304196081791,1.9225433807012007,-2.138474288975928,0.8474818129177512,2.410864432810407,-2.214063425894626,0.8573771096871224,2.6412930545968334,-2.267152307723919,0.875892890183325,2.6786931721022005,-2.0817962840277313,0.8827334164917743,2.0576520798872133,-2.1910470292323243,0.8351420030527615,2.146334689154741,-2.2470079327976413,0.8577514648936804,2.318834730416194,-2.268346018940417,0.8844049020000813,2.4277397824557805,-2.106793355274445,0.8706065124492375,1.85481873831286,-2.2067679415987267,0.828620496863202,1.8739173775371982,-2.232064455180502,0.8475975009227684,2.0099658801346925,-2.2295772753001466,0.8676168614270449,2.1337494512657025,-2.1208354851063347,0.8631519153104972,1.5687670866573518,-2.178352648935596,0.827065060750802,1.8190621731828294,-2.1856199292382628,0.840488101381312,1.9873423151403349,-2.1796950128780432,0.8550969378121317,2.089814440036556,0
-1.9555146953764073,0.967405528291977,-0.679896440629782,-1.9439211083321746,0.9633446617165752,1.0637297292325902,-2.0136423186753114,0.9256096457740703,1.4912883703676518,-2.0975590502871317,0.8773522535244173,1.8088275191829917,-2.1404613212051706,0.8472723386725474,1.9716362957061755,-2.0432112635793476,0.8732890475819797,1.275614553890684,-2.1329713075264665,0.8283482765440928,1.7943157025743794,-2.1940807600834176,0.8443815957060125,2.04280605983167,-2.2265469164848586,0.868655443131109,2.0962563247866415,-2.0826704152581166,0.8608772126687484,1.5134260123985956,-2.184785596549155,0.819836585296044,1.7372273646585832,-2.23787821979715,0.849517639214246,1.9324921371356598,-2.2487294366406316,0.8865774782404839,2.0165513627174336,-2.1037372254688713,0.8541810258381513,1.5199278056078676,-2.1957630249856277,0.8147423248936988,1.621236468949645,-2.2196352821530207,0.8401897576042827,1.7341269531476207,-2.2115539021320667,0.8677461104521054,1.810079163266601,-2.110951298303088,0.8519908060809105,1.4046268087347042,-2.1662121732712367,0.8162935214250103,1.6299445835267714,-2.1697116036583326,0.8317852419708207,1.765554955339969,-2.1547215859266893,0.8472331052210452,1.829817461724768,0
0.6185281306922139,-0.44187117427612277,-0.2024490037494303,0.7502176063993797,-0.5945276549618703,0.46611294858688257,0.8945291571284797,-0.7489875342046941,0.2146451529398972,0.9576792566004863,-0.856060005334529,-0.05527550290691449,0.9873344355611743,-0.9287376879832463,-0.3156277848153825,0.9180643631604646,-0.784105419173384,0.1992812796710816,1.1515609037183365,-0.8988459279232992,-0.21481171713393757,1.3233798791375209,-0.9374601468346134,-0.5403131814982591,1.4280282066587295,-0.9605061271989082,-0.7204745805966053,0.8520868892456969,-0.7640827673718136,-0.4168620888059814,1.1176865147689274,-0.8748730852373967,-0.5766218369680199,1.3231721021281613,-0.9219413494495463,-0.8232827927233264,1.4475377144790886,-0.9495215014480272,-0.9699201389353507,0.7973821538091962,-0.7329799171513393,-0.9634436960499473,1.0141270721598636,-0.8450117612752478,-0.9195376417546496,1.1985567042433714,-0.894172713267263,-1.0364664299877946,1.321944795697992,-0.9200740882778955,-1.1060192852680353,0.7455545524686649,-0.6969682361520826,-1.2339527411792854,0.8986359311757016,-0.7913693486873062,-1.1376998138525887,1.0353953468687735,-0.8326219186146091,-1.1359765547643348,1.1329419993593732,-0.8548094726084788,-1.153823815335833,0
0.6401135145276283,-0.7143857687973528,-1.7486780492224494,0.8597825116998884,-0.7354573051905674,7.412613780171315,0.9971690813732151,-0.7066559275921618,9.7081658361901,1.10480485272197,-0.7204127223759302,10.663259205494251,1.2206498114555444,-0.7800532537190284,10.913178900803961,0.79380169229749,-0.6940377855443567,13.593246365192162,0.8954921351980024,-0.7100247088710548,14.301387617798948,1.0098030199038535,-0.699539077425364,13.964939549408152,1.0772666958161041,-0.6910361918793172,13.350996611391526,0.6684774710594426,-0.6854504387912652,13.832340839762596,0.7875619516471695,-0.6974894993831767,13.663802668139848,0.9110606884746817,-0.7035840899102176,12.653235038769713,0.9780529916765357,-0.684578396873291,11.668819284550116,0.6258367520999356,-0.6916681231516165,11.42966261292577,0.729839258255129,-0.725317191316062,11.114239459511447,0.7960327291369809,-0.7289775331963805,9.739442823903701,0.8598408983520633,-0.725866761944245,8.729523706869461,0.6180881397924145,-0.7153335660240953,8.743987924761912,0.6947793170222668,-0.740737034319884,9.003999938931079,0.739194164587291,-0.746619527631276,8.509854580818308,0.7972776042540187,-0.7549779099381436,7.928957332919308,0
0.1280648664946333,-1.7513364679899128,-0.4256973008484235,0.061425500664245555,-1.695366068537815,-0.4214235055787585,-0.025510429519805485,-1.6724745898194733,-0.5115954956156292,-0.11144871995065855,-1.6805100239730504,-0.7245125479099285,-0.17395395054470358,-1.6976948171227526,-0.9237431306114455,0.10236298146404504,-1.7174084913874461,0.5451612027536772,0.09735201877390925,-1.7265928382881592,0.2930806284748522,0.09549977112741947,-1.734071932118357,0.007687385354280226,0.08366629143873361,-1.7362556207440603,-0.1693169267735315,0.138976376961078,-1.754977582404513,0.2909452272672427,0.2168386793085797,-1.7711370494038343,0.19884640971662512,0.2715783588724973,-1.797665146577905,-0.026095726763533025,0.311051099139609,-1.8170094151818474,-0.19839774320356374,0.1765829430370282,-1.7962033286227708,-0.17093932156712355,0.2647948091902156,-1.8223464076494942,-0.24953344592613808,0.32953901868646585,-1.8572831749920735,-0.5346344432265789,0.37435952710888304,-1.8778574245289499,-0.6833130525358837,0.21120508093138662,-1.8418090314148319,-0.5379082376375636,0.30951186105234213,-1.8839771394949343,-0.5651195980939686,0.39100387164385936,-1.9280582549702094,-0.73627529884448,0.44680534082728846,-1.961312543406141,-0.852586901247066,0
0.20356587031694492,-1.8039679229781405,0.07671078388649948,0.14409791954782628,-1.7506630100941376,-0.31300418159002946,0.07498349575127598,-1.724520301472415,-0.28513871040706174,-0.016011575378533333,-1.7366263092163776,-0.39762782129502255,-0.08226550627543032,-1.7531181563440066,-0.5294081261886325,0.18898445781003934,-1.7561020801561877,0.5791726567581861,0.19362457689330576,-1.7669912353557231,0.23958054737787773,0.19446451479900076,-1.7761811778248378,-0.10571215115642665,0.1881121885440691,-1.784010215324896,-0.3477933783903451,0.22353072152499756,-1.7922114740033446,0.26176193508905904,0.31358673861469916,-1.814358227479728,-0.0027050656881201763,0.37398207594179794,-1.846026974736527,-0.3238957965636563,0.4045787290578853,-1.8705729402756643,-0.5432623788332319,0.2629206557771719,-1.830773572051015,-0.24230205604772714,0.3689016219924234,-1.8605647027350494,-0.4714421923143023,0.44453977094087077,-1.899795178628878,-0.7947215674629052,0.49591282965954336,-1.9284628097969252,-0.9694402044073324,0.2982070432456245,-1.8704032995817008,-0.6106230185508567,0.41598622737138724,-1.9066435873145018,-0.7791128171395482,0.5135764320911299,-1.945822641583296,-0.9878145914492605,0.5882072544622035,-1.9786115011972158,-1.1264563182646685,0
0.17419780006856708,-1.6739554184141061,-1.7650781595539016,0.1288522658072623,-1.5846647629830783,0.2810792991005515,0.055421851773499786,-1.5543125480499174,0.007089391085051837,-0.04520889420112473,-1.5449498822037149,-0.30421592402091696,-0.1082007094559023,-1.5521145436526016,-0.6107112514085948,0.07083024585327373,-1.6234746684490902,0.4454512001433738,0.02789423562283108,-1.6414205445583019,0.08410755822433706,-0.018844010547075386,-1.62292685852727,-0.20524760315116825,-0.07911492003045288,-1.5944495133260148,-0.3291338193947698,0.08813969525557809,-1.675157493967653,0.0413496084225617,0.06378942864410715,-1.701262669883269,-0.11365744973086679,0.026432464460070155,-1.6925488653519032,-0.3271812941467876,-0.026556016440992685,-1.667446752146907,-0.44621410395377464,0.11789886029075786,-1.7233709308198364,-0.43904394520961754,0.11527993745595215,-1.7504745553787364,-0.5404658612326104,0.07582364445426626,-1.7559513573344703,-0.7051413299123797,0.02081695199182827,-1.7425837636032524,-0.7580418244111932,0.162276659237361,-1.7692876234782233,-0.7184948358705193,0.1625212949769187,-1.8025704011566785,-0.7491707199765919,0.15707262073969117,-1.8179027404387984,-0.808361351789204,0.1279196575623548,-1.8162280167975082,-0.8241209415979804,0
0.3752151388770392,0.8140941515488469,0.6292012220396508,0.34479857292950467,0.7776390239099984,0.06274051648143242,0.3018220005967647,0.7441064109047578,-0.11003771125110968,0.2647576159003666,0.7233475046567216,-0.19156616817048366,0.23415584465429232,0.7176278829782697,-0.25703693500410174,0.33268974421031167,0.7097789818169872,-0.9180503803654728,0.2897106920202377,0.7142638177330292,-1.0307964501252742,0.22419032199741323,0.7282892398738648,-0.9196971402432463,0.16920041498064203,0.7307466594923108,-0.7466192613401669,0.3640458804435191,0.7193037331027429,-1.0327427646664848,0.3234390424718792,0.7310783090153528,-0.9946720271029271,0.25892675087752465,0.7461946392697691,-0.7911930217208138,0.20698336566961825,0.7477554768811027,-0.6143404466985007,0.38827769966750303,0.7383821949057897,-0.911897535068428,0.3577207473704362,0.7547405406970412,-0.7915154746340837,0.30156293058139805,0.767189579815798,-0.5905189848840563,0.2514151788978404,0.7686685762520886,-0.4338525134540643,0.4030284483231971,0.7592656718032865,-0.716419738549644,0.3774814533402739,0.7739737622922487,-0.6033913394257568,0.33535003305343986,0.7879840636636771,-0.4870610357019929,0.2982834495369948,0.7914356361252173,-0.3928797317251308,0
0.4583346964953092,0.8352247645557637,1.0774988957457574,0.4486907602813592,0.824066672851359,-0.149718595977461,0.4776982098154946,0.8018361037823541,0.11133405442239669,0.5006806815643428,0.7824033804807559,0.3596385808429328,0.5076152023338332,0.770583433496341,0.5236397157141076,0.5113663790299311,0.7714691493228576,0.46241542774575406,0.5398113426672002,0.7466898248467776,0.7941180089573915,0.5439005004292145,0.7671636264997485,0.9242524654886874,0.5292336562579892,0.7884915369599534,0.9520882110209262,0.5196281069640857,0.7598943730195848,0.9017977529176688,0.5430653016417208,0.7380115730317369,1.0697850286620363,0.5376095393434446,0.756027712657763,1.14758000469603,0.5071808327587486,0.7739448562821761,1.1550012380699013,0.518916240865592,0.7546931842221016,1.1460937210086009,0.5378020389345926,0.7336241897538792,1.20086661967896,0.5317938639119214,0.754021213897576,1.1685257514477994,0.5033718867928427,0.7752000439747585,1.1101426331927404,0.5103131692420061,0.7549099981107246,1.17964739780385,0.5236469001790857,0.7375054222548019,1.2035804082738866,0.5157469647079473,0.7519398048219696,1.1646344650616933,0.49271613639043865,0.7692122420338805,1.1157919438072015,0
-0.21453746829276144,-1.8107140133542399,-0.28515773562752456,-0.32395154401265347,-1.7920151965446172,0.04127151108428143,-0.4515745990835739,-1.8180688152310964,-0.3046269704607993,-0.5626722638176567,-1.8302662576659718,-0.7353771764179002,-0.6643375925371817,-1.8433293088618408,-1.078637411883635,-0.3469443631366534,-1.854843535936526,-0.22207702484451156,-0.3765753864412954,-1.8916329321099759,-0.8812317299348762,-0.42347051304985134,-1.8988960150953913,-1.1952562991878544,-0.4941979097867918,-1.8973489915200628,-1.3024525321122749,-0.2911593884867023,-1.860280207813913,-1.0374194770175615,-0.26085014282584856,-1.9247572102574138,-1.5711099840482015,-0.28698000123873135,-1.963723874105638,-1.8725297838653598,-0.3341979203738582,-1.9873073658261218,-1.8847311214392852,-0.24029529532259092,-1.8572557377197292,-1.6766792639749117,-0.33075601927724657,-1.8731239067840169,-2.1974553194105293,-0.3983621563366441,-1.8169753841168672,-2.2049787907382448,-0.4330436437077104,-1.7600956261694272,-1.9574741435879444,-0.20115368919950538,-1.8484153610886647,-1.9302888862976864,-0.3066419771669159,-1.8514346734128484,-2.1273636071682933,-0.361760371798972,-1.801537529067881,-1.9899904882425559,-0.38410363496355915,-1.7429660383107726,-1.782711540757051,0
-0.3750070497836793,-1.927351525946069,1.142226223421377,-0.518805458686342,-1.90890717480444,0.7662581106423743,-0.6179235595254751,-1.9027330789054724,0.5676948891179411,-0.7197963438114363,-1.888519378291947,0.12089981334673641,-0.8205629244210837,-1.8926232134166747,-0.21962069599419384,-0.5089537455161494,-1.9363549766235901,1.3278835331610823,-0.5665530273046906,-1.9472726922532906,0.7185058593767526,-0.6276793757517133,-1.9531464364866091,0.4189078901834837,-0.6910464205405157,-1.9592646995630827,0.23726174710874867,-0.46339443053147716,-1.9583623092050568,0.4842499212010201,-0.4919265468635675,-2.0015531067356482,-0.2497101784250325,-0.5435393638248078,-2.0358739002217474,-0.5980501020756481,-0.6028532704617382,-2.0631748037697504,-0.6757809126812704,-0.42324536452509753,-1.9829251547829347,-0.4911910195648433,-0.5952577740300324,-1.9889648726246427,-1.3022991069674803,-0.6715376298710449,-1.8886924164191408,-1.302823074512101,-0.6909722862273086,-1.8024327128838118,-0.9983926876044615,-0.40395035180691546,-2.008706188470433,-1.0944065291879523,-0.5629347607382009,-2.002363732830629,-1.4719159162547586,-0.6166720666744162,-1.9280050110808353,-1.4009921447474512,-0.6182885473584772,-1.8573423223390406,-1.2115475567506004,0
-0.08985890974505788,-1.9522768147895417,-0.14122274338628804,-0.21651525346422515,-1.9534336117860762,0.13761969351162398,-0.3284929246153155,-1.9795467346180826,0.44199747537515266,-0.42351240710799576,-1.991739159332793,0.5193082294399588,-0.5160870927922949,-1.983162973496364,0.5232306376467063,-0.1343799242123026,-1.9629266089614295,0.9494091045092937,-0.10722449682236414,-2.001708999844844,0.7297018383495508,-0.1022623493698279,-2.0213282886459107,0.46744605796259486,-0.11852654483195382,-2.0307134638869915,0.2483967010482622,-0.1277789264545037,-1.9589920243568826,0.856363248434484,-0.027223667259521196,-1.971780061452313,0.5633688540322578,0.015273765509202944,-1.9837888540769997,0.3637199314921985,0.047014187045142396,-1.98431971010748,0.22422757458526568,-0.11917545091024113,-1.9616750418955977,0.5054838780559805,-0.049696615887988196,-1.9833023026523247,0.23904495398887812,-0.017752190739890764,-2.0082635919682192,0.08606859213468589,0.016230086955709638,-2.0138807297999928,0.01980534613625257,-0.12017500928211804,-1.9732719386808446,0.19215441763808805,-0.07680201050117819,-1.9915553396791643,0.06857385064962018,-0.04803366080702335,-2.013451255070428,-0.016342973219305525,-0.01683749288010076,-2.0252166453328733,-0.08778160554241156,0
0.0648590292333711,-1.8364247693316018,0.1582127133648641,0.05018770647374276,-1.8278025699641658,-0.7632499704317011,0.023313760462857547,-1.870003479385391,-0.8543240393367505,-0.03616234996369251,-1.9045148593341759,-1.0582896022815862,-0.11390256873190868,-1.9277629837485941,-1.227243687339852,0.1847061424925102,-1.8803779546188857,-1.350710571755927,0.3201795554294114,-1.9402002418980715,-1.791391676510536,0.40574176799030515,-1.964442700722775,-1.9194219668371355,0.44231836011364245,-1.982119278067104,-1.967903365203489,0.16137547675188307,-1.8641906240151964,-1.8766074204983898,0.3517326076055864,-1.8980595199520742,-2.3038418990542615,0.4522715000608028,-1.9061686961107396,-2.3910672256874346,0.5199103586194743,-1.9012497991581288,-2.313799849111392,0.13869207700439032,-1.8451655477054063,-2.079655774197721,0.2264820474927963,-1.8381970496400246,-2.712580162035917,0.2384202061062409,-1.763052541944245,-2.5859970618890986,0.2722496043505332,-1.6943610778380254,-2.2458055519458506,0.11228628141827086,-1.826928412510573,-1.9927765418268406,0.15294311487299492,-1.815324918409148,-2.5446596863531936,0.17684684757061297,-1.7720647846918527,-2.5247676510956967,0.21542460424741197,-1.7262070314053193,-2.3586008073142692,0
0.14417008783336338,0.4843057192009651,1.3181882301312309,0.06870835914386658,0.47288056410460444,-1.1819920596271047,0.01485803117356359,0.47861104985625813,-1.1933170142190024,-0.04022160347218306,0.48846405773518303,-1.0982247617586784,-0.12086071500342357,0.4971750823002737,-1.0283357632733352,0.06652798970391592,0.4730866070456443,-1.5155800360651372,0.032039679033410894,0.5076203779256444,-1.5221046013370385,0.0011589264038549384,0.5651868860480728,-1.4404074244453584,-0.03626498790335236,0.618240248934393,-1.3344353337798622,0.12698313232409583,0.47999747718854807,-1.2354305333410895,0.10904240812939539,0.5220451477323388,-1.2837208401133378,0.08574737169142034,0.5954300637113288,-1.2547820814205275,0.06347595615515798,0.6613727990049684,-1.1745672294373255,0.16248258435482918,0.4861435401902806,-0.7541696063555328,0.1390543781427225,0.5220253553009977,-0.7949634590079168,0.10234579409614951,0.5710178057363711,-0.8120189386613658,0.056658673091858076,0.6152429563749452,-0.7564298905309654,0.17536557017086268,0.4883237319426416,-0.37599388610404155,0.1538852050358695,0.519272937969693,-0.4737898255324594,0.13206953311275937,0.5570478323784714,-0.558585010708732,0.09997479851612585,0.5902567529730441,-0.5731383748713914,0
0.10047814076256593,0.5295501910011083,0.08758061819578204,0.05582364683923837,0.5612538671726767,1.4206175863166344,0.038260766647631665,0.549239059765867,1.3166039874192774,0.0036403662101907566,0.5289009051011685,1.1583726344156366,-0.048055429903752396,0.5028401658556012,0.9585644531098164,0.03536146015037561,0.5420233349722149,0.9987867828856708,0.06383306453488514,0.5181236219868623,0.9626173318226965,0.06342043262992655,0.5320839057038455,0.840444496765497,0.043502875432454444,0.5458615141226452,0.7186198834177854,0.0786933325039337,0.5350433898108407,0.6063337332753871,0.09463576284330069,0.5139806669553866,0.6302874905290231,0.08893584711593519,0.527349726627141,0.5555258206361984,0.06092062764523595,0.5397254876530762,0.46117797888780515,0.12288811007152602,0.5312510170155328,0.20202278994255207,0.1294596392865793,0.505967213529347,0.39559260922409933,0.126513185908973,0.5073476866015195,0.42732713711930553,0.10609733686961056,0.5090471889753877,0.38176279461116186,0.16477316120750568,0.5265646720139502,-0.06639214578911318,0.16940756308860183,0.5019901077648062,0.1725014771015117,0.1650578440324177,0.49427196233111753,0.2781309165555176,0.1537150416974747,0.4897758806098849,0.3110266509693479,0
-0.010632640032523177,0.5239336653147227,1.0559363260118486,-0.08698012050861079,0.5219352701836368,-0.24546003790148566,-0.14163808064723032,0.5244058377846967,-0.32732566599431173,-0.16866798234799116,0.5256531932818707,-0.3336524171294028,-0.2140407302587731,0.5245783937511905,-0.3589047340616312,-0.09372839176723705,0.490234240706588,-0.9297823184348595,-0.10527461385950533,0.5034717025140724,-1.0147474708999211,-0.1433098479897445,0.5531067431600076,-0.9870079651698164,-0.19465136231521135,0.5974833455506287,-0.9146110617218441,-0.02761990306233989,0.4891425715589649,-0.9922180845342425,-0.01144037898672003,0.5146462503034631,-1.0476176611581458,-0.03669336572872832,0.5810385471148759,-0.9940798352378235,-0.08124746492561667,0.6443487939240532,-0.9122200138601525,0.01821907378511107,0.495969413873895,-0.8335684722394677,0.021424773409740534,0.515677122691748,-0.8467755907917982,-0.014570422041863663,0.5558100150092927,-0.7660784892936745,-0.06325902454814777,0.5942012150952513,-0.6684430996532893,0.04804019854247246,0.5030710402257564,-0.6410216083462328,0.0459977034725125,0.5214397815157007,-0.6452377824410934,0.016717819612110926,0.53822174671756,-0.5710955233166413,-0.017557916654698247,0.5522838482579031,-0.4926705757268764,0
-2.002204590816576,-1.749483853862482,0.2006847939668304,-1.9439569889011088,-1.7062567209823483,-0.5233781505055681,-1.849682077090981,-1.7291532331287967,-0.23801995374614837,-1.7369448828986365,-1.750375020775948,-0.13775455665663608,-1.6159685159287134,-1.7573519303665635,-0.07402294110628918,-1.9049250287983672,-1.8100072706164572,0.40827829999481047,-1.882515249925118,-1.8473865045487028,0.5347483961555713,-1.8876112743001974,-1.8575671431871403,0.4849032175111134,-1.8789398955389407,-1.8634142487818137,0.3768898086783987,-1.963439325823847,-1.8395381785405782,0.43449190555397593,-2.051046214035905,-1.8994125561724309,0.34158541129928344,-2.093512853693723,-1.943986769276484,0.02884973324263238,-2.1091627867858427,-1.9719934650807347,-0.20203311802240884,-2.0176192828690245,-1.856916006695455,0.34577861474127525,-2.0303566313628303,-1.8678199911140938,-0.015641809186440276,-2.039233087566279,-1.8076730219802337,-0.22456098314486672,-2.0489316543557297,-1.74549462732588,-0.255776394933643,-2.059007841374727,-1.8695998522359885,0.22829786970911162,-2.0351486214258876,-1.8791387970966107,-0.03182091438369727,-2.02480222205297,-1.8392462554662286,-0.10056901369045336,-2.0254792459657116,-1.792523738641851,-0.09522778570531594,0
-1.760788458653376,-1.8935275364354096,1.4908985075327816,-1.6639687998077737,-1.8930808743090408,0.5040960451858321,-1.5697989176146423,-1.8887376425996674,0.5781533334839148,-1.4806569601551967,-1.8866607831978235,0.34602213735849086,-1.3642437866989578,-1.88357628182613,0.14200538132969323,-1.6042401514463054,-1.931895039876602,1.939485354112243,-1.5963063208755535,-1.9436205610403623,1.5817110112488697,-1.6037586629465022,-1.9510821985318683,1.2365744842326862,-1.5773790026130579,-1.9595948266487542,0.9389928349634136,-1.6348694015418266,-1.961639864414268,1.4500902905523052,-1.687587738124017,-1.9908304165338129,0.9178835923234206,-1.7038544253503132,-2.029022777847252,0.4273633301104844,-1.6606820823983097,-2.061675222265725,0.0979608505487154,-1.6822979773713662,-1.9946949752376715,0.5805327174548948,-1.7166226636181305,-2.0232766916697287,0.023930944077639286,-1.6949200065272039,-2.008963845916292,-0.3605417668580056,-1.639141830769606,-1.982548883858203,-0.521737804070394,-1.745168505864747,-2.0307050211647666,-0.10339179370994936,-1.7412686533193762,-2.057576143810631,-0.4605906535244636,-1.6901218079199365,-2.045979298053646,-0.6583666935767885,-1.6113657574121263,-2.0191861190512186,-0.7569782938284704,0
-1.8413561819110535,-2.026484520239413,1.0534069878987082,-1.7807470449855913,-1.9725341483164247,0.04224696200604944,-1.6936669650401432,-1.9665105085978858,0.24133070163309203,-1.5993527128038136,-1.9686135276800956,0.13770951108836477,-1.4923505231412926,-1.943540104255535,0.02357483294287546,-1.772940996321912,-2.0175718661197672,1.0277310729657678,-1.780850410883034,-2.0271867550016274,0.6254683213144564,-1.781581258776055,-2.024389476184297,0.333119530160044,-1.7594782148816828,-2.0229057865547535,0.1304789901558802,-1.8018206691306355,-2.0365859521049674,0.5197064170402129,-1.9012973997415865,-2.0801899172770644,-0.04138164745360338,-1.9503224176233906,-2.1233451157722354,-0.4852723910016633,-1.9623321469809196,-2.1599209464875564,-0.7064247421872455,-1.8378812088198195,-2.0501626464554823,-0.16059793771867656,-1.9264881997679026,-2.0462424021004186,-0.8593624011113262,-1.9262189399153944,-1.9873336249481068,-1.0874407127962347,-1.9065402487696657,-1.9268872265361023,-1.0161132067457663,-1.8877613823664472,-2.066302683973822,-0.6286969572571619,-1.9374624862864431,-2.075777495094083,-1.0360613227191144,-1.9123134229724186,-2.044352975372977,-1.1166309233543474,-1.8729541577711926,-2.0035701814590756,-1.076191317002059,0
-2.1831891936737184,-1.5926916680456025,0.8648104560784501,-2.184263062780567,-1.6104106170465033,-0.3655770687718741,-2.1900537943047107,-1.6719624207480117,-0.04170650835284621,-2.1826459298009335,-1.7208588962627942,0.06051875304725449,-2.1435518519711834,-1.7640139177135177,0.05789922375078225,-2.231307285677333,-1.69210536916435,0.6761098509900191,-2.3778209660809693,-1.7375030939677532,0.5314825232477016,-2.4896599658802563,-1.7626103844137175,0.3704218342264135,-2.5558303809050953,-1.787592810841987,0.15362492266494554,-2.253315195087988,-1.7093946307931334,0.15484405247343727,-2.3926105814675083,-1.7751552932968198,-0.07723411609066583,-2.4777091843062733,-1.826275555955269,-0.47299054180649375,-2.50171898891582,-1.8687172384467736,-0.7265265465088853,-2.3054679000824754,-1.7107776213058512,-0.4812375295476146,-2.399820271051497,-1.768115767396181,-1.1996302643077361,-2.417883570958979,-1.7941562364075154,-1.7283752184635865,-2.4027256841906386,-1.8092293293345885,-1.9410914527562186,-2.3646980966622198,-1.7007189471309119,-0.8275045489087685,-2.382516311770472,-1.7133786284023502,-1.4806569253410478,-2.386884581979853,-1.6664028160181714,-1.6756876857191092,-2.380512929396866,-1.6122027778800128,-1.750128378760645,0
-2.0886869223841957,-1.4339739585416595,0.6171250159662244,-2.062389776813951,-1.4182665738568483,-1.421006389800224,-1.992283955556834,-1.4480837605234582,-1.3540622192042582,-1.8849481133232222,-1.4959276124684506,-1.2914349832243501,-1.7952387274759274,-1.5445866470178038,-1.2520669294687352,-2.0263857356399133,-1.5357586626719824,-0.8161185202730074,-2.044562371037164,-1.6190837868449237,-0.8539150066750509,-2.072861423633253,-1.6556109484293937,-0.9778513932406374,-2.07079939419813,-1.681680887228275,-1.0906320962889222,-2.080894656650662,-1.5738959055175716,-0.5816307234756827,-2.202825374420349,-1.6573957784841478,-0.6607845099542489,-2.2812584701854033,-1.7096929427037815,-0.8997582100812717,-2.311613174094688,-1.7422776861381977,-1.0884503300115458,-2.1307140101902373,-1.605293297281028,-0.3495723568388445,-2.235116033673695,-1.68740967304925,-0.49882532305045735,-2.28623589024536,-1.741135997165614,-0.7301527800225238,-2.2961194568704246,-1.7756501816551373,-0.8838049276925746,-2.1631591129174135,-1.6310002158229144,-0.22158469610040554,-2.2217682260095133,-1.6978281970101625,-0.453197508575491,-2.253840312429385,-1.7435495031921624,-0.6663019872642503,-2.256627845995995,-1.7734097668087336,-0.7972596815209126,0
-0.4355385366313715,-1.9619826776303133,-0.2159597107885732,-0.5570066034174197,-1.908753312814306,-0.186593271871319,-0.6906517114091562,-1.902372024470683,-0.5791656429742169,-0.820018647825406,-1.8962114297448251,-1.0734078776849536,-0.9198678784217174,-1.9029064798405035,-1.4047270177039153,-0.5416054933405418,-1.942418277366984,-0.09784558074367034,-0.6071305967115537,-1.9652072651739207,-0.7256824558366867,-0.6729484691620751,-1.966826726360668,-0.9906815310730851,-0.7282443777239114,-1.9680529265957833,-1.0704374358904742,-0.4834362487319857,-1.9577588549805005,-0.8077719600761242,-0.48307772672497945,-2.016881018860118,-1.3954273452051413,-0.5163012527906274,-2.056213903819857,-1.667809699580557,-0.549714667744815,-2.0879034841920645,-1.6532787078077809,-0.4323323142976306,-1.9762514389834207,-1.4147486437945638,-0.5813830660814799,-1.9789969073178355,-2.0734003986642167,-0.6699952101374709,-1.890037657749402,-2.0395031974800935,-0.7002880629317536,-1.8116549445330363,-1.703914639897833,-0.40353854211637197,-2.0005576125891933,-1.6982764712426792,-0.5284046271677388,-2.004157465017442,-1.9431208491495646,-0.589486927303815,-1.9431805791324455,-1.7982554405894153,-0.6059537126960998,-1.8792617226341832,-1.565760460576854,0
-2.144938515114534,-1.6754920318403999,0.430630739416899,-2.1105971152068315,-1.7055069123365492,-0.48085602006099504,-2.116977842587368,-1.7707612302298765,-0.13064080937999215,-2.1093787942141202,-1.815655029008209,-0.14823959634134237,-2.0236336459712234,-1.8535438460445104,-0.20224358723284055,-2.1970998271328153,-1.8076276358099308,1.4631200924591823,-2.3186923189238797,-1.851825475011617,1.2378924580918935,-2.398670096484689,-1.8747955535457004,0.964498074261835,-2.4391640852679117,-1.897470879130811,0.6615823085795596,-2.229634856939783,-1.810146866674709,1.034867047988835,-2.4814215880997827,-1.8721518818297123,0.5504208734808526,-2.624613074805641,-1.9246536359844832,0.04950045829788071,-2.7064279698428884,-1.9710207963022757,-0.27071748597850603,-2.277285107233065,-1.798727005005631,0.25185346521564633,-2.40000293222263,-1.8019384890030654,-0.6687242369848667,-2.383989908845801,-1.7020288945661906,-1.0198117411784338,-2.353031888112321,-1.6212486688965495,-1.0343751337676106,-2.322509853172484,-1.78029836406095,-0.3407532331978544,-2.372545330650651,-1.779637502867549,-1.0665704017348765,-2.357173051252186,-1.703401756339012,-1.2541368503507377,-2.3327281894188565,-1.6365916342728148,-1.2719217462297205,0
0.3734913574586357,0.40944360599634805,0.7571100032967973,0.3605931993747771,0.39982041278932495,-0.8918914582586059,0.3434820073391052,0.3998990821735376,-0.7858193701725368,0.3025951379153775,0.39701361852905065,-0.6592728812275872,0.2551587183077249,0.39378730741554585,-0.5265712565491976,0.42497189723757145,0.398243280702186,-0.6968299629650822,0.38704170254477166,0.4077124929105184,-0.7562902641785958,0.3369321638610057,0.4466181698123753,-0.7689418842128882,0.276974125603382,0.4798498374770299,-0.7477155391271727,0.413891059307418,0.40502553889756765,-0.4054656066391518,0.3802212945734642,0.41238185574889363,-0.5724720027050009,0.3325656716458222,0.44993987364948346,-0.5851464265531723,0.2663523986294467,0.48485873175135896,-0.5507060416221286,0.3852936575852535,0.41855503491331714,-0.09196809367096945,0.3492596808287076,0.4230660982492147,-0.2804664549556707,0.3109437237606848,0.4566172790344988,-0.32472433302979564,0.2564819684777261,0.4904822605662034,-0.3076431930777891,0.3484900623832694,0.43360301889236164,0.0900560855490302,0.3108807370272572,0.4403360784666539,-0.07115589239820735,0.27673824724639473,0.47321016310642255,-0.16165380061995088,0.22922387928435126,0.5052182390603911,-0.19549963942624235,0
-0.2322132287487102,-1.602563978076168,-0.8114597149020353,-0.32114747755036804,-1.6003753777716099,0.8175754890628721,-0.3736546096829424,-1.6531688321155409,0.7970761221587387,-0.4304919121164501,-1.6778347755645573,0.5818648265421246,-0.4976723430351075,-1.698227501721216,0.3257668594044016,-0.3035227877792643,-1.6876719365597697,1.1118866608211595,-0.3039461303038144,-1.7155060113917697,0.6913463021741629,-0.31550954152392274,-1.7303934069059188,0.3014042552050132,-0.33863454384705394,-1.7440688653432619,-0.014465736227836291,-0.29631060689223887,-1.7000369870426257,0.35405931834009824,-0.3073970408335866,-1.7422454084302965,0.006409735727371303,-0.317839888383143,-1.7818629104796597,-0.37438931513566476,-0.33573372393494116,-1.8167354205645532,-0.6342724129318221,-0.28664964973685053,-1.7111481356660676,-0.504014768611196,-0.30761837900359895,-1.7669848742927539,-0.6496256773922439,-0.3196476175319306,-1.8176084834963246,-0.9526729330224795,-0.33653192123096537,-1.855856856258498,-1.1419097776808944,-0.2864443031843601,-1.722312400861165,-1.0553361389722833,-0.317129843325763,-1.775864020826379,-1.1072479692302806,-0.33509112475238323,-1.8199086576143615,-1.2999459072286101,-0.357027497451377,-1.851718700307531,-1.452195032177534,0
-0.10953848831193054,-1.535559737117942,-0.6961732276953536,-0.18789332362462083,-1.5202676531939454,0.1955537450138942,-0.2970587263157103,-1.5724356498932612,0.042083943697122095,-0.3988118599011849,-1.6058977086010164,-0.255745646206904,-0.5191695289256044,-1.6265665165018781,-0.5361393470922119,-0.23698412254761564,-1.6458755870784887,0.46383723967983803,-0.25607786304578395,-1.6854053574212438,-0.14576545088180667,-0.2836142026023738,-1.7047662794402858,-0.6345436566936683,-0.3155673364773887,-1.7195301293566156,-0.9734729216440627,-0.20469016302091586,-1.6623796379915667,-0.27004627824066507,-0.2451936387863104,-1.7062034327915558,-0.8013922503383347,-0.2773952742664912,-1.7408913635581116,-1.260851901190586,-0.3223034626374027,-1.7705950661743854,-1.5157451012165455,-0.15209187437014499,-1.6754972717842291,-1.0104502520618555,-0.20060742115943916,-1.7278768901270825,-1.3472629087193355,-0.24678795997590644,-1.7597531153140684,-1.6039445832422183,-0.3025381854431421,-1.7817529943587744,-1.717470246693466,-0.07783780532739583,-1.6803198418903065,-1.4386822246465572,-0.09683881403238338,-1.735341625461792,-1.6706160121178648,-0.13064966138398124,-1.7634439102751995,-1.8358679343746405,-0.18281217673558484,-1.7776508092632644,-1.9259094551643394,0
-2.7029781336759484,-2.36597685931793,1.1195506760159921,-2.8054629042484707,-2.302464826344475,-1.2194493459515534,-2.83198967395895,-2.2490882763503843,-1.1253645762220048,-2.780384518986487,-2.227266228020643,-1.221301297100381,-2.7202512606868523,-2.2152285094895494,-1.3207336954659252,-2.787425321435387,-2.293918809751085,-0.4203017392708157,-2.8871458357900033,-2.2780820466979206,-0.700603322573349,-2.990634675711952,-2.281252768968336,-0.9489122510917934,-3.048851586526246,-2.2894223459765883,-1.1400163997657518,-2.786949739774352,-2.321705900173794,-0.7130995695445237,-2.9896762005980984,-2.3227861123880587,-0.9708828489543122,-3.1452228836590277,-2.3640558136682146,-1.45314312136741,-3.245400285163881,-2.393002668146883,-1.7528781021615742,-2.8194950613640097,-2.3313766384688486,-0.9711965475513274,-3.0622954713570403,-2.3103467856318947,-1.508525915982407,-3.2261190700532807,-2.2976775875493,-2.0450978421894437,-3.33461181188493,-2.2738325177397827,-2.264660898874042,-2.87202236870003,-2.33376564665687,-1.0846907564438195,-3.062542598482072,-2.29547875228561,-1.6265693088306326,-3.16824135525616,-2.2675921534564227,-1.9930443896019139,-3.2325412755951985,-2.231267193567873,-2.1587132362357604,0
-1.8051937214103997,0.5140706023502568,-1.3138334312164375,-1.7888887945840994,0.54187551968055,-1.5139740362560077,-1.7999378208816816,0.5466198394396762,-1.3248421188358528,-1.8037874651855283,0.5448798473849887,-1.033787355891134,-1.785496027554575,0.531417810713037,-0.7483495853628374,-1.9695107428410297,0.5332034667990773,-0.9028788187601577,-1.9819675350175632,0.5385734618665192,-0.35406751875917386,-1.9424140406539634,0.5606542642533074,-0.06209418841038197,-1.8815679149377764,0.5820577517728567,0.07142067523498136,-1.972689111646217,0.5259978681229889,-0.03855617466855292,-1.979434252947869,0.5346742356012605,0.24260935749535856,-1.9350227537673792,0.5645405550712063,0.32397359915522256,-1.8555000673492528,0.590429511893458,0.29121025005193635,-1.9394383934388473,0.5268335386621809,0.7718891934606471,-1.9463014905164653,0.5306580151347565,0.7522915410030201,-1.9058722493912994,0.5582465496965927,0.6172511688588171,-1.826690274462305,0.5851811389599795,0.48585929548254186,-1.898431477040657,0.5305310213548696,1.2118590575204422,-1.8958591682255068,0.5269153991915528,1.0569423369708542,-1.8593674019869824,0.5476313459133796,0.8637176154241076,-1.796301489454472,0.5746175223497647,0.6952516933029242,0
-1.570613985003355,-2.1665567657507254,-1.6058445689802165,-1.530584578819637,-2.087080681502151,2.264966734057063,-1.4960712728756456,-2.0595894715143164,2.465097817229036,-1.476627844473574,-2.0319355692866172,2.2729336054119256,-1.4611543483460387,-2.0200998617789683,1.9553367844331169,-1.4554434481438046,-2.126891207106794,2.471035016918578,-1.4262392379157722,-2.1118206062780085,2.116473584336434,-1.4157516386111688,-2.0956436347281104,1.7383297533366304,-1.3867094789372252,-2.0870739871206037,1.3421261319806603,-1.4620122078795579,-2.1602758769758346,1.266002892376741,-1.5316714553477784,-2.1822306178411996,0.9370730841483814,-1.5572212271501515,-2.209843227262603,0.4380792659361612,-1.5543647776547744,-2.234866771678893,0.004489346885914512,-1.4798853918614543,-2.1967989975735733,-0.1454284154606986,-1.5654261360560549,-2.2391238043443797,-0.34658581634232616,-1.599746172912043,-2.2900772332929575,-0.8220825887779615,-1.6157473480523168,-2.3312178300213184,-1.165894673492619,-1.498795439079972,-2.2256128898940353,-1.0487789214422147,-1.5588576310489293,-2.271024221405793,-1.2208764246723123,-1.5842503358184434,-2.3174701548690138,-1.5261358979255213,-1.5900997744470051,-2.3598523581887547,-1.78250169426319,0
-1.8294184510728184,-2.026118727643893,1.5944680884577385,-1.7549821054474528,-1.951109816465694,-1.897093015377774,-1.6312578615546045,-1.9268902617225834,-1.8596321697273368,-1.4528101277469125,-1.9117372934369428,-1.8408333398539198,-1.2939208556282125,-1.885133045309653,-1.9010962100163626,-1.780975805492853,-2.0259098780543807,-1.346232222785187,-1.7414080074042497,-2.0479166647632923,-1.326926061342637,-1.730661195338396,-2.050586927941992,-1.467754799457586,-1.701835111727996,-2.058956683001478,-1.666025169519458,-1.8770784433837984,-2.052543568691317,-1.5583330905967325,-2.0258651568698567,-2.109600178396024,-1.536633148641687,-2.1175576641287144,-2.155335330626704,-2.12566374909079,-2.1660787444754557,-2.19172194641591,-2.5653149191486335,-1.9536400645970702,-2.05657630574728,-1.511631740749865,-2.124944115884133,-2.0985902359083037,-1.8022794695628117,-2.248977272080383,-2.1440405181331683,-2.4138907348494394,-2.312212099115305,-2.1812486804308406,-2.799903269478702,-2.007485244899338,-2.0381831736319307,-1.3643332202144423,-2.1471538157313397,-2.046820475840422,-1.7624487712531363,-2.245026946195481,-2.0357019029295147,-2.0336809560423386,-2.302582456806256,-2.029824322729481,-2.222068902078985,0
-1.9624751629449426,-1.8736913348542528,2.0062538933870124,-1.8868422992700669,-1.8405640255540467,-1.9012401899249407,-1.7711987012931274,-1.8416219896940815,-2.067184859154118,-1.6175767449402414,-1.843647919973798,-2.2390634666997644,-1.4393889602919818,-1.8261797142185916,-2.380890996456022,-1.9049808907393,-1.9456900361421985,-1.5261561317191639,-1.872177374415857,-1.9772068754791683,-1.816102811200894,-1.8660864425516295,-1.9976812826469337,-2.065271424630657,-1.8552644305878867,-2.0160651553392794,-2.260989223131266,-2.002868800167947,-1.977903448158445,-1.9320399833213249,-2.1433563755883407,-2.0429928558541954,-1.989056086513199,-2.2422411427372917,-2.0965642007518035,-2.3532430938545863,-2.308663368625701,-2.140476534491179,-2.5758181512320117,-2.0919764056560672,-1.9847892877463866,-2.106649822587108,-2.2932479513866393,-2.040099996924394,-2.2793730021993173,-2.429956595757404,-2.098898862998749,-2.8103600830118047,-2.516257719151077,-2.149847818019359,-3.1054833579251513,-2.166114941080856,-1.9653680522945436,-2.0730126704500975,-2.3681091292377197,-1.9875503779519186,-2.3979936972553975,-2.519232767150552,-2.0117889066735652,-2.7424133275122267,-2.6225336089167777,-2.039189437237013,-2.9388277766131115,0
-2.009602615717174,-1.7468493291650464,1.4648078046142854,-1.9556998020993746,-1.7378399105490256,-1.8829946569837939,-1.846807918465577,-1.7457174681938394,-2.263451361876141,-1.6642706311127935,-1.736878143083913,-2.6793111061546675,-1.476589733626334,-1.7255909739574884,-2.990346778143708,-1.9631287377637405,-1.8508629962808283,-1.6190743074198517,-1.9590670918337478,-1.8965306635238717,-2.168808388768457,-1.9710379294879643,-1.9167633965351412,-2.521666962696398,-1.9670294592135174,-1.9388202738441913,-2.7382261915024997,-2.0607572175221356,-1.8745835227579222,-2.1828679204682233,-2.2344728770722906,-1.9448875449284886,-2.4156596956236287,-2.352703384029477,-1.9985139958647975,-2.8448482348307356,-2.4353195444847935,-2.0476707299257106,-3.0862892338474603,-2.14313414042393,-1.8682760326961478,-2.4748713013560817,-2.3798796202203096,-1.9153155718258394,-2.676729911244524,-2.530453978369419,-1.9712287958873314,-3.1686585865863433,-2.6263011072124276,-2.0267796570164456,-3.4517629663021623,-2.2125615682936846,-1.8375892485489849,-2.5053988171018857,-2.434717353819652,-1.845201534765481,-2.79514723322491,-2.595552330710757,-1.8627046919502042,-3.093296529197344,-2.7096290515615373,-1.8849310095346454,-3.2722076092959846,0
-1.9708257015399613,-1.7674912702942343,2.081481839186547,-1.9095941680318735,-1.75851030212157,-1.8210207806856116,-1.797340422123915,-1.7751324499435015,-2.1469559708952817,-1.6341806090736652,-1.7755322790708277,-2.5117606648384827,-1.4556613305937691,-1.7652242647147316,-2.7872215832541927,-1.9343930893382846,-1.8820667056720186,-1.53441956001746,-1.924526585365179,-1.9213526361742095,-2.0366489941193,-1.9391062064694784,-1.9431667886602175,-2.37137446231996,-1.9304310934304723,-1.967425365311288,-2.578554491685412,-2.0325855684887966,-1.9108416567778819,-2.0321815651224093,-2.1922762068697024,-1.9747529420883216,-2.1919888185289986,-2.3070586791667607,-2.0318154666051553,-2.5649749583004082,-2.382554366589348,-2.0817256444611845,-2.7836836498534105,-2.1161355345538824,-1.9073985882749955,-2.282056408957842,-2.339879337428115,-1.9546120167350578,-2.4491483862974905,-2.490854830519364,-2.0083106381066846,-2.9024878946503523,-2.586086280571347,-2.058505775226912,-3.169982878596756,-2.187995913484442,-1.8785673566963637,-2.3054148603350337,-2.4054667188129493,-1.8855621230049378,-2.6252951367306956,-2.564663792057254,-1.9041751918460978,-2.935388305040589,-2.6806760205313247,-1.9257144750746051,-3.110906950816722,0
-1.953024702452079,-1.7525572585432638,1.7556750127738607,-1.8945337477284374,-1.747526770580952,-1.7846846705715456,-1.7875398668111304,-1.7614500475325303,-2.157318011535042,-1.6335794113894209,-1.7669672869325244,-2.5568729850333494,-1.4559527373710788,-1.7625217940153453,-2.848796907849805,-1.9222036591475957,-1.8643915849294352,-1.513651142976202,-1.9235696084429186,-1.9078807261820234,-2.068332877890431,-1.9373436568592342,-1.9293835286024676,-2.4422131138655603,-1.926677553769729,-1.951325539968521,-2.6748521767286304,-2.0215973695716327,-1.8868011456189173,-2.044298425673107,-2.1928067224556966,-1.952883042977664,-2.2609663060122442,-2.306642266592403,-2.007768149412147,-2.664261193944366,-2.3771063741267455,-2.0555036812616794,-2.9072472457784158,-2.1053839428676167,-1.8795662738492955,-2.326484528552094,-2.325365315380598,-1.9263202641853732,-2.522039061792566,-2.472897578925287,-1.9791349500436994,-2.953309185970946,-2.566438794938584,-2.030112274111136,-3.2151510435469333,-2.1714820432015665,-1.8495972385847212,-2.365350180273892,-2.381739008351691,-1.8584799412551753,-2.692597654476015,-2.5354940716890177,-1.8763086381328662,-2.9773869059078097,-2.650566098457227,-1.9001692578648495,-3.1427076822864732,0
-1.9963724377549876,-1.703854561850037,1.5889557376418273,-1.9534599575835958,-1.7110084287592944,-1.6998776402769307,-1.8616069247211326,-1.7338592460444227,-2.0037721602638405,-1.7167785197823375,-1.750017422243294,-2.365390822918366,-1.55345420720548,-1.7578211624410398,-2.6231182329782383,-1.9807341161325582,-1.8392004905247656,-1.1499604733104107,-2.0063347601811565,-1.8831206033364394,-1.6971642077391123,-2.036451338054501,-1.901056817811598,-2.1136098025698664,-2.0385606591119583,-1.9219192358686714,-2.3786816928688745,-2.072297391324214,-1.8588279238256227,-1.6409483908757951,-2.2417265537370588,-1.9191998517352689,-1.8841271882998811,-2.3555077755499494,-1.9676905516189998,-2.324818565669341,-2.423871692809997,-2.011961793949408,-2.594389875227292,-2.1512675839317374,-1.8497483646097272,-1.9734639562198841,-2.3668981086406906,-1.8922252071559025,-2.187950072343745,-2.510776899871489,-1.9365779237582557,-2.5960217257578155,-2.5966041671244042,-1.9815200365218308,-2.8380621007051867,-2.21946616868211,-1.8176829625723507,-2.0879843789456882,-2.428219539831335,-1.8302466827166652,-2.3901951323055983,-2.5761598806555006,-1.8464382864038473,-2.6468518161470747,-2.6822516842254744,-1.8681522627722962,-2.7916106656440043,0
-1.9409228389968396,0.48696816292489387,-2.511380287959579,-1.9332053764196788,0.5425983900831781,-2.1010087011543024,-1.9511044552513528,0.5598332912651457,-2.0970365701424774,-1.951680017039032,0.5791448192600731,-1.940456638674492,-1.9392665271607405,0.5856096960643912,-1.667596860382972,-2.151512049843669,0.5682367515296715,-1.3951545008219473,-2.0960517107894674,0.5606952416295048,-0.7552524837915833,-2.0322453364484594,0.5218975923679338,-0.3469549900395767,-2.018379290026917,0.4843197605860711,-0.1828274297012275,-2.15461716098229,0.5635392314119391,-0.46376275504598974,-2.104697525001166,0.5698881685692625,-0.2622262061726035,-2.036772659668367,0.5418577123039612,-0.1307999554572643,-2.01284324243048,0.5123269949585308,-0.13569709279802905,-2.1197317377893334,0.5613596268076473,0.5132295116530691,-2.078531001563208,0.5729586400740425,0.28820886942008156,-2.0162043919015344,0.5517382476059741,0.26773072910988066,-1.97825357132925,0.5194731933405311,0.22535721506494796,-2.071132468994382,0.5617655565441595,1.092959661031815,-2.041607313381434,0.5678621515634426,0.7419195144785079,-1.9872255960697476,0.5621928874198656,0.5858082998225718,-1.9500946920124644,0.547573918402575,0.47344384831258063,0
0.7791727351159571,0.42471691394189925,1.0474364408195158,0.7795544565750178,0.3926393051681551,-2.2125698769012745,0.7740098547680738,0.3928358610028521,-2.0498444781496046,0.739300563115296,0.40366275533403384,-1.7527125941802684,0.7271135798463304,0.42700661653289573,-1.431144608545883,0.8327268247584666,0.4238443695984385,-1.6054645675617665,0.8516255948771937,0.4465387078443551,-1.2993606491632568,0.8257171616728174,0.47058895177626753,-1.0201180586690743,0.7766942891645164,0.48232810044309266,-0.7983464814820607,0.8134896863265834,0.437447389125516,-0.7268938647044911,0.8125177644839109,0.45224662421858586,-0.46973431166117674,0.7792842030954662,0.4737847157080314,-0.22887559082763245,0.7182896635121584,0.48499585018936836,-0.08249158607347355,0.7826380712408811,0.4521957887454233,0.1419282547677149,0.7603905959699743,0.45865932170827345,0.13940715769382042,0.7332216982684095,0.47417889430222054,0.15106656795453646,0.6844064121089332,0.4881392141624059,0.17237671901940588,0.7404205074805154,0.4667271246278026,0.6442160366008088,0.7186058204955724,0.47366538717717815,0.5288499431418298,0.6813228940778713,0.4920635329494513,0.41548366296276423,0.6317233782506096,0.5081360531076762,0.34647821155723457,0
-1.9396179457976646,-1.8886683810282263,1.0563266971703678,-1.8503140860655933,-1.8408623294124697,-1.7110530619097999,-1.6754871470681612,-1.8384425797564738,-1.552837837926572,-1.4991813313248967,-1.8297898302388684,-1.5193170371128073,-1.3390349418930367,-1.8168178945308369,-1.5881418634798832,-1.806861164884485,-1.9576936802672988,-1.4281689130149762,-1.7578009104109742,-1.980274550976616,-1.5263017989916845,-1.7333811664709242,-2.0006124280284516,-1.7398957705107614,-1.6807800832673734,-2.0205703772899173,-1.9990753467909268,-1.891189301705657,-1.991670876055353,-1.8875921981638486,-2.0367555628355616,-2.048147565193558,-1.8750556832385865,-2.1212561605162605,-2.1001915030246856,-2.45473299472863,-2.1622512653656556,-2.140502213915965,-2.893925363750095,-1.9768873812106775,-1.996896192694253,-2.049736555887047,-2.157242465258664,-2.046778067995387,-2.3411024559402294,-2.2755505541147025,-2.100110933404806,-3.028792232572334,-2.3577281612340877,-2.143928965578574,-3.46611301838663,-2.055310982037366,-1.9795689303757218,-1.998404687136567,-2.2440041619888715,-1.9823105440585715,-2.550476146158066,-2.384143029789089,-2.011726259012685,-3.03464642977207,-2.487731788178263,-2.0441829630364103,-3.3376379076559424,0
-1.880935090060458,-1.9020323476523895,1.7323961449127834,-1.8079763602433985,-1.8721045766744788,-1.5880693493273659,-1.6926778321798737,-1.863480189160829,-1.8096632071842693,-1.5394153301936135,-1.844885686212358,-2.0982804019834194,-1.373446844440109,-1.822245657731376,-2.327429158994503,-1.8002002934512666,-1.970301045038285,-1.2086846172976267,-1.7564050156106208,-1.989374577592495,-1.6621320251774068,-1.7439772550449204,-2.0030595410324086,-1.9891880307330239,-1.7125156382172038,-2.0186341529115945,-2.2178179216679954,-1.902903891363564,-2.002397097088478,-1.6858306601237971,-2.042096685853874,-2.051830143132181,-1.887582369681159,-2.129021314118971,-2.1005421336804946,-2.2923506078946807,-2.1689869469106395,-2.142299652521638,-2.5452621975614376,-1.9918422716617936,-2.0043218019210043,-1.971954957393684,-2.168623596852672,-2.0447133615558464,-2.1931712755773094,-2.2742055498788827,-2.095867295834352,-2.683952490603044,-2.3266544261186852,-2.1452431646459997,-2.989326458837821,-2.067743335579625,-1.9814642347120295,-2.0360344347405808,-2.2496910829343104,-1.9839353404605438,-2.4065231372498257,-2.377132406907515,-2.0013312505209795,-2.7491322967738028,-2.4647544827731327,-2.0235894231294322,-2.9550952222349687,0
-1.9932091899490583,-1.8104380239968036,1.6102125561098248,-1.9484774920798325,-1.7736380262127838,-1.8414842452510538,-1.847464051485107,-1.757711498432817,-2.140500648447405,-1.685772931347669,-1.7324945382186068,-2.489761485245698,-1.5036344411293008,-1.706195212732259,-2.7544316598302663,-1.9233266614998559,-1.8810523074380967,-1.4127314801434188,-1.8996548959589525,-1.9105240571521018,-1.922501085181548,-1.8989709091370799,-1.9248486105242628,-2.244611769943168,-1.8826127313887964,-1.9395123917349621,-2.4563038332849243,-2.018121774552792,-1.9117945728210557,-1.9433407494162793,-2.175487186930911,-1.9692237015258682,-2.1829367196434393,-2.2824816519652384,-2.016590559908433,-2.58120114487787,-2.346396317801539,-2.0590899582883093,-2.800839425663846,-2.1025230344100723,-1.9075649018637544,-2.260784422719496,-2.309242115447027,-1.94102045946632,-2.559589750072587,-2.4391421965864346,-1.9858896120206908,-3.0742903652369247,-2.5172998541517666,-2.0326690206019986,-3.3376128096792064,-2.176941161406976,-1.8776202779072255,-2.321610621480904,-2.3806479383266494,-1.8722164650085389,-2.7150197818018706,-2.5267420036658605,-1.8810053584341293,-3.053183789137233,-2.629744166169547,-1.895200472686095,-3.2346390278055144,0
-1.9584122972642921,-1.7890049252315106,1.8543415922368003,-1.9108244230392397,-1.7598919199921625,-1.8474871096078405,-1.8207855842443579,-1.7478084625805208,-2.230204466783312,-1.6668650823119615,-1.7266407906100396,-2.6462033232943343,-1.475975620825265,-1.70186184067309,-2.9358184002579835,-1.9069719699197176,-1.873779242874988,-1.3718816275440753,-1.8879944404718956,-1.9049931134226075,-1.852635366053981,-1.8891856661519906,-1.916975258896655,-2.197537981132735,-1.8599089619862836,-1.9323323941397075,-2.4340965458123156,-2.0034482711995456,-1.8991394046145584,-1.8175514400892885,-2.159225535451757,-1.9506615991933227,-1.9750380648680186,-2.2581584289515617,-1.994817081294931,-2.3413470938696137,-2.3062965068713166,-2.035166666995257,-2.5819926409528087,-2.087197963758101,-1.8921092992715374,-2.069979031422219,-2.2887861590183785,-1.918794184089492,-2.215509069338443,-2.4152206848868043,-1.9594443705423013,-2.6167678440708144,-2.4872677943392167,-2.0025949057069776,-2.8727984528490036,-2.1558513764857716,-1.8628517546005308,-2.1316109973968844,-2.3542030248620667,-1.8577212097565392,-2.4138458757351655,-2.49862587200719,-1.86667440800078,-2.680540655062324,-2.6060241080658115,-1.882148742504711,-2.8427675649979194,0
-1.9585604833474168,-1.7848352097333353,2.142446488431322,-1.91540816572071,-1.7610937292212234,-1.9174076293740905,-1.8230795831472304,-1.751100120530274,-2.295128195864873,-1.668576183413274,-1.732255768580403,-2.690609667027682,-1.481821024921205,-1.7078741322183026,-2.9540404418997386,-1.9098231456510153,-1.8765871791580588,-1.405227347168639,-1.8853560779170722,-1.9082033178047988,-1.86466885836285,-1.8853414264240755,-1.923207734721481,-2.1975542932361085,-1.8583436330368535,-1.9414219643033543,-2.4153967222559847,-2.0035024427124135,-1.9013357482088296,-1.7903262782606733,-2.157011756853931,-1.9502578252921525,-1.970258559008721,-2.251709582999892,-1.997608791321067,-2.3267523572344113,-2.296903243576704,-2.0409773636293114,-2.543660326343982,-2.0859529892931246,-1.8955662261105828,-1.9923803474148143,-2.2816849965167783,-1.922293250454321,-2.1512264450990433,-2.4080190208842964,-1.9639004745445352,-2.5516156805941446,-2.4812912627362325,-2.00722227177309,-2.789516445977361,-2.154921033531037,-1.8666634349519722,-2.0264969277287355,-2.3473507415465265,-1.865215986669677,-2.2945696329267933,-2.4931773250062172,-1.874817279440437,-2.5523293737427863,-2.6028407618430873,-1.8902810371495797,-2.7007027004756474,0
-1.9644202511384068,-1.7875106349154424,2.1930526292954915,-1.9234019079723594,-1.7624887335807533,-1.9473853199633797,-1.8303009930268501,-1.7530360986114126,-2.298151263600905,-1.6812106879011075,-1.7369260915851825,-2.668918923753049,-1.4965230364786077,-1.7118117504896084,-2.9164477561259186,-1.9121139285780289,-1.878291094952467,-1.3883878511155792,-1.8854449296556677,-1.9089491316802607,-1.8372297740518126,-1.886695954375799,-1.9251726282032242,-2.1665698539945453,-1.8630520775203816,-1.944145068563312,-2.379726648365003,-2.0046617951658594,-1.9030567963746479,-1.7564135306230135,-2.151043006922018,-1.9522585743350926,-1.937248360035692,-2.2450460167752313,-2.0006515460456398,-2.2957937698807678,-2.291976040898686,-2.0445415951120207,-2.5075884194956446,-2.0871157447871744,-1.8981790488056756,-1.952357707682603,-2.2816774554592554,-1.9275207526896594,-2.1297482654955857,-2.4057620815451153,-1.9703760213935875,-2.5515899260425177,-2.4758608521658094,-2.01372161546623,-2.793059628073527,-2.159615362311152,-1.8704539002798337,-1.983794590969239,-2.3544602818654354,-1.871793184025343,-2.2744490043060535,-2.4988891663352346,-1.8840760209496958,-2.5546701759371415,-2.605063121732562,-1.9015147265108645,-2.711790027835326,0
-1.9308037909005835,-1.669194424170134,-0.30652339723983063,-1.9263575698383961,-1.7025109830592648,-0.41841873007700725,-1.8788943031199339,-1.763506977348681,-0.5288305074481421,-1.817241926411251,-1.8067064488597528,-0.7876945037269611,-1.7749940510856774,-1.845237897462774,-1.0048446975423966,-2.017409697099116,-1.8306378764761364,0.3324078665218876,-2.135659194001164,-1.858254363184716,-0.27251044529949664,-2.1618600433806803,-1.840447262435334,-0.6926833357626254,-2.1402463775576765,-1.8129563315066137,-0.9179134768600549,-2.0651446996742693,-1.8275716757966016,-0.1648996654226958,-2.2104297308792504,-1.8725105420266666,-0.7523588719097543,-2.236441282779261,-1.7971805520113802,-0.9793326290729111,-2.222856860788013,-1.7263102924837463,-1.008355586422329,-2.1248873738288014,-1.8173757170691298,-0.7299147069616267,-2.252242194257936,-1.8614019058196931,-1.177937975143443,-2.259221980377091,-1.7890689300475369,-1.0122902307031911,-2.251753558744464,-1.7179327119276475,-0.8176831585196023,-2.202574429067803,-1.7988593595220612,-1.0887052194408755,-2.298693602425476,-1.8359151777137446,-1.300388518940557,-2.2883705407576542,-1.7866716232385529,-1.128442017228124,-2.27962284602015,-1.7300856500872437,-0.9672694744193805,0
0.8528464995195729,0.3731737675023253,0.7359571833227685,0.8435600094700638,0.3935895806174262,-0.42950373661810315,0.8599425603365415,0.42434543867969227,-0.44901205009432543,0.8986101551747069,0.4511462256314657,-0.35511289392527023,0.9120662235510646,0.47026013102357916,-0.275806634363063,0.9302848277627831,0.3849761813761009,-1.142516667370909,0.9176099062363665,0.41398625778298664,-1.0531480914775972,0.8966287270595111,0.4428544403986436,-0.8268811383395771,0.8766294390411825,0.46521100512840385,-0.6462334613567775,0.9258652066511892,0.3981563915572088,-0.9961405625982903,0.8789545010716274,0.43607767267756475,-0.8939673534929711,0.8530447182655461,0.437728482065771,-0.6369735989587434,0.8445904592391327,0.4294224255885815,-0.476287982382006,0.9117234142488622,0.41511983748787845,-0.6399229726525084,0.8604009387461857,0.46148996348370364,-0.5701563599275461,0.8310517485132546,0.4556265278282125,-0.372199186601482,0.8218652598840577,0.4419202647390725,-0.2467009548089224,0.8869003093305956,0.43120887481241815,-0.32556471698961076,0.8530425609442341,0.4730466733155,-0.3035858132870902,0.8158226875855605,0.4745918552804385,-0.2642182708968329,0.7931749804428898,0.4659009184916025,-0.25336789014452926,0
0.710749658697099,0.47754824782043526,0.4250589608901485,0.7456446278885892,0.5202201469466742,-0.9987555554516796,0.799457949263928,0.5309261267255119,-0.7055042875625235,0.7945608667662116,0.5308786070520676,-0.48200000494345185,0.7750068233391912,0.5332316822407417,-0.21236206645466554,0.8999039121722129,0.513362247201432,0.5324212185927338,0.8478957639706495,0.5085892750686536,0.5138622267324425,0.8002607683636821,0.47849034223323766,0.43732926885889317,0.7980975897754794,0.4479730882753634,0.43872403453336867,0.8305323725873484,0.5050008890140755,1.2145889416638533,0.7701061905100481,0.4924947966897605,1.08774507677165,0.7281518270761201,0.46955439232472235,0.897258105527459,0.717105731393595,0.45243870021748667,0.7614165923653932,0.7592052748634777,0.5029640563974466,1.5205913046073671,0.6842074812832,0.48831030717011886,1.2514337268626996,0.6491155821534282,0.47067446285899905,0.965473085970879,0.6353005695665134,0.45542189396267163,0.7926805400977657,0.6933097805744199,0.5072200107831677,1.5288011579218033,0.6349431558300921,0.496385636202109,1.255043686475637,0.5944332974388401,0.4894540525801585,1.0268400150958878,0.5676848667965936,0.48144013383994383,0.8977721410839414,0
0.7082028805545661,0.48754290364862735,-0.18410640394937372,0.7604597148019309,0.5177755426952625,-0.7136109221522441,0.8029921875736422,0.5242983918265466,-0.49691936304438844,0.7954016082122866,0.5268047911993091,-0.36807342065221454,0.7798290658614696,0.5342292456220151,-0.15677340937382003,0.8470948706455634,0.5086712872337616,0.9799896303241586,0.8412168321885066,0.508453604529195,0.7883850237258166,0.8196940343111248,0.47320526461258067,0.5635235111742523,0.837123569520927,0.43663765892824635,0.48092138434905907,0.7934125745646602,0.49842827131080597,1.4806684407159227,0.7780405456470161,0.48807240398947654,1.1532003433574165,0.7651493364057359,0.464097718036379,0.8303953465560117,0.7822761319826581,0.44389786888882615,0.6492766111062587,0.7419689053849945,0.49563790102527994,1.5579912868373964,0.7089396362754957,0.4848114980895821,1.2209407143039748,0.7006205741101168,0.46506180795282265,0.9782923549709304,0.7164602230167784,0.44823815785916776,0.8544446012935213,0.6956373349792134,0.5009607187585712,1.4065597870393678,0.6593007705361592,0.4995101412035839,1.1835486619851228,0.6389538999268503,0.48756508653473907,1.043262218902854,0.636368637045178,0.4736607878363712,0.9731743892652573,0
0.734739468689682,0.48217106955749456,-0.36709780989970675,0.7547017805020556,0.5033019386437386,-0.6334720433966264,0.8021564813066606,0.5060178726506614,-0.5519830157157446,0.8129096071517491,0.5109420371678396,-0.5340079167714716,0.8032981042784219,0.5188594876807141,-0.40098965186698593,0.8629720756353411,0.49425904501249335,0.5761497220766737,0.8529190431374167,0.4983848054674941,0.2679953924159237,0.8354753764716109,0.453155567906511,0.030023200869274232,0.8758711482006282,0.4118806150051476,-0.04112898845610827,0.8279247529451575,0.4862273350806803,0.8817504474710358,0.810072896893542,0.4877862256441707,0.5459062545696306,0.8035490414955877,0.4529103245647112,0.3421899092044872,0.8556127569898556,0.4217631737580062,0.25034964239707924,0.7914171869516518,0.48281810416177834,0.8947880386762898,0.762074765483628,0.4853116587523185,0.571918693034802,0.7593694698717602,0.45491931813386055,0.5181813979941259,0.8039140592766783,0.4252639554280976,0.5303012946440351,0.7557261009790488,0.4885642644397165,0.7737014852024552,0.7227013836029685,0.4960811213797526,0.5639058634190256,0.7139491752964683,0.4744575535296283,0.5311070970034428,0.7379264816398691,0.44894174943722615,0.5368591961952031,0
0.7965933510298316,-1.6872525216372407,-0.19054537488700954,0.8361156884302344,-1.7128765876599135,-0.43903409781109487,0.8021397079813494,-1.7500804343771594,-0.9159613784876373,0.6781561085772648,-1.783878931801902,-1.4229816041660686,0.5290864853996804,-1.8046714192737503,-1.860565275979207,0.8529098326875025,-1.8322557221173628,-0.04400173670658351,0.9208182793983613,-1.8729584060816733,-0.24803823505579073,0.9818215702672153,-1.8920370164627565,-0.5994166117239446,1.0253194401476093,-1.9077666509856646,-0.928953538648185,0.8804645541840367,-1.8551114555142802,-0.6376562870715357,0.9990911042884077,-1.9110323967414908,-0.5905460620971066,1.1109840808083586,-1.952642917713717,-0.9527326702427751,1.169827940263466,-1.9831680121316906,-1.3003377743373628,0.9312829567352288,-1.8544318889886484,-1.1908044834093483,1.08899217757053,-1.922240507174557,-1.2263555837788225,1.2425945883863838,-1.983850693084292,-1.7954282568742252,1.3470507334693473,-2.032837044334576,-2.2128046896760742,0.9910813729662792,-1.8352749474969743,-1.475221183396896,1.1885752436177057,-1.8487662681298414,-1.5793076878830201,1.3618778452597062,-1.8685499968501131,-1.9049207407281867,1.4843436515853796,-1.88736664467749,-2.1818961235800662,0
0.7722884997581634,-1.8272979150912254,1.3755049653287743,0.7617029765155353,-1.8401896996596814,-0.7433093725626007,0.6827984850575148,-1.8609564096577993,-0.8884136863349509,0.5566642930600892,-1.879862658585998,-1.1009993830713705,0.42321948248779956,-1.8914765827753068,-1.2866452997069109,0.7238421482067683,-1.9549170298018126,0.33245502772210456,0.7590644175765454,-1.9801987350869183,-0.0461618006361786,0.8007233661676091,-2.0000289303208705,-0.47321789026545313,0.8133294862169589,-2.0200356827564687,-0.8106722447818107,0.7661544542256117,-1.9873181273603668,-0.17083792814053925,0.8646314794287487,-2.0276229542432533,-0.3564468648204218,0.9570860996191692,-2.076830276800895,-0.8201983367347351,1.0076944013985345,-2.1217460589556034,-1.153730721630553,0.8204478872927006,-1.9992133003567367,-0.8043265491757584,0.9545166882246094,-2.0481104146990834,-1.0631951000060675,1.0737812170731718,-2.106628214731529,-1.6243740859664588,1.1488060404621154,-2.1579888752997363,-1.994441965261261,0.8830024476442792,-1.9901939302256544,-1.199192375060763,1.0636953439823658,-1.996937208754671,-1.4998007225624468,1.2166117821193196,-2.025603444358977,-1.8525314502523498,1.3352614306926212,-2.054187254110227,-2.0912896991386836,0
0.8439234414642902,-1.70317063461505,0.08210298737397496,0.8535733792456531,-1.6870104204613463,-1.1724355332950187,0.7731741485010923,-1.7116456945820053,-1.368887843029076,0.6433126237762737,-1.7366550783171393,-1.5885637648298425,0.502037460759273,-1.7463813715311465,-1.7941458915653685,0.7977962644229758,-1.807116406423892,-0.8861849329127747,0.8509196362546846,-1.8530716986985194,-1.2191563366270692,0.9130525084173611,-1.8700320948367923,-1.528971716716331,0.9371410481174247,-1.887543612967929,-1.7775250700056704,0.8425847134201875,-1.8341709647541298,-1.4478529191089864,0.969777870214841,-1.8975099075666373,-1.483686191438118,1.0786100538512764,-1.9409391208930724,-1.8484344032979674,1.1328273047308208,-1.9778208775667723,-2.1225628712880846,0.9056711627965902,-1.8368324568783498,-1.8450594489330767,1.063004855448158,-1.9015906126519426,-2.071765861398889,1.1966865925687065,-1.9572935273248762,-2.552455184464922,1.2805912975100626,-2.0049809932909652,-2.872026611942699,0.9725182592233182,-1.820017045200402,-1.9571607034279257,1.1764568975880445,-1.8349538846769153,-2.3659382405136653,1.3481355269253301,-1.856151852580051,-2.7053568493564026,1.4820332399012317,-1.8758450166036194,-2.925480408573696,0
0.7901252813123113,-1.6973167082893743,0.8815995380027676,0.7885443331217307,-1.6997819572342538,-0.8833981087452455,0.7144329765946611,-1.7349018920182038,-1.030485378745601,0.5966551108430449,-1.7632327240988905,-1.2276170610941814,0.47029894557291685,-1.781687754207756,-1.4223642339069782,0.7484958848054378,-1.8311447340448703,-0.21812874811370248,0.7978649522114803,-1.8702880158220154,-0.6063287097061245,0.8493855365038527,-1.8897281638932384,-0.9682502496416346,0.8675526976797462,-1.9076298383613552,-1.251622791000706,0.7944902593585528,-1.8548217646603344,-0.7819652978937236,0.9163576482421231,-1.911865813066748,-0.9647494683039145,1.0100867832722504,-1.9597146217603771,-1.4286822814673017,1.0492513209945753,-2.0004929025483076,-1.7409262789181696,0.8533393722969679,-1.8593119531278197,-1.3236102677278339,0.9998342544663792,-1.9184050415985505,-1.622587954475502,1.1173131128458158,-1.9788712640256876,-2.1801558922996014,1.1859670943596659,-2.033893874712296,-2.538419942142632,0.9151771538510469,-1.8432530864658048,-1.5823260806321646,1.1113617867786152,-1.8555937755934602,-2.0007951664266788,1.2776195463115703,-1.8819384509730428,-2.382657910395915,1.4066305700285064,-1.908540141580065,-2.623827386458976,0
0.7972576602948662,-1.6825713722524756,0.7165877329683942,0.7961079570532696,-1.6845801942906449,-1.0667010433016046,0.7253208380540962,-1.719186419996872,-1.2468417330081851,0.6121314045574435,-1.7509508197346673,-1.4607777822559398,0.49165042807475945,-1.7735682056601028,-1.6406959559438277,0.7668070743644626,-1.8123696913923466,-0.49863099069388156,0.8208246298876924,-1.852593859077926,-0.9118489976099176,0.8795521110480293,-1.8701518641466952,-1.2469338449111829,0.9017212829551281,-1.8860040859738594,-1.4988820499243245,0.8124251340206591,-1.8326931037168834,-1.0818077008639186,0.9369848135687372,-1.8881933652867984,-1.2734368901175017,1.041281537539031,-1.9361703726960102,-1.707002420769523,1.0900403388100746,-1.976571064807602,-1.9895451128085517,0.8705211889037464,-1.8320999020277007,-1.5996969341744132,1.022770799872725,-1.8883646563614715,-1.9443341496926583,1.147132634855582,-1.9466103863179034,-2.472194786677706,1.2205823416256243,-1.999350504209002,-2.7897339308616793,0.9334604481888948,-1.8113052677810173,-1.8152405667460911,1.135993650886123,-1.8281111783727813,-2.274611964961934,1.3036396082805741,-1.8505963427795238,-2.6398004392398153,1.430416351002907,-1.8733037074268593,-2.8588314251858944,0
0.7909288310439047,-1.6410383526939911,0.297191090013652,0.8020793807383093,-1.6524022149253714,-0.6952339820680756,0.7552927970530323,-1.6985796057885238,-0.7650890433015414,0.6628596025886646,-1.7385862215783998,-0.9600962077041728,0.5580177819646297,-1.7662641737513058,-1.1332775593691327,0.7930772604603042,-1.7833848159024532,0.2682804245246478,0.8677004766337498,-1.8127115836673653,-0.1620227642909928,0.9434051616287353,-1.8225433821746047,-0.560071149857088,0.9731934444952696,-1.8320625994620205,-0.8772995158719566,0.8271819465944548,-1.802837164924265,-0.34722781055637114,0.9662935517475074,-1.8517364935317202,-0.6164065554734042,1.072852655430376,-1.8910359125416596,-1.0805094089621614,1.1139074479368787,-1.921878492928727,-1.3874307696844228,0.8789612974832088,-1.8020605199186792,-1.044566453303014,1.0345155780184379,-1.846445326742235,-1.422897044915906,1.1593679494213043,-1.8928532173748238,-1.9018607135566408,1.2305044597795212,-1.9353376030851897,-2.1910145038397504,0.9348965024943799,-1.7800165482747468,-1.4506135443011012,1.129960954398521,-1.785867413442595,-1.855145641505779,1.294776462962774,-1.8026355187268719,-2.1704193840427544,1.420007702011559,-1.8191330657373341,-2.367462226869533,0
-1.9420908253685596,0.3038670070852807,-1.6929593488543262,-1.9096636866341854,0.3253184870358819,-1.8282490457235563,-1.906361116650315,0.3415733343437452,-1.9047436738821657,-1.9217110659250791,0.3663593772712788,-1.785896425360317,-1.9255666311319704,0.3845034512240003,-1.625669805480772,-2.066407712877632,0.3543860292197312,-2.1892449648527155,-2.1497914757242538,0.40752045924253466,-2.1125113201758974,-2.1833536887604454,0.4676020913070956,-1.9946041838762403,-2.1929459660672643,0.5183845641567807,-1.868626102664409,-2.1193408359581416,0.3695582417602881,-1.6318651864377207,-2.254728681488709,0.43477674840916963,-1.726841604061869,-2.262104939317348,0.4896993836181002,-1.6045691309143797,-2.211037589257225,0.526182255924316,-1.430085913073359,-2.120278045833119,0.3880006935600396,-0.8240440363811045,-2.2024687009148676,0.4407865538284507,-1.022327698479738,-2.1872191238664973,0.49060507884106186,-1.0409719406998559,-2.130163940064533,0.5300224234751971,-0.9672567966232088,-2.0912700382849803,0.4057671878184746,-0.21536880373566394,-2.1196893583824363,0.4390981127312439,-0.40028903279748057,-2.099593444318353,0.4799853818055802,-0.5310397582274415,-2.051093049605597,0.5192756491510904,-0.5903751739554892,0
-1.7424044387292608,0.3567915229375903,-0.9621023963686112,-1.6677613759442245,0.41287240476873927,1.0301793819581089,-1.6818161173746002,0.4483401019818918,1.0484655500723352,-1.7349776102689445,0.46041376754923447,1.0888706307670488,-1.7572020484044424,0.46861616978879683,1.085750680915558,-1.7527513381618118,0.41050868738838997,-0.2155095329565513,-1.8425222569842117,0.4642851127097985,-0.06890821657707853,-1.894295032907723,0.522711201847519,0.23743680979417076,-1.92648689778696,0.5724607311481339,0.4371653152612787,-1.8460274963634273,0.40483104390497493,-0.40003361506575724,-1.927316941287194,0.4630919087246761,-0.2699236216763997,-1.9357923691278676,0.4796522126559029,0.21554954900720238,-1.9380404864127838,0.48159211511157285,0.5895405966687287,-1.9128590653541888,0.4026413038508923,-0.3981583547681948,-1.9720843661904137,0.45925544941175206,-0.16258485010679458,-1.96034736640428,0.471589586133021,0.3419317890027953,-1.944049753629069,0.47063061419297963,0.7179305903300883,-1.9556869772849497,0.4029693849114972,-0.3216373545132157,-1.994579073443005,0.4382077027824809,-0.02967089448568721,-1.977547472527172,0.4607418216687774,0.22407819298382442,-1.952306098090161,0.4737605399132178,0.42224736290207143,1
0.7764556013188075,0.33373360796166873,0.4534676675080581,0.8006979788343043,0.3737058518515828,0.12347932553321163,0.8524715239096414,0.41662163495624577,0.21849671852979818,0.8628905949237267,0.44058615889687613,0.40590313099772546,0.8794383780517367,0.4588848479811077,0.5368147071589803,0.8427349791603218,0.42447227185878955,-0.7229071591109452,0.9417921449933749,0.48051021189381127,-0.42475208048260427,0.9499958809026621,0.5104650014096984,-0.058479653602506454,0.9279548962204227,0.5226618835193919,0.23871788189545706,0.8397866727024574,0.416805206086072,-0.4273995296769463,0.9292347901184282,0.46983547023967476,-0.09456522768640453,0.9288057508554259,0.4968786258177457,0.291697137395507,0.9014683225845412,0.4975191726884123,0.5765627026502651,0.835141313623004,0.4050568903301705,0.0033873658192053765,0.9157070546258983,0.4508021167291912,0.23929629783750495,0.9207637533572361,0.4806808729871309,0.4056195795383153,0.8979866250204462,0.4899559786136794,0.5389698010182408,0.8266403330748017,0.38990551741839896,0.329830817348163,0.9180017325690876,0.42714671297183554,0.4627093068968736,0.9374169450451906,0.4550349243917452,0.49850998329569485,0.9236770087582807,0.46618912040228055,0.5583431651134393,1
0.7198189581362535,0.32156660291283057,0.6589476981048185,0.7272908198640141,0.35258560814461826,-0.0009819179179317127,0.7875123816436851,0.3850895476513015,0.058632141940014454,0.8167547781659362,0.40847539504982666,0.2348298247081634,0.8427275998170063,0.4294291573863336,0.37651472049918516,0.8091921003734182,0.40517834913994455,-0.9068778920336942,0.8982344008788358,0.46269322842052496,-0.6042539117815341,0.9067331105520298,0.49541008375477164,-0.20369527921533176,0.8862673156246291,0.5097695146623836,0.13116300691783442,0.8140067780403323,0.39787436014038313,-0.5651153123461279,0.8873717153097458,0.46002392690055516,-0.26718301391028887,0.8771368154123419,0.4858111269876325,0.20830585022380135,0.8467688542379794,0.48947400270987057,0.6075830605775896,0.8109143832989272,0.38575448507400334,-0.055185653404261216,0.8773976445096007,0.4382008466985586,0.14154388641980212,0.8695993475971223,0.4688824096814299,0.46923451821500994,0.8400113723751127,0.4827110060788851,0.7422075325694614,0.805123653859005,0.3735888707693866,0.328829519742974,0.8923645507709954,0.41789451968550506,0.4220550090873926,0.9006808039247729,0.4538243543696492,0.5519602582461486,0.8723575579797606,0.4739002981000398,0.7115514540730304,1
0.7653334773475381,0.3240256111825665,0.7112632469267841,0.7848396643791719,0.3505131813387297,-0.25994709397297977,0.8371910245510306,0.38568890401561945,-0.2060087791437308,0.8636398836537885,0.41104070935830833,-0.02109006966201126,0.8922149463101815,0.43090347216405206,0.13574415225930547,0.8626431108720658,0.40371706920593353,-1.1011739802292884,0.9403375012292502,0.46074670533141643,-0.848155493353984,0.9402501406513903,0.49402699598228605,-0.5153626160358742,0.9154658460764915,0.512297764578627,-0.2454825718247202,0.8631231038219946,0.39767138505669286,-0.781658818375335,0.915858603919705,0.4612948586786126,-0.5720462429705158,0.8920716960630053,0.4800243754106032,-0.19891760099668562,0.8562062267732505,0.47980933315872565,0.1073968288371635,0.852928667105705,0.39018728544977016,-0.2610110467016363,0.9040904744580903,0.4464131039999544,-0.1158102809241969,0.8821654665104317,0.4647648608207879,0.15081652433751866,0.849529875826493,0.46834378484085804,0.3644135195338692,0.8385413314394278,0.3818547026593315,0.1396694675578184,0.899803269406042,0.4294090536573632,0.2097394586288536,0.8927029857850226,0.45604814765969215,0.31171955302077264,0.8647615108125134,0.46649758856603823,0.4231755650427258,1
0.8359727330358145,0.3145032670382346,0.7490704675456746,0.880085531631868,0.35345655625203715,-0.07653099519000821,0.9485757712801315,0.39167946637505185,-0.003179469359569841,0.9875385683787634,0.4126603958330643,0.1910507980155131,1.0234192288668713,0.4265876451894783,0.35526977078401406,0.9709966556361579,0.39533957429628946,-0.9341048389398916,1.0671041702463833,0.44461413146015905,-0.6118154280651416,1.0634269415168245,0.4752929488298055,-0.28130906930327293,1.028083951897745,0.4916109850681022,-0.04579114382064554,0.9490259907441513,0.38669513811185197,-0.6625417343087414,1.0181456056151854,0.44170176449071097,-0.45974807004324375,0.9994607836053822,0.46927471972207774,-0.2236469509076022,0.9486622026400923,0.4800927758662716,-0.027878883266140055,0.9214681157888067,0.38221899804730297,-0.1785149689498735,0.9880040110020629,0.4258975118775195,-0.003647836217022576,0.9735439427183324,0.4553533567016388,0.10484312863687387,0.9307180305427671,0.47483509752661573,0.18278875984918214,0.8932652580091608,0.3757212673286752,0.19865606775786362,0.9615196592034841,0.41354818931022913,0.3417612019948069,0.9676505390576826,0.44287492070152235,0.40712516112278707,0.9399341506379111,0.4618318759901567,0.4563091953923566,1
0.863252196285811,0.33907236600867574,0.808129231346637,0.9144277211739656,0.3734724972543009,-0.19890891212134795,0.9914138574590434,0.405181641697003,-0.13192538651328892,1.0481582090351285,0.4276156028694972,0.0830455382572516,1.0958327337437164,0.4463022520497959,0.25644439618413345,1.0010947147321598,0.41327878012791935,-0.9772642148149497,1.1266969827701296,0.45729683295580614,-0.6234430844684691,1.1557677004544213,0.4892683715543027,-0.25436147452947294,1.1445270933732805,0.507280117162394,0.020204454436521847,0.9912485811229932,0.40339407879092515,-0.6209481898758565,1.0867754396846636,0.45277424211110884,-0.35390686104524344,1.0953891162623055,0.4798261822276272,-0.009549730801975966,1.0664970316090079,0.4870482661024709,0.27362071296786095,0.9742612677177034,0.3922972672274259,-0.08184333831710719,1.0607442139815721,0.43198743105807147,0.12456432336457761,1.0673874448711553,0.46174758455329,0.3203261628312641,1.039968899529927,0.4779922873037985,0.47553851573233547,0.9562879794965681,0.37826535002121725,0.3162879566020538,1.0439841622188655,0.4090939875181997,0.4436292281078998,1.0590235444264475,0.43768403882997003,0.5247906811262011,1.0358061243191707,0.4544431159550282,0.6134057540709914,1
0.7911357470444892,0.335689006785361,0.5845984642180894,0.8212378105212562,0.3637420071843562,0.13537356168186757,0.8906357723238644,0.40142973688461503,0.194978339485191,0.9249080072055192,0.41889064341246707,0.33471300968568996,0.9665236745238933,0.43100478513374496,0.4264504535573668,0.9087159116801102,0.41482066544348106,-0.8040823924622118,0.9943263423492822,0.4569035380280003,-0.6017337623500775,1.011161706038084,0.49429578200168556,-0.2943118212788114,0.9946270767398547,0.5179541078132823,-0.0469922897546986,0.9021881516249761,0.4054804547522535,-0.6534802645245332,0.9796256781772245,0.46173249910012265,-0.47339046457458794,0.968475441919449,0.4894750093603364,-0.10180067948348623,0.9304601234895806,0.4970666333912359,0.21749167891339374,0.8921459472475068,0.3951440989921293,-0.3082815130495521,0.9576269555055459,0.45012751731679546,-0.18077900191605553,0.9464864591591177,0.4748878745501697,0.09364286695220378,0.9158688709519971,0.48338812038880874,0.3339522966749176,0.8812941162357059,0.3833142389437276,-0.009734599901967119,0.96005910331339,0.43080008382203194,0.08420941851508468,0.9624743371272815,0.45748096456330645,0.22353595167059784,0.9347218214336303,0.46556112975490344,0.3706070996199365,1
0.7941570318049039,0.3267044151003639,0.9050226687850844,0.8110629781854585,0.346026228565215,-1.2172391185071272,0.8719956745720159,0.38286769729324144,-1.0374326926237585,0.9110248613734852,0.40775297096403795,-0.6872704128359693,0.9629976525184584,0.42935528334593254,-0.3599912571318066,0.9137851611454603,0.40448377666570073,-1.7738876283074387,0.9972832116829002,0.45839466699017584,-1.3715098818239815,0.9971028909812094,0.4955855681523297,-0.9130681421024366,0.9648067477987378,0.5142020067850341,-0.5365215477535232,0.9076258224243197,0.4019601227414583,-1.0373145655151725,0.9681557513722423,0.46258178645151676,-0.6960312706817529,0.942040239951006,0.4915995913452554,-0.2226432364609582,0.8968087827986967,0.49481774565264736,0.16919210976768007,0.8878160078876275,0.3977602646739309,-0.11632715016478369,0.9457380593715998,0.448794784686662,-0.024514652303171278,0.9245955703834515,0.4755283090802485,0.19646473928888336,0.885158297129293,0.48667255143920546,0.4149136578077101,0.8617361728556994,0.3923400847189474,0.521190833616225,0.931678637156793,0.4352376072403987,0.5102258889994151,0.9308370552284019,0.4631388562705164,0.5589691453446048,0.9005602529032138,0.47456224130127755,0.653904865074675,1
0.8528503889180802,0.3572638346214505,0.9012940105655173,0.8838368451140426,0.38324397311753594,-0.5176585964604488,0.950163317187538,0.4213402532636103,-0.24442198719592126,0.9917911196733725,0.44737733445054656,0.1307948257783974,1.0398243511449894,0.4681623721120474,0.4367200015827319,0.9750453163076269,0.4401982451800438,-0.7108976577277814,1.0800998294555166,0.4838613240973161,-0.26036504297682284,1.0912846852238731,0.5138806625968696,0.12600836367639548,1.0664924662444553,0.5273942973431256,0.40116729553739366,0.9628085368668042,0.43029812522761157,-0.073467932683224,1.043113107778398,0.47736758431313425,0.17206099889224696,1.0359236635811295,0.5028973368237409,0.46651564492598957,0.994776408782271,0.509023070475187,0.7102730187899319,0.9428419309227254,0.41939858189281826,0.5956484823149375,1.018991054262729,0.45891300401972357,0.6908450910071697,1.0136041713593114,0.4861324075158745,0.7852269620068243,0.9778894645792752,0.4997874374635483,0.886921886809755,0.9198443303438733,0.40801024652778817,0.9991584247377918,0.9931998119624313,0.44314961250112883,1.038007136383007,1.0023050093969978,0.4708306115728364,1.0452393898799146,0.9763901214352619,0.4858342259849398,1.0852898773571786,1
0.8444096162776937,0.3393238150753091,0.6434647339122036,0.8859143300553903,0.3737894760911186,-0.36541571708076825,0.9581020333907654,0.41535719411354594,-0.17639581092561238,0.9969509234802479,0.4357860274857623,0.10403544567568444,1.0446325629705824,0.45410757208988584,0.3509189492771141,0.9790381150381624,0.42437800454816244,-0.8667183615025452,1.0945850904898615,0.47403867728275806,-0.6383358890726971,1.097617597182353,0.5046921448437647,-0.336955002142515,1.06587175102783,0.5156070902045653,-0.06308909960275598,0.9574578688002503,0.41345748496181123,-0.4269109179387845,1.0432785567069114,0.4673840840294113,-0.343554695401342,1.0242177898222418,0.4941739005774717,-0.079646298367777,0.9801130937118004,0.4972158647654657,0.19985231989707858,0.9314894783209682,0.40447576780730415,0.11789436943049647,1.010100985337423,0.44949125326383793,0.15291723278830402,0.9960937724121757,0.47666121044684495,0.28549065220315845,0.9575515127925484,0.4876648827888859,0.44617782317331395,0.9043856281142403,0.3955730822988207,0.49094481489952846,0.9852378855355868,0.4330201905613494,0.5072588219073868,0.990624614769121,0.46288985499682483,0.5357378155542064,0.9619572105170392,0.47777562680581515,0.6140033823436786,1
0.850163592429287,0.33729977456864624,0.6241051881763023,0.8835794020319325,0.3691055270853376,-0.145745564967187,0.9579668601220801,0.41353361410874073,0.09876258543694279,1.000375204153693,0.4366274194471637,0.4468538864096486,1.0381687289361319,0.45294986034245766,0.7349818911916246,0.9823268759734403,0.42877277389345647,-0.7330195029628205,1.0835956355642276,0.4742753525436878,-0.27889328290329984,1.0890215943943244,0.5026450685863058,0.16261599943883717,1.0639684410180383,0.5143702093188167,0.46866827754775175,0.9652298393359459,0.4185315885027422,-0.24772646060298914,1.031372528106663,0.4677282478560361,0.020015890695701387,1.0092057063767959,0.488661927944248,0.38570189151814865,0.9698817548446901,0.491730400468916,0.6830875927556483,0.9403426300719095,0.4074543689647764,0.3427368505401061,0.9998241997230141,0.448599248625098,0.48750686295831264,0.9825103412041366,0.46953144404327074,0.6891492232233762,0.9514062720827033,0.4764955083029147,0.8589553826378659,0.9135057797223941,0.39480188752274026,0.7363602217812153,0.985491585990522,0.43005708917596447,0.8166402973597492,0.988781554472809,0.4548924108968026,0.8855155847765708,0.9672066141611824,0.4654416378211611,0.9735732793762887,1
0.7779919137291625,0.3601592332798133,0.5100325129728113,0.8006163505399767,0.38702920944624974,0.3283536729339458,0.8595597338529656,0.4197327656886043,0.42799465785715674,0.8964319177569403,0.4406948421664196,0.6146843683194557,0.9401179033622858,0.4572028943826905,0.7440592412540344,0.8803477993580978,0.4384353098520261,-0.5591827294420454,0.9617531978741148,0.48646325560131004,-0.24910622428088885,0.9726610942038332,0.5134327664692188,0.12138842836589527,0.9579702142348251,0.5247324330197636,0.39976338448695187,0.8798095713466214,0.42863137699995013,-0.31661590898312375,0.9408315011566734,0.48529334982227484,-0.0850292240473645,0.9263053453394097,0.5018185297326995,0.296362068632656,0.8970373488639232,0.4988985938651351,0.613327067367035,0.8731280368444945,0.41501843355771384,0.0744050570649417,0.9319010567106664,0.4668607730694249,0.24890355461239932,0.9202364227708946,0.48709356518344815,0.5119473935872417,0.8940065611316192,0.4911136985216404,0.7259338036399197,0.8640478884262411,0.39953484460761474,0.37804629043824217,0.9415666321464943,0.4445099759787404,0.5205183756176273,0.9431600525756626,0.4712041134833737,0.6624668356015758,0.9170718602564447,0.48134880410203945,0.7985043480518402,1
0.7076350283725108,0.3588664223078014,0.36405124808679495,0.7139109557080802,0.390953929684387,0.3856227664983927,0.7646759925654226,0.4237944029837044,0.5041417651552211,0.8072675981149863,0.44650258701000134,0.7681331705277167,0.84053881113411,0.4628782675365025,0.9683018549469115,0.7942680951694113,0.4353742180231695,-0.8654833275718118,0.8732588083466004,0.4930333009900956,-0.30733169998924603,0.8710766955527101,0.5189177416061018,0.2861085830593207,0.8465426250332422,0.5249916070647762,0.6846940763083341,0.8064982780444991,0.4288556890870472,-0.4991364267023298,0.8548214369826562,0.49064276041141175,-0.012131762572122999,0.8333358097925234,0.4917119008156083,0.5728318184363571,0.813740055330015,0.47699622485101356,0.9755659967670975,0.8066148376818547,0.41808116654735566,0.08784582272080282,0.8531347108743428,0.47189505480182287,0.40847168843994675,0.8324754521704769,0.4757693573058275,0.7844583717581164,0.8155673994917121,0.4646869158231053,1.0253432797114432,0.80095653199041,0.4050289623357954,0.5403826530673193,0.8713319136783624,0.4469302232020094,0.711102261475647,0.8623525549144607,0.46178047485403745,0.8746248351832389,0.8423769751447275,0.46011977240206453,1.0090572308510388,1
0.7194774689473189,0.35274237495509914,0.38581944631291853,0.7358537176403982,0.389281775424261,-0.08204994983536532,0.7915547530437127,0.421548242227292,-0.016088200283739102,0.8326311775128922,0.44098281113636073,0.2322809820442287,0.8702461131541886,0.45937426349876476,0.4270608234785067,0.8162599659477239,0.4291973866491508,-1.2414357127894318,0.9043743958858856,0.4849135189612429,-0.7788533673974857,0.9060678013508763,0.5168334413855246,-0.31219670557071855,0.880842286296777,0.5303819060100808,0.022238956585470645,0.8205861545124133,0.42156855532097576,-0.8092711287261599,0.8803850947958926,0.4864618072583444,-0.3694371677418333,0.8617261725388317,0.4951819942982912,0.06839875780020938,0.8372252185320329,0.48478460058169354,0.36879382041635533,0.8135461696953118,0.4135458479125213,-0.12228913910911682,0.8661178982445235,0.46854058220883443,0.1861384385018322,0.8494176146173221,0.47712028970122483,0.4271068943538726,0.8287726796107282,0.47221573427506913,0.5688579245974941,0.8023601543971892,0.40318440204237466,0.40809539846746024,0.877804041483547,0.4443149466092984,0.5888032034109592,0.87437111819492,0.4629306488225147,0.6823733646770834,0.8552266389606477,0.4644312203461902,0.7447532996808844,1
0.7677472380611238,0.3348364984222489,0.5030485727013577,0.7814453625579025,0.3719318941694131,0.09260547892977301,0.8385269705787672,0.4119852518235548,0.2062159213854689,0.8784302819980889,0.4339178426913853,0.42058331259365467,0.9102379158445427,0.45157527551928067,0.5583674562309057,0.8713389530107204,0.42278393066352893,-0.7447677509472841,0.9566969027607654,0.4764056792864389,-0.3754520195832226,0.952894134110187,0.5051390741152303,-0.05671019150372105,0.9214205957201024,0.5195169699476021,0.14539917338451652,0.8717084678312221,0.41030398527881745,-0.4823418088652669,0.9368238605350204,0.4728837070076568,-0.1970349076818928,0.9152865764540856,0.4854908370166248,0.06466403355330701,0.8812362158810314,0.48195453416327266,0.2321491731087951,0.8633350170467543,0.39698803474421585,-0.0374712716884641,0.9217290080063106,0.4523136619419391,0.22199806816536896,0.9008728080700729,0.46529046230321397,0.36176956465923016,0.8711991125545507,0.4665887587588359,0.4191272079813205,0.8537782899895373,0.3825103615637538,0.3021701915912528,0.9242731129737939,0.42954274965269107,0.4687899220782197,0.9161830802831716,0.44849228347801434,0.5369010813678354,0.8887141267662945,0.4510660212373017,0.5646716324636322,1
0.8004212970406456,0.30749079002718693,0.52442252404869,0.7998440212936467,0.34494803777720723,0.43343308959762905,0.8588888008405128,0.3947896967222862,0.5991925652936759,0.9126242446683052,0.4227520960480102,0.7940420252436353,0.960583293404238,0.44110336645657083,0.9044920021886714,0.8865440413143452,0.41100297598237384,-0.14148030221591193,0.9830387728471552,0.4629024703003151,0.13173240173920173,0.9919623378566719,0.49522178851276427,0.36839772949750715,0.9711016450479688,0.5133444107677171,0.5175165515474789,0.8877637551528762,0.3980231720615792,0.015843626367763607,0.9576929050016895,0.45917638911109737,0.19319807319745783,0.9455520020786724,0.4808545846326264,0.4123574354919901,0.9110650898758256,0.48535730020617013,0.5815288446565624,0.880328236582782,0.381989446293304,0.24912523444247164,0.9437899528446124,0.4384684223617514,0.44392674465682713,0.9323854792137247,0.46408648585646317,0.5887865413787015,0.9019712858876617,0.4757418484538782,0.6754728115479445,0.8735790954947361,0.36232828028058056,0.41316100143534934,0.9467765804297739,0.41041722816411064,0.5725300432368192,0.9507272961226183,0.4403255714908763,0.6529357598900997,0.927703798487873,0.4548463354318855,0.7088062317379795,1
0.7621317244963879,0.30307247071348575,0.5368842566302954,0.7815539012789315,0.3412692322988118,0.08948746652051258,0.8516358176426598,0.38479542184407484,0.14175622967563434,0.9063545374443617,0.4114148466493709,0.2963554448580386,0.9482988788141368,0.43034282096457965,0.4148330427569797,0.8851412859086807,0.3933449326511361,-0.8430133737276658,0.9880571967276603,0.44937257611617326,-0.5698855608081637,1.0008951534277843,0.4837152330563844,-0.2383252061494482,0.980568364555976,0.5015036631043193,0.014600829506626783,0.8858620067389775,0.3860785534236608,-0.6378442709288717,0.9606997594416283,0.45033060396084973,-0.39610397301863753,0.9435505196239377,0.4690427602931122,-0.04333264086652745,0.9077649166884331,0.46922359593741986,0.23717116474347177,0.8777790588206932,0.37649914778867777,-0.23680918519937122,0.9430961755524208,0.43373130398607235,-0.020613504646858547,0.9251895953947098,0.4535807796136494,0.20764630529560227,0.8923093567105579,0.4595131902860129,0.37192569103878653,0.8681064011456818,0.3651802675045391,0.09088756889435139,0.9585700950358265,0.4131121305407594,0.24186878150613594,0.9578469393118983,0.43674684041899065,0.35093273769047734,0.9285472419947409,0.44215176506126896,0.4471073559474,1
0.7780370307518465,0.30770596214219853,0.702565161706091,0.7964990552546632,0.34340313779463577,-0.6744499945487084,0.8669271703294134,0.3927056052882232,-0.522850152157069,0.907868703435624,0.42310399635297685,-0.2194036066423077,0.9344376297734875,0.44672095955735486,0.03733614852490766,0.9051354272755128,0.40444197116272695,-1.353764455975082,0.9889845564037212,0.46079733238933945,-0.9455460410703694,0.9802040372719109,0.4932979864188788,-0.5150371762029888,0.9435388562664453,0.50664663325347,-0.1921709712652973,0.9013542386389938,0.39614907192901583,-0.797856360191879,0.9579428767523782,0.45945831852027114,-0.455908293542681,0.9236003524172198,0.47530248399692365,-0.0516854775554745,0.8804953811345299,0.47117692803224304,0.26417678091100616,0.8842490294048758,0.3854360655899975,-0.057423706246772205,0.9382916840144656,0.4404405064563408,0.1343584793922174,0.9067027900667933,0.4591006069240364,0.3558034024205886,0.867005748868494,0.46119267470484493,0.519394899534602,0.8616735717488951,0.3731399150001145,0.4644448807006037,0.9374426166516289,0.41864370147018937,0.5028247592114333,0.9293568474279263,0.44340444575057486,0.5504654431668243,0.9004549277899686,0.4510031168933272,0.619478931750125,1
0.7723693992471137,0.326881176325423,0.5325324687180896,0.8032858648687552,0.3683740628873422,-0.07394558872326293,0.8641832516417207,0.41039457143753316,0.11244304984746109,0.9023617950020624,0.431722218276747,0.41833262503725,0.9397682152295155,0.44927066929462595,0.6752612392294439,0.8846695628519086,0.42386513573063467,-0.7526642061563782,0.9741215540981849,0.47230513698904925,-0.3690877192209668,0.9606647376705344,0.5012515871098326,0.017139848142212564,0.9171600844688159,0.5119902619182742,0.30696090370270845,0.8702721019596975,0.41447318103423975,-0.2911181296702825,0.9343798921236107,0.4670391703905284,-0.07483318990831957,0.9053312760668897,0.4864617389302676,0.22774883218575268,0.8584237185990441,0.48516010160450995,0.49061171940644976,0.8483134941594838,0.40602078483118564,0.3006391432693979,0.9061491831620938,0.44841143109228,0.42791749684502356,0.8824091234761274,0.46747507250711867,0.5814190856526141,0.845147116630827,0.47050086322995865,0.7209065779928235,0.8221813241178544,0.39502665209688415,0.7096714972037818,0.8871625059286795,0.4305926801753563,0.8266750834987029,0.8838168022135187,0.45093752896465955,0.9058875703940276,0.8605164874482769,0.4552979833576605,0.9902272949589235,1
0.7469047293405899,0.3530930521541098,0.5881807063384876,0.7576188707564869,0.3901507403481336,0.301048751303593,0.8197063129132734,0.43032369577576113,0.45640988281033484,0.8591722106294667,0.45355032179075255,0.7088035680048401,0.8854651019202243,0.4700997188215654,0.8877180919723019,0.8415645384931428,0.4345588740958904,-0.6433533867747069,0.9222301966433796,0.48260761857919326,-0.2962365124995903,0.9267277311379457,0.5136640868114538,0.10414813956878763,0.9018902734853088,0.5293025669341427,0.39844036313617387,0.846040199316827,0.42617269768430577,-0.35043816522530685,0.9066833818188866,0.48315838438507297,-0.11294419926405108,0.8889343674900338,0.5037975253671608,0.31187847318520756,0.8572187343428941,0.5040826883085343,0.6700662833399338,0.8403526715242843,0.41619934361257027,0.09810949989078657,0.8971493499550521,0.4659996425456688,0.2752529583017151,0.8783069717142495,0.48844475051507574,0.5700774249818272,0.8458761974032548,0.49498840861463916,0.8120661024452347,0.828720499973188,0.4037784227026121,0.43810548364882845,0.8969264168952505,0.4434815659382205,0.5422074422677489,0.8924849451696107,0.46846112604818674,0.6655094170749926,0.8662385902006647,0.47717395596763246,0.8069082557974727,1
0.6980072113077185,0.37271639338678,0.7277408716636788,0.7022246544058874,0.40021440525385754,-0.13084953323540263,0.7502775727849481,0.42861236378310164,-0.011125271988130342,0.7897149120529265,0.4497972744624267,0.26075406044154154,0.8302079012363373,0.469317973172607,0.48645827279433035,0.7907594332602998,0.44235409758829863,-0.951762974826736,0.8782539268530475,0.49639214441919366,-0.42595280551139075,0.8792558405443908,0.5273011098712389,0.1142235375175293,0.8518994081854444,0.5390865055858437,0.5009206113869504,0.7999837432317611,0.4341289379931082,-0.4034971575536719,0.862778271593607,0.49470574310248394,0.042781466582070285,0.8443034318263041,0.5073053000229025,0.5833781741185773,0.8123656514904297,0.5042139925371577,0.971227467425535,0.7941861348540368,0.4236171525370011,0.2955057971474222,0.8412851958185766,0.4749361551277259,0.5417692499007467,0.8239794716950853,0.48940995516230235,0.8707371534199669,0.7995800280519312,0.4900977760877743,1.098107610042118,0.7797694513730886,0.4139756818068522,0.7800366689886136,0.828850918498405,0.45429372517406047,0.9454419868321967,0.8179315105942424,0.4733579745008054,1.114982977519081,0.7955940876439067,0.47812383788145635,1.2521199606540805,1
0.7123839839498364,0.37705042213641876,0.6887844999841058,0.7280182983991751,0.40600464014788556,-0.6384595549945088,0.7832006503724814,0.43666660884711606,-0.5831291759013046,0.8107802137982167,0.45687836472232163,-0.3507663897468048,0.8259209837568185,0.4759413085662798,-0.14313532010859573,0.8178941493943988,0.44511927203336055,-1.4174782549454186,0.8899726457752487,0.49968464894480735,-1.0472466881594802,0.864797839966824,0.5304554781744435,-0.6346563706538669,0.8208679804446991,0.5414932232488048,-0.31568593687350494,0.81597500967457,0.4391475106149163,-0.8962594831631832,0.8524116373717004,0.49990094230380194,-0.5877789178558338,0.8120230132578955,0.50724217182388,-0.21097821352758664,0.7739294606709237,0.4986316247508482,0.07267951675560796,0.8002048752565474,0.4335140646881758,-0.15892023180041268,0.8291516342627466,0.4823642099085335,0.04215827757563957,0.7955436366875916,0.49186141308707304,0.2530268958996172,0.7633061909833754,0.4874324855127595,0.38911930037743786,0.7794232597101591,0.42692888714992555,0.3746891914019472,0.8247885498430565,0.46469053910449565,0.4520793734054991,0.8048893906135101,0.47990803247375263,0.5110110268994956,0.7784252515840254,0.47904871597654564,0.5641418660022354,1
0.7530009725608192,0.3710633024932693,0.6773316389211114,0.775875801244937,0.3954326191931255,-0.7167347490368934,0.8304323611167641,0.4331211923565362,-0.5562244774626868,0.8606541603230426,0.45503519653730246,-0.24502462825974777,0.8781939631841926,0.47425592510170117,0.02423006390421616,0.8757786472687241,0.43647045121225925,-1.4308950268926035,0.9677319973772631,0.4936819757568825,-1.0619242166499028,0.9435403025602197,0.5251266503114216,-0.6377151574480204,0.898060904740509,0.537120904990354,-0.3054387864504452,0.8631780961153616,0.42681362844048676,-0.840575299924191,0.9155016298728581,0.48792319135004636,-0.5917226350098036,0.863971808832066,0.49999955674227087,-0.22521762083290978,0.8143044531138857,0.49402265251917227,0.060988600770450714,0.8409410632119569,0.42050455332895414,-0.0543920950787053,0.8806503539882093,0.4734156049647744,0.0651189806261447,0.8398909829622175,0.4841868220477213,0.2610696333111023,0.8008350031520117,0.4826058500759721,0.4071630704186353,0.815534293343569,0.41668948468803346,0.5008509748650608,0.8618351390163649,0.45930772850789525,0.5204700877408797,0.8374942791679535,0.4801819338748133,0.5568092467301764,0.8042602379617256,0.48517386197225365,0.600559422306492,1
0.7809144077674938,0.3375334408158572,0.6816598495349949,0.8136957149310784,0.3660950544620469,-0.832780048177846,0.8833896957893749,0.40994317836195265,-0.6206724335046963,0.9190030716102189,0.4345760574798222,-0.3148255621865187,0.9338451026596266,0.45381867182474595,-0.06255876389606924,0.9098845789523389,0.4223576784763455,-0.8885799358638734,1.0086688579675216,0.4668129740847125,-0.49791224122981337,1.0058007692406645,0.5004229913593816,-0.19782399164682699,0.973579089551323,0.5173381548726678,0.006011497252205359,0.8912611008549143,0.4109484722022329,-0.28789251894623047,0.9637677580508004,0.4566152803736825,-0.12369999866175672,0.9352463940101512,0.4797285537337902,0.02184425186541171,0.8822026092445328,0.48317164199464907,0.16199595997275015,0.8642413740437916,0.40167295203426556,0.37162208692998544,0.9325160718464981,0.4402938544101678,0.4712617383730565,0.911668412316593,0.46702332840335886,0.4637806227209865,0.8664862903105852,0.4818619780171838,0.46831841808756475,0.8374190368981664,0.39188252826444014,0.7714893134371941,0.9049065212363115,0.4251445011142395,0.8172967443794859,0.9055756100420763,0.4513899695768565,0.7666708384568589,0.8763666530903277,0.4647433732832352,0.7354476478222209,1
0.751696468301495,0.3540871117598246,0.6622009346376729,0.7778564086501597,0.38570708708204654,-0.3557311269289879,0.846814966614948,0.42552644383421967,-0.12775141744822507,0.8901019348792608,0.44846388918365465,0.21958172862168654,0.9064895612608649,0.4651522688015625,0.5048425735213585,0.8689838845167602,0.4355922624112287,-0.866245570470338,0.9429671242688028,0.47687030100520916,-0.4027270912632639,0.9394933514350782,0.5063452272058809,0.04969018245479319,0.9098588269469063,0.5215818337285218,0.35571882282618317,0.8626954771825293,0.42690773009653726,-0.30465463929601444,0.9139514453470045,0.47015264082499575,-0.05257357124785305,0.884918857126412,0.4849062894683152,0.325872162986088,0.8431158071253252,0.48121588731258236,0.647481624461506,0.8455040212666894,0.4169272789683947,0.3598009013634343,0.8988050310291713,0.4540703990845166,0.4639406747268077,0.8755547151126862,0.47307128655845504,0.6554368400348468,0.8388198355767945,0.4777704307248613,0.8295712764374716,0.8229136816444437,0.40662926316853926,0.7976795689933024,0.8864417121127889,0.43397785201681655,0.8081809141279658,0.8825850784351351,0.45638350469425965,0.8342835514545288,0.8566329398726982,0.4662259681351526,0.9048213877170571,1
0.7138922926909393,0.33429483374264113,0.5736435255511654,0.7216880690247836,0.36532128234839695,-0.07359417636899807,0.7727755353583998,0.4060595171930621,0.020157787532770765,0.8099342761750956,0.43057784737978966,0.23538411251481087,0.8406467395701502,0.4504391983122557,0.3949904085271149,0.809210721020396,0.42759129026693005,-0.890305839286863,0.8904319558556432,0.4780112802662827,-0.534105480649104,0.8896253081717439,0.5095861291376327,-0.1371850844117405,0.8590500908118726,0.521950220968005,0.1698621176084175,0.815155870737552,0.4161038204869051,-0.5010694524817269,0.8753973491085897,0.4722358692163638,-0.12570692066992342,0.8533187881870238,0.4862647691620009,0.3256229714101735,0.8203203520499556,0.480347632044339,0.6599963246596328,0.812405235349944,0.4008686851485919,0.03972133667817461,0.8702571009298214,0.4524914453873874,0.23888433873580933,0.852255240082779,0.4706969741833186,0.4985335400046232,0.8234024894571967,0.47348362956555623,0.6925687474594168,0.8073689971717302,0.38547473107478425,0.44048712036456894,0.8841007128993371,0.42960677308707346,0.5248199890680425,0.8779494526720005,0.45336794033287203,0.6319103325159684,0.8481513191532849,0.46158762816083315,0.74156061352762,1
0.7038910933694531,0.3321658746013858,0.5425340878569704,0.7139073676511867,0.3676455734646662,-0.7593064478838482,0.7657928986979174,0.408780781166658,-0.5401784449200471,0.7945993184763535,0.43252052607758773,-0.14584105518481424,0.8171129440915738,0.4546307585974405,0.19659750385605174,0.8174481405644055,0.4273579445183052,-1.382696476774196,0.8832053477831356,0.4810504001079064,-0.808142971895856,0.8596645636616741,0.5115720517413983,-0.24895080332264202,0.8173668433065965,0.5200099692050705,0.15011186978725188,0.8189462350773812,0.4203416776250852,-0.61807252797797,0.8546631814858173,0.4763453402674593,-0.11399801341352131,0.8157596285253658,0.47761473779831637,0.4093328828855013,0.7828655918350842,0.4620025901392806,0.766009671864054,0.8041241094251639,0.4106159986445513,0.2887126528191116,0.8397736327326906,0.4566877521822671,0.4967018049952547,0.8072685165879514,0.4615285417795744,0.7079394428298359,0.7787400862251721,0.4541422031300918,0.8441036449373098,0.7813080809861083,0.4009103808662147,0.9006543409984796,0.837690917216318,0.4339775830107897,0.9351568147927858,0.8252642576302835,0.44793203061220843,0.9571329622544402,0.8047497890880895,0.4497300277225968,0.9867042369073631,1
0.45048044514981284,0.319843092054407,-1.164745480470356,0.3831656652919077,0.3280334653107732,-1.6531594936921858,0.27975619781662814,0.3506657234559198,-1.542953484297948,0.18890590185077416,0.37850466315217585,-1.3198982699925115,0.20901607404743697,0.40073938228900347,-0.9548225395403952,0.4601143782696197,0.4148993581549611,-0.7190891651957462,0.2734144092101298,0.39055016966899464,-0.6314789405378808,0.27206139811166025,0.3033706911713988,-0.5951897713636084,0.36544608451612415,0.24551883289458867,-0.5490985138353034,0.4688702201863951,0.42101461388637634,-0.021629320271466163,0.2811110921412325,0.37377177312499255,0.03033924110894114,0.27990757539458805,0.30090716395413963,0.004464998235544134,0.366771094917752,0.2620187399246934,-0.0725997001450753,0.4550901602977802,0.421351443295164,0.5648797098167909,0.28536094884823976,0.37697336013704463,0.4383165952948713,0.2888056209833274,0.3173091101861279,0.4411586530334893,0.3627604312388344,0.2790168013058638,0.4007931883414183,0.43836564176888226,0.42168275584602355,0.8485202880678437,0.29555517465452136,0.38705943485562444,0.6553768568922733,0.29318838318575396,0.33565497224995106,0.5792216283747854,0.3475098796651054,0.301002049927191,0.521813566131163,1
0.4342562082167616,0.3273591785114984,-0.8539816701699512,0.3713860745104835,0.3308390089676125,-1.5248715259669041,0.2749876400972398,0.350922633344681,-1.3981637507792202,0.18440393405794747,0.3817042874890414,-1.1638732289579155,0.1911344907642884,0.4052398943645799,-0.7880748191144934,0.45620758919417237,0.4168322478806891,-0.7242828906223255,0.2751030777720877,0.39838539271710777,-0.5817365795294368,0.27826852504929694,0.30913919688450053,-0.4531241867297844,0.37119609563278533,0.25075632812962595,-0.3263776801629168,0.46816763208009504,0.4280686819229274,-0.011846218181061383,0.2863757849480035,0.3788639981094847,0.08846430261108514,0.2903762743670872,0.3041293936166301,0.11415283117197406,0.372157434691707,0.26549927101812315,0.09618222235144953,0.45636358018871664,0.43011062563646996,0.6066876045253435,0.2911089104719532,0.3771982266078432,0.5400404111361766,0.29831446745845425,0.3150541837107533,0.5662884047145043,0.36698505437793344,0.2763924186747032,0.5517283838697616,0.4391643715532881,0.43220196726756416,0.9136959019563275,0.30203994796524786,0.3872426279598865,0.7589857381879084,0.3047305482914075,0.3357127193538497,0.6925858331431902,0.35832550489403325,0.3041875364339826,0.6541021389561691,1
0.427670678664323,0.32777600779876054,-0.9934353877612795,0.3454731276254863,0.34123353499497827,-1.1183910024007502,0.23672571172973336,0.36018489511694773,-1.049691176888916,0.15456852469408283,0.3949936663045695,-0.8773859899096562,0.1960581860164446,0.41892136664685753,-0.5709469848884734,0.4210988026661793,0.4170349909081828,-0.5864164557707902,0.25213951586686606,0.40271687420482555,-0.4974606343574955,0.2668439186107394,0.3142918152078272,-0.4466065654915261,0.3660689662780081,0.2567497871467785,-0.3910962908805603,0.45073015039978526,0.42868526661111855,-0.0580711247737534,0.2859603642688014,0.3816473012128176,0.11435883030317204,0.2976082461683324,0.3119687903936466,0.11674549500415585,0.3843797042848688,0.27592172585918495,0.03862000201926508,0.4553559107156562,0.4312764922511371,0.4168123778158263,0.30747719477504964,0.38113236070965223,0.457580221796571,0.3204196676528527,0.32320733009406516,0.5135135184201993,0.3959579703697567,0.28656895987303255,0.47727648824790925,0.4527193967519104,0.43257724383332224,0.6539955016006538,0.32803673632718905,0.38951357683827237,0.5894844209166571,0.3334279844587146,0.3409965793605783,0.5657124979623744,0.3922174411345418,0.31066668386335455,0.5347034728533673,1
0.3643030424251601,0.3208407082240063,-1.270360499683646,0.2553492115882891,0.32775251430838004,-1.0786234796557532,0.1256537381843788,0.3389198993828363,-1.0758207168394114,0.03010449590648155,0.3755451982651453,-1.0021313452457041,0.07874861031557648,0.3972649278674261,-0.7559136829504028,0.31310082358961655,0.4074137139754239,-0.277301709522973,0.12949110065724495,0.39056662969767897,-0.3656248404435338,0.1433178304146996,0.2941667037193356,-0.48693436361647136,0.24483992632594476,0.23873340053879266,-0.5378698696715873,0.35327888187057005,0.4211683497314355,0.11637679766600668,0.1753020064621274,0.384335628096748,0.07919347995309454,0.18503402592137985,0.30813803425453584,-0.02950609611226668,0.28519205680401116,0.27091714513056575,-0.13211837009917,0.3670698811289145,0.42554104138787124,0.41048700393680315,0.20813968190901924,0.3862896243334023,0.3571120520867616,0.2161709459540223,0.3245380275911987,0.4160470348478483,0.30305487592804187,0.2903365062112732,0.4073205055537344,0.3656080710583157,0.42738730367295624,0.5177994659688298,0.23033756051015444,0.39610799057965473,0.45045625088565205,0.23760283656167103,0.3419536448944586,0.49226336444024726,0.3100436303815061,0.30709113778430275,0.5068088854190272,1
0.38507787561166823,0.32685876997295077,-1.0024413774258125,0.29363736669903473,0.33619426560381765,-1.1831806837516057,0.1694439572412568,0.3552315764205513,-1.1396468335900445,0.07335643440363163,0.384425260700194,-1.01125795958003,0.14704140750440484,0.3986025756704026,-0.7263426973568591,0.37181083681329324,0.41691176030791377,-0.4317599458739207,0.18485884307571288,0.39477765370275236,-0.5360078745987881,0.1946121302780067,0.3041113030090248,-0.6445135607935366,0.2995462773814282,0.24648516829642136,-0.6439842950122769,0.4004778644088714,0.43033286624597905,0.04554972579124062,0.21714619851266437,0.38125539933907243,0.020244868867818976,0.2254062624179231,0.3066151276238622,-0.06876057135691586,0.32180172406719,0.2685623903294147,-0.1469996046870382,0.40083966736762827,0.43479024986423087,0.43021583764200827,0.2367655362694486,0.3829930407060085,0.3758816026642223,0.24980449981002595,0.3202811108687585,0.4452208576187428,0.3349367598441545,0.28395135340435085,0.45402232573664525,0.39155811540417595,0.4370100370034918,0.5898419760301986,0.2540360282398479,0.39453726438907255,0.5188969578900425,0.26530139987195905,0.3410315454968839,0.5441654438066204,0.3363875477064073,0.3084647686261556,0.5555433604733192,1
0.36634186512264905,0.33454130361983625,-1.0022961590318666,0.2856763654665386,0.34040654745616916,-1.329376363399893,0.16327236019288646,0.3536369943656583,-1.2651098865501473,0.06620545555265275,0.38725297144460663,-1.0774560635620654,0.10675496018366086,0.40720758219783404,-0.748330402022699,0.35109226360927537,0.417419164353811,-0.6544019787034102,0.15860533919929318,0.39714690025579924,-0.609160254281644,0.17710722146828234,0.30799057173685085,-0.5950900268626442,0.27693837760661305,0.2503957587543896,-0.5453493423617839,0.3826931925779017,0.4310016992373843,-0.07960792015737478,0.20878833008586056,0.38272528130303624,0.04263540570631496,0.22130486394510587,0.31195949244185267,0.038898825917551935,0.306035677980276,0.27715312695530125,-0.024680995277861262,0.38755448445404583,0.4359641953634441,0.4253335249777324,0.23521961947706502,0.382177706786145,0.4111066842219708,0.2439176052373766,0.3224464979193117,0.4656540005361988,0.3140002814712354,0.2876616788149923,0.447336284061592,0.38294480649207563,0.4390696144277899,0.6751428184701914,0.25606800291161846,0.39331517000924465,0.5777257255217361,0.2590802485771311,0.3425536320060664,0.5615850314968742,0.31455407303112054,0.3118960821508224,0.5438807729826359,1
0.3920313422628906,0.32387872509413707,-1.0272877319044427,0.30236352106407394,0.322528478316822,-1.4103752030605856,0.17520411448640244,0.33461245694883957,-1.3651910572984256,0.07688463861800064,0.36632768956609224,-1.1932515434698763,0.12021687401096119,0.3869154386430952,-0.8475467703953793,0.3562342222675866,0.405771823339023,-0.6135437746415321,0.16629999686746708,0.38543259711441336,-0.584589331319557,0.18197229500171722,0.2930574779612202,-0.5880817054655045,0.28743528938514484,0.2346126753660842,-0.559237731196984,0.38917900007320916,0.42108108685852824,-0.04755615001137218,0.2095031773585135,0.3809172340105156,0.004276453052159082,0.21721890603124513,0.30668192606701355,-0.022354508925066043,0.3092746997203929,0.26830171994196217,-0.0853799571556588,0.3947172765088787,0.42812767735374574,0.4380196084887553,0.23030703944793504,0.38669510437685606,0.3933959268436614,0.23937082397605391,0.32388570505838987,0.4794169582474514,0.3210263032403311,0.2857907050638876,0.48530369128166395,0.38944325391647633,0.43264547593618735,0.6656299173554163,0.25109278682496117,0.3981653486727481,0.553680169687672,0.25568210615580594,0.3456150231976121,0.5600221629800777,0.3184098147768026,0.3113217839142018,0.5572937306744845,1
0.4042953936358822,0.33403662720462723,-0.8513497903222849,0.31812764902575147,0.33337483966215425,-1.4928424884722633,0.1969699707433248,0.3443465205261678,-1.4770181708709822,0.09028453998473827,0.3744202847310219,-1.3250467085981266,0.12967572214552867,0.3974699283295391,-0.9867361573297511,0.395092852417928,0.4096242140999843,-0.7619905300046023,0.19290987875552484,0.38804400560461905,-0.786576150054072,0.2079391052136125,0.2970679974161452,-0.8108191984525926,0.3196160693856448,0.24112637771307852,-0.7692517906514234,0.4170042797363855,0.4271651418940474,-0.195249915201191,0.2213022036626038,0.3869419755070888,-0.15879062788440435,0.2317089055769747,0.313023618556377,-0.16791245459159349,0.33079399426491485,0.27713374625734943,-0.20498163023823907,0.41161853548974703,0.4363447386837871,0.3132527507984008,0.23488194767905388,0.3918073432495881,0.29610313391982707,0.24716428984232264,0.32878862090793126,0.428461444954552,0.33310808184117996,0.29351226769302763,0.4634561852301833,0.3980294105412881,0.4420336972493126,0.5599063617939949,0.25359343554587993,0.4035629546008234,0.4764331177975456,0.26465961994735043,0.35162416563771026,0.5038874387767632,0.3357555970269358,0.3215820351324334,0.5138133452763788,1
0.45472844619940733,0.3391097099294629,-0.9043542316009161,0.38315041605011024,0.3353626506367338,-2.0186434597851135,0.2940579243100139,0.35270539589052413,-1.8552203645101712,0.2044539028084104,0.3801374138562631,-1.5692445541346736,0.20132833154829,0.4041840232585618,-1.133864915942993,0.4867197360110626,0.42034609603913736,-1.1104906753324797,0.2772432879564208,0.3911664231671609,-0.9652492217143429,0.28319701086596677,0.2990186297691614,-0.8410333587799234,0.38769650432324937,0.24532528152824956,-0.7307521397774787,0.4858849999102276,0.4324444089292744,-0.30620939850307716,0.2821262651862956,0.38088724152017794,-0.30486752844910087,0.28992656808747946,0.3034357174762124,-0.2876789585124941,0.38716861127372837,0.26404983707004837,-0.283068062087358,0.4605711652506297,0.4370682167239999,0.4323811746670888,0.2790784100356154,0.38335786983140024,0.2609449347203397,0.28738191732610513,0.32057072285017224,0.2838582396731913,0.3687300673742359,0.2840635365387229,0.29360663203049187,0.4292877270520662,0.4406194579071546,0.826493328523459,0.2785722607116949,0.3945735802026928,0.5858368357208815,0.28784021714734875,0.34134465135380243,0.495494735859627,0.3552896138298523,0.31002184853809306,0.4477952646654592,1
0.47306696016098776,0.3165045455360368,-0.9688091688111606,0.41399155907835633,0.32551416114578396,-1.7941567416491035,0.32321095036727976,0.3552183707720636,-1.5350475728664432,0.23657978701423946,0.3770745469838869,-1.2060141160942284,0.2100273634931341,0.3979197684684099,-0.7876156179101332,0.5123124852359007,0.4224721654420056,-0.5208226934567497,0.307912189159593,0.3839554342371821,-0.3669520459105409,0.2995272331174045,0.2981980105822357,-0.3296477146540351,0.39770702669119695,0.24854245111807252,-0.28271082412056925,0.5022300227476806,0.42696627008024307,0.30776296429745326,0.2935152658849397,0.363959729911034,0.32338344756706683,0.29239512745064805,0.2885621754841245,0.2580318912099308,0.38315366789113214,0.2495370859262464,0.19544613917214188,0.47058395518866614,0.421487112839093,0.9465593251789997,0.28185938447134495,0.3623747921512525,0.7357825095120003,0.28507162244698986,0.297592478253214,0.6709201397709194,0.35789590870804594,0.2576327383364971,0.6336068615869734,0.44061852738363216,0.41562414647691265,1.2245551923301208,0.2883812212917591,0.36914040539731646,0.9775260024871705,0.28922086678003245,0.3160040036461934,0.856250085174774,0.3427416011382665,0.2834306821109542,0.7906345491156477,1
0.4611934043981219,0.3098847131778367,-0.9319984658525132,0.40871801245910616,0.31224600215982246,-1.500053310084135,0.30808634426744463,0.33586609317004945,-1.3007663711213688,0.21181688568287416,0.36354278501991416,-1.0075950743098683,0.1800189411365031,0.38405862396644247,-0.6230992929508008,0.4638349608752886,0.4168672224191247,-0.45431125278844575,0.27527786807752325,0.38759609330890615,-0.18459082603128904,0.27626324153519527,0.29992747458295826,-0.04660183508382413,0.36412124209041263,0.24420543170121764,0.05299176606653818,0.46864040164695114,0.42401656613491673,0.34884331488961556,0.2847096063363986,0.3603741276911693,0.5485868979877635,0.28612047030470505,0.2855931926665485,0.5539078611303896,0.3592534768338347,0.2478717994547328,0.4898950966996717,0.4536078808408885,0.41760005504352526,0.9909390665413322,0.28972303167813074,0.3563435337891697,0.8991666967535918,0.2893231697206812,0.29318127043150527,0.8486516802824521,0.3461855659609938,0.25204240429144575,0.7850498601795963,0.4385413774060556,0.41109215873703164,1.2858163273609058,0.3048251205608603,0.3649447183970578,1.1016901324360537,0.2958986691750627,0.3144466861057333,1.0078201925355115,0.3346543176428435,0.2818043811008356,0.9507021322276153,1
0.44548879110563633,0.30399006419568403,-1.038530577375192,0.3813402413473297,0.316939867083335,-1.3610957800818848,0.28694504771182017,0.33669414735590486,-1.254180705911934,0.1935398525405743,0.36066698679306924,-1.0913510380973053,0.19654062612554452,0.3822724552038881,-0.776285324427895,0.46903898835685925,0.4085208767077748,-0.26988580729360184,0.2728880961793183,0.38029058391117954,-0.3736841922758991,0.27608028150487807,0.2933190125592331,-0.48972814558367883,0.37677169985611897,0.24177952473510667,-0.5084773412840821,0.47017608195873556,0.4187988481479785,0.2766084800786708,0.2781447007544627,0.36211919075398086,0.1754413856378351,0.28789034437509253,0.2871461952990814,0.06598366122909127,0.38256821796967494,0.25218642733626573,-0.017197711486465272,0.4508467262058898,0.4199295596150538,0.6470441636968711,0.2798660315992146,0.36512438937485026,0.45538734596454317,0.29034492831040537,0.30245745366850907,0.45781077967844613,0.3676966666324846,0.26727973498555335,0.45379676198018054,0.4283200497023092,0.42023067348883114,0.7726897037793713,0.2895785925977616,0.37584672564585453,0.5792990302230544,0.2921524845638536,0.3237150962814703,0.5404276013770605,0.3474045545518601,0.29356354545268515,0.5327348239243568,1
0.4525208236067047,0.32581456281646465,-1.0171702852503464,0.3819681513036956,0.3300480492632279,-1.5909873437844158,0.2863007546866266,0.3469327267311392,-1.5127369098860726,0.18836134249633252,0.3674159120731576,-1.3522421425855355,0.18924574313358405,0.3886979137036295,-1.024163653230228,0.47483355635687025,0.416982802339111,-0.6259531637015405,0.26398253011737705,0.3853353333085514,-0.7319639107490554,0.27250632363993166,0.29730922803427534,-0.8312946319483617,0.3864799891604742,0.24543188876797123,-0.8319414280851857,0.47754340770891024,0.42704204379746974,-0.03871385540271855,0.271064565628841,0.37172303609751234,-0.1367725573053708,0.28545652626957607,0.2980243095321287,-0.22145276632118005,0.3942200748825128,0.26449777345146075,-0.28826367650313045,0.4543123922126183,0.4309625300827429,0.43045865388114163,0.2664655723793824,0.3809167564733488,0.2573135578325471,0.2825132243071844,0.31706654434317955,0.30622668060938535,0.372757939838304,0.2837937448844724,0.32362411014889325,0.4260053172109576,0.4335382270635905,0.640322062657338,0.27474462425296864,0.3930246435002827,0.4740839869050186,0.2847333440764229,0.33819531503154865,0.4591310239931367,0.3535959860088687,0.3071743083813569,0.45505976048127705,1
0.43430210311914685,0.3417710866842263,-0.9650047725579427,0.3686726064847594,0.3396294700366087,-1.7384476718224866,0.270941322032433,0.3552615892580234,-1.629789568801481,0.17526801557532062,0.38003123224765545,-1.4040290899824532,0.18609207423248794,0.40338117074091734,-1.0312369770327998,0.45962669465829514,0.4201365220471055,-0.8848017342113673,0.25000901625505717,0.3921026496471754,-0.8374199130933973,0.25703268698497905,0.3032387153021613,-0.8042463567332431,0.3646347133167309,0.2488729335612097,-0.7279589811882726,0.4623064385437763,0.43262796186883795,-0.1824369187651709,0.25899398727903855,0.37564705358335343,-0.13827653592550637,0.26925358971461105,0.3001687108353458,-0.1511314555516728,0.3646859308139318,0.26433933624570427,-0.18374808450491661,0.44066326371209136,0.4361422094056836,0.44165621023279056,0.2575998024172087,0.3819016407413316,0.3389482947705409,0.2677906523215676,0.3184359410832444,0.38126164379182587,0.34555394113040383,0.2826282449381102,0.38303707552738875,0.41435547750375074,0.43813127966864074,0.7604609358467843,0.26841396804103457,0.39247156710914777,0.5946804820442918,0.27365770360827335,0.33927741099221875,0.5504818060351122,0.3323034611152096,0.3084792445212125,0.5250848689810014,1
0.42811718161295276,0.3414204094852156,-1.0019435761460007,0.35878750974311346,0.33731311165452466,-1.2750985266820023,0.2459332806594523,0.35270299486352635,-1.1808808328033298,0.14872178628169988,0.3801799420921714,-0.9923816569099535,0.1734374651067687,0.40211502245561476,-0.6734568929698093,0.42426519934988843,0.4219934514471688,-0.46384990029015993,0.22660168118547966,0.3939212334224194,-0.4520948931934899,0.2490926374874629,0.30590989722696693,-0.4938374585762757,0.355606719223616,0.2522803378476916,-0.49212824691952267,0.4469438899624462,0.4326008802875909,0.09023011354262737,0.26257631625293704,0.3782763952362865,0.1185700439478046,0.2838786941512099,0.30796357531692814,0.05016410335479715,0.3803066169032237,0.275052501556044,-0.04598242893785001,0.4446510786337081,0.43464315844904705,0.5345431436002674,0.2790893026742609,0.3809622957929499,0.43842886366128525,0.2963794398768704,0.3213439489001128,0.44594052307988047,0.3785676011257832,0.2880619743392059,0.4098374925751515,0.43270966948063005,0.43677953863919117,0.7352437745658248,0.29616373960872727,0.3940514395046417,0.5985864962630316,0.30527194725344914,0.3423356234441003,0.5597518805851522,0.3698059422377652,0.31192898191231533,0.5263951977495382,1
0.42244021555180267,0.34191903974182103,-1.0177518855236805,0.35098348599970874,0.33866993973078824,-1.3312058880704503,0.24180013596950453,0.349346359120646,-1.261485428797989,0.14879868970198362,0.3766562136829589,-1.0717372625586192,0.1849404778199385,0.39562334115537096,-0.7327852356349868,0.4250463798254829,0.41462912519783,-0.684297954784476,0.23474788047602874,0.39134997742642846,-0.6198685245320552,0.25536525579958813,0.3034647179353794,-0.5770798602685965,0.36511785290942705,0.24857774995966925,-0.5175768916292579,0.44410234787832137,0.42971628155778785,-0.10479906321151962,0.2628002118138057,0.3793238829613285,-0.025287385528570475,0.28327265221216774,0.307636434223546,-0.03656177295219454,0.3823135873531507,0.27404276719275206,-0.09414855809529767,0.43761531683727345,0.43699522818085945,0.41210905661516456,0.2724489825768952,0.384208194414912,0.3835199041794331,0.2926489983765284,0.32258586578111,0.43500214856176955,0.37815203427945615,0.2888532795353471,0.4163587060555367,0.42209915899241396,0.4438796909902724,0.6718054894374864,0.2836020105410018,0.3969548215520734,0.5847346948043098,0.29733773723678125,0.34416657749064905,0.553603734007562,0.36541683411860926,0.31428671041994477,0.5169892174540847,1
0.4381837228293605,0.35764794352097534,-1.0261056910508959,0.37698792833549066,0.3528926710637045,-2.0303721287480725,0.2826579830954862,0.37022118796762005,-1.8343806390533302,0.18115632340407317,0.3893893898837647,-1.5356132455025941,0.19440148452322678,0.4087035315159556,-1.0996969892530277,0.48543491136959116,0.43857220238137157,-0.9833283591430513,0.2545302588223234,0.3968186972596088,-0.9421194739265806,0.26618900486585395,0.30524518359985486,-0.9340298634668105,0.3832908345396282,0.25512935710300905,-0.8815585448580778,0.4739401813226283,0.4462702400342251,-0.1936015297927855,0.2437942661508308,0.380962722620861,-0.22751973101978054,0.26348654094436263,0.30287490417327156,-0.2471889476026882,0.3738025088716921,0.2682602937000901,-0.27199830880406917,0.4376020682827166,0.4467308412233383,0.48915715557122147,0.22625497787180118,0.387375106759374,0.28453149139749007,0.2470131158125114,0.31941025143469065,0.31765841114216653,0.33906208825006035,0.2851966614865751,0.33408547461918553,0.4002996434506946,0.4459590499906113,0.8321260829024123,0.23174990541036997,0.3965311370598372,0.6084094801761327,0.24523590369063794,0.3386760994057509,0.5388183266928178,0.3129396496952974,0.30839291554705506,0.49830777976658847,1
0.4200381230337386,0.36555845291285666,-1.0415900817238888,0.36298733033697794,0.3534737438427718,-1.7190063920245213,0.25455082320469075,0.3657222636305513,-1.6207409156039834,0.15061007702028856,0.3862347954437432,-1.3928158794768353,0.17117420580300466,0.40482883809691966,-1.0304968198260922,0.44637145410249346,0.43748635225837984,-0.9306960666890818,0.2229854639774686,0.399659049785151,-0.8578371208192943,0.2443554280661247,0.3093765600778911,-0.8368725690676664,0.3623706735213613,0.25738066510095364,-0.7922128066628188,0.45029677829683384,0.4455893707844878,-0.2503187360522129,0.23926779926965486,0.3797990139957606,-0.18841430217368196,0.26071110047193385,0.30593564309407745,-0.20003365457723793,0.3631561421493021,0.2749139295656882,-0.25787992635386064,0.42942615146765273,0.4462427651638647,0.36692679450576965,0.2391233735885637,0.38575241473268446,0.24667608074961353,0.25795100149885386,0.3223008066518057,0.27764751256675924,0.34341726557539487,0.291466619531357,0.2617806181405149,0.40198761064380145,0.4481892076720722,0.6966824506015024,0.24601482600577554,0.40155885970103966,0.5351288242069909,0.2566225605837901,0.34608229792824174,0.4902551576621827,0.32233464979677345,0.3170050203135367,0.4483642637365066,1
0.42237020637867256,0.36320969812353987,-1.1585012375616697,0.35730026016074967,0.34902314943427265,-1.3755200398195158,0.24371525505357916,0.3636573804124704,-1.278237515381357,0.13904026920922216,0.38505484536903256,-1.0785132331223382,0.15478527279029275,0.40233242320308077,-0.7525553994688016,0.4305953326248813,0.43541110523167575,-0.6522754998360539,0.21089483012759058,0.39700050575825835,-0.6296224701248826,0.2404966346994345,0.3062710180120235,-0.6749516782778343,0.3608324263876652,0.2562117759436498,-0.6911503216733204,0.4390972284014313,0.44612689913954356,-0.1086728472914143,0.23238638269404116,0.3812129099777608,-0.043380704079925385,0.2598966109869791,0.30688305544529343,-0.06559656887177,0.36553202624836656,0.27572840339711513,-0.1476719198772049,0.4238835797024508,0.4478028256279355,0.3580277752072797,0.2375531578330478,0.3854447027200127,0.29851462886295504,0.25851923799914434,0.32174965861032045,0.3551416865465461,0.3477797980661511,0.2904880914756149,0.3346986802183655,0.4023926322625228,0.44988841638501975,0.5851213455619252,0.25078060090689447,0.39904177030811666,0.49535765250555214,0.26249896086783475,0.34465928213859187,0.4759960982189308,0.3308432337451775,0.31642045735133034,0.43553146394033115,1
0.41560576449490144,0.3624265427561753,-0.9414937248293145,0.3490450382629849,0.35219525151658726,-1.9935842338988847,0.24404480156263683,0.3687529599584846,-1.902382840311288,0.13695971991992414,0.39074084271373954,-1.6473624978591057,0.1602075974169549,0.40557074453123326,-1.2463514930686028,0.4574001972982297,0.43322437686370835,-1.313479358748368,0.21416437989648782,0.39372371307820747,-1.209825467337269,0.2264700455569907,0.30544411425989604,-1.1364654730415744,0.3415035928619332,0.257999934711248,-1.061230553447529,0.4613888059469965,0.4426555328160537,-0.5988650500796924,0.2250760577548357,0.38164155265216954,-0.5437238115714443,0.24622785617074772,0.30694153466841856,-0.515048235589494,0.3567743370123215,0.275275137323766,-0.525273615797112,0.43627955080724584,0.4456516136808722,0.12046693559055116,0.22537770151319653,0.38729251850179236,0.019094721214798452,0.2460527160937106,0.3234228317605844,0.0944706158785572,0.33932779360091986,0.29329292080389746,0.1112498942955242,0.4042472843303735,0.4481820404343763,0.5337831373469037,0.23786874940447655,0.40082339722372307,0.35846634487325035,0.2504729924343993,0.34504152558320555,0.31494286371569297,0.320925821082005,0.3168036737732,0.2770991283139241,1
0.44213224019389846,0.3632374393218389,-1.1230366745294793,0.40079289179554517,0.34976618220295486,-2.21271233154746,0.3242390565422441,0.37393887814528987,-1.975805409071437,0.22941737657375894,0.39262765098397184,-1.6164157275515785,0.21817703969853336,0.4101765271143812,-1.142268151443643,0.5112954432319202,0.4345913894870922,-1.3348675525624911,0.28230638047053724,0.39593633996437927,-1.1914534589774344,0.29884321209496856,0.30420339606063557,-1.0708048446710823,0.41959130034959735,0.2559447840343913,-0.9727500826339776,0.48905075029106804,0.441873449575797,-0.5039422930543633,0.2636634236147451,0.37980726193060343,-0.5042464310235875,0.28920761706106796,0.30155753121383283,-0.440005109720814,0.404595771264503,0.2680681825316423,-0.40743821152444404,0.44502515546825494,0.4432226552547591,0.27870997369780937,0.23956913387774964,0.3824818168187353,0.05986704380450141,0.2639970734323045,0.3148118708040332,0.10956731675744782,0.36306567060383566,0.28470927972605925,0.14284983349866773,0.40234964114098254,0.4451084422208601,0.7186791427149758,0.23752653041074778,0.39378646856822735,0.4560671885113931,0.2581175786902182,0.3347228068434399,0.3624119067573206,0.3346560028446554,0.3077820327756543,0.3058402211547704,1
0.45563467605159147,0.3479659096582299,-1.100259873931986,0.3870649861209399,0.3352069707283489,-1.513154485954692,0.2735323074599343,0.35324652735014617,-1.388716991493979,0.17358861115398916,0.37826978498653846,-1.1504724053069855,0.16201539872062906,0.3994183561451172,-0.7869760400214663,0.4398453606854956,0.4202870765055274,-0.7829724497293667,0.23711240488567079,0.39266977245366264,-0.6556603525726,0.25304083177805814,0.3025747268171879,-0.5523790571759072,0.35972857157834387,0.24625489665862255,-0.4691488414221727,0.4521172694414291,0.4316855775517046,-0.12075036602873568,0.2613840049528895,0.37735962478163265,-0.018702737783886772,0.2743055475981871,0.3017459370791315,0.02612086632757575,0.3670237205687918,0.26506780822996984,-0.006471123393472073,0.4438296682511824,0.4348314800336384,0.46129228473127426,0.2717702873997512,0.37856080421579436,0.39652273860565407,0.2825550194801322,0.31685888369973786,0.436175546017515,0.36150453674307614,0.28103509384863834,0.4124923690732445,0.4301384987204418,0.43696674688780845,0.7601226229078087,0.28962601324354387,0.39032812708747305,0.625332530476669,0.2960681648987414,0.3388488109275029,0.5610766023073724,0.36032499684388103,0.3088092949285096,0.5013610563506733,1
0.42583488256891133,0.33333349452466365,-0.9865403871956534,0.36085781857067417,0.32860296951915374,-1.5457236882098286,0.26654473746847807,0.3495117298551173,-1.3594477322766847,0.17362706286413102,0.37626039533045286,-1.1043479570459067,0.17364252913524517,0.3996811366602582,-0.7277021833709626,0.43843019151517926,0.41684481685543945,-0.5135730344581437,0.24388067393503626,0.3933997497863751,-0.48187531502571546,0.2518474333984891,0.30437332103513004,-0.48771132781898224,0.35249014386893734,0.2510230831339073,-0.4475612676070443,0.4444126029065707,0.4282987385878647,0.17694892692349,0.25721181458168246,0.3727142879031713,0.196798212830886,0.26903452678441586,0.29737027202830635,0.14799756022812605,0.364007249997448,0.2646036405140228,0.08124989441109659,0.4297254129352902,0.42932725241772585,0.7094211098475541,0.26495149560765496,0.3720242395051436,0.5618217086090703,0.2768406411532674,0.30977692224331455,0.5550781011175097,0.3558401399726759,0.27798004844659974,0.5253169185667433,0.411534656546548,0.4300646969866423,0.9433322896121977,0.2770737683049749,0.3834942979822239,0.7490011924228278,0.2838661183834261,0.3313618194385483,0.6832962304486956,0.34479417694518993,0.30347084802962054,0.6409826936966531,1
0.4152806107796972,0.319703674750135,-0.9976525751382016,0.3431130832037739,0.32547185323012945,-1.502086050668342,0.24847098611243526,0.34816895550661525,-1.3247075364134913,0.16056283453457784,0.3750154020714119,-1.0648242091868352,0.17484916905017514,0.3929670417312355,-0.6861075064800423,0.4277392800574696,0.41074804438580836,-0.5200012043004377,0.23654627850751006,0.3866882977875282,-0.4250685104330035,0.2375100201136314,0.2995083424268083,-0.39885528956800875,0.33012598043572894,0.2438363337468035,-0.35064182563013707,0.4420290563403377,0.4195921469925901,0.1747926507209369,0.25951011600168356,0.3653458828394719,0.22615332476000996,0.26426242903192615,0.29274307291316043,0.16159342014239222,0.35167570978538404,0.25759412658228364,0.08149264697118434,0.4314477250276828,0.4188689970817114,0.7311487148735359,0.27129687656631124,0.36454138317023976,0.6025896229634644,0.2755449907918852,0.30437293972549306,0.5656295518930372,0.3454279839225569,0.27048385596212665,0.5155057112772623,0.4150885892605425,0.41799248850115084,0.9844883743787479,0.28392526127641765,0.3743564322572905,0.7842471460399667,0.2842511863381913,0.32397813698867856,0.701494476074615,0.337124823499124,0.29361276349587856,0.6522888552007915,1
0.4359512080862116,0.3059006503144317,-1.101977356307015,0.3613583525073201,0.31900436115503833,-1.3142553841528035,0.2655491912779416,0.3479930802790287,-1.1311540380322342,0.17832128920766707,0.373131929349094,-0.9033757479613925,0.2035041688188614,0.39098167689545676,-0.5609645874856893,0.459952999329145,0.4096515379581371,-0.312740207407247,0.26181804350173343,0.3804452084230626,-0.3336513790224982,0.2676225382852143,0.29238067863179706,-0.40724278593483276,0.37031431171248347,0.2411142955592434,-0.41633531948893643,0.46536466667937687,0.4160389888227075,0.2796858144861107,0.2674462694965701,0.36052434008027695,0.21412366429202045,0.2809652536831075,0.2852851368426381,0.12195799834917156,0.38057728724362344,0.24978225175533744,0.04393944685180047,0.4491696150643382,0.41494377352121903,0.7074280317630205,0.27216326028627036,0.35985597893715854,0.5563097189860898,0.28707245519449154,0.2976622886522273,0.5447706540440747,0.3698719568059576,0.2633081508660051,0.5223749472077959,0.4313731735618698,0.4139963234514164,0.8692033228703946,0.288046905738994,0.3697117741982749,0.7304475156022906,0.2953613841868967,0.31861878191492643,0.677225659961436,0.3565299223634283,0.2892949987975462,0.640368099971146,1
0.6428127570916446,0.4009441296251953,2.4149053172051107,0.6153398567293149,0.40177021274593366,-1.2273404611799945,0.6056283619649188,0.4114561254989215,-1.3165618748583008,0.5827459841257798,0.42832885419852135,-1.2427487183907135,0.557881792135219,0.4539875267742341,-1.1636206744029485,0.6159080113484153,0.43165626064431994,-1.3152938859267786,0.5910336416750884,0.45637756529322393,-1.203221021969246,0.560831580052944,0.5016566998513017,-1.022489597829264,0.5101734743443395,0.5429475829035865,-0.8731924104822344,0.6226360594648565,0.4434367954023332,-0.9483675843843248,0.5965880300158003,0.47233609412157496,-0.893729480823632,0.5638054126480619,0.5297855453142162,-0.7765720509757257,0.5147616072554259,0.5843844299435483,-0.6526103138765227,0.6218598477526598,0.45414865014776906,-0.45332415770281825,0.6058776788879775,0.4831494415662878,-0.4656221968911675,0.5756859095791158,0.5348891536934003,-0.4519445524263234,0.526022118709022,0.5858527319523272,-0.3939708661699601,0.6199835202911981,0.4579759274010903,-0.09867762319696269,0.630887900271611,0.4934661137930683,-0.14494498444804033,0.6083467570864449,0.536211723669931,-0.18595059455546672,0.5648326627299123,0.5738271384796589,-0.18075134659528172,1
0.6691922135270684,0.37810031979512,0.913828197584432,0.6047837933485809,0.3602245006343935,0.09463429474313331,0.5500267618902884,0.38639690685158645,0.12443660015241767,0.5338406050023654,0.4165340788109601,0.2064110082557154,0.505823590295565,0.4359567203633436,0.2113859940497149,0.5236382720858074,0.42102564039139717,-0.5089299160441224,0.5090511620823006,0.45151512318324966,-0.34895505433862095,0.5189358122015567,0.4983200791572457,-0.15667443788797464,0.5182590212499082,0.5409111477199249,-0.06586591198222899,0.5664708707662489,0.4350833585685736,-0.627807876525957,0.5333208992596582,0.472626521403012,-0.4576919710215462,0.5244773439509512,0.5291094863456186,-0.28622712131264566,0.4995519390904446,0.5792979657660821,-0.18976207959768712,0.609227740646057,0.44220360147305005,-0.5918691809572763,0.5814521935683172,0.48061596314757654,-0.48191960000446177,0.5656781888056119,0.5300421367503151,-0.4645317941814872,0.5321811503540328,0.5716815174882254,-0.461779679416555,0.6509393904907894,0.43983966244583905,-0.48396586902246114,0.6660013077851951,0.4806347953199429,-0.488297986585677,0.6536457234317369,0.5149401276274018,-0.5124657567670599,0.6169862884053348,0.5423997071130587,-0.5214327239065052,1
0.601089623545206,0.33630856021403904,0.1433935739277451,0.5270377765798022,0.35547907293867703,1.2201552809857248,0.5024092646638455,0.39137723710170774,1.225519465246096,0.512107074888934,0.4162905838132106,1.2338018987723967,0.5156547915344714,0.43375712081040185,1.12770517865156,0.43921935226804987,0.39821650332119624,0.155141491220229,0.46916304332465547,0.43479522556121064,0.339499788439524,0.5097171215830737,0.48613189009051816,0.4896699951784105,0.53573329203417,0.5304027536480708,0.533270601810073,0.49633271486944924,0.4057860115830918,-0.26338721916485147,0.5127494830285214,0.44936359608488036,-0.01490184714305519,0.5413683504144148,0.5030529551748188,0.11359038873944562,0.5480490467108834,0.5489146033282264,0.14916848300620525,0.5542337700072433,0.4099749809431536,-0.5015566610536645,0.550871529518657,0.4565922997101089,-0.23543331240661342,0.5516510173571268,0.5014059616623127,-0.2082486054058169,0.534745344899179,0.5400820131285211,-0.24068122120086693,0.6054676058146409,0.40714129062953547,-0.5435596097528079,0.635036416433464,0.45350257844919284,-0.41230359274151773,0.6361654484339033,0.48309471898706013,-0.3819367422150151,0.6103415376609186,0.5059196619754204,-0.3793078238979025,1
0.6798865036625428,0.3340117312574358,0.8740781645202473,0.6144858991886574,0.3375415082929408,0.1666093593761743,0.5811432536751733,0.3721201001944802,0.19320620327685423,0.5726924207767943,0.4055498415665923,0.26652802095584704,0.5465600991945968,0.4257146123334528,0.2722812425941745,0.5531475640583193,0.3829635059845667,-0.5465212244658539,0.5476186429766549,0.42580879808269073,-0.4144014340527118,0.5588917879133308,0.477106529318613,-0.22287082526025406,0.5584885168865785,0.5235787057809983,-0.10647897152493849,0.5950882036100089,0.3994989814638824,-0.6511677182504731,0.5708463347686202,0.44865602325033155,-0.47213487030232165,0.5597783218652228,0.5066392730549248,-0.27842169439177883,0.5354107467796997,0.5535899544503884,-0.1552721151938971,0.6343984356506258,0.4105658538439204,-0.5891742530463197,0.6103997997164297,0.45641811824474204,-0.4219241955126593,0.5822361913649369,0.5035807073533134,-0.361683296009622,0.5382436454528835,0.5410467378903249,-0.32883414331712174,0.6699452373625947,0.4127578247775623,-0.4649583579022644,0.6813094825878108,0.46078941370360116,-0.4189501843853455,0.6591699675520218,0.4911782539529863,-0.4085511352611573,0.6126376251296649,0.5106911801842633,-0.3905346365653862,1
0.6837564551772347,0.34104697027734426,0.9788471732105278,0.6206752973299783,0.3377722186454942,0.010882301001711576,0.5640571551801087,0.3692157579123045,0.034964271641829976,0.5589599640790999,0.4036402403856118,0.1315858262196833,0.5249528262993389,0.4250819339445894,0.1700378364012464,0.5502125954156206,0.40007015385828126,-0.6432368593091555,0.5463387895179657,0.4396015539370338,-0.4659352707013264,0.5566578043613326,0.4894878479082728,-0.2403182242879081,0.5524774370662408,0.5331821228401039,-0.09749348406978027,0.5958925684980627,0.4123200585494337,-0.6876251967820013,0.5708535282002948,0.46295919195493207,-0.5012041454345533,0.5545825737763644,0.5130886260387442,-0.2545334593949872,0.5269678371247121,0.5495534395844641,-0.07429796275666899,0.6361869905158029,0.41872803447549356,-0.5557836796010953,0.6105807850970013,0.47069688185616043,-0.41096643077319056,0.5864139301417204,0.5079271635005754,-0.25293281154103464,0.5513174519899865,0.5349115501881778,-0.1365068120207852,0.6716663906846099,0.4168778396946821,-0.3917580641700806,0.6730733067595255,0.4691842847824671,-0.34332157776448236,0.6536917999391446,0.49762076456729654,-0.26509459637914123,0.6182046893153558,0.5170239894745147,-0.184355116778807,1
0.6790230571939382,0.35722577938788647,1.213944489196719,0.5935226767882702,0.3369624186974197,0.22509869327483897,0.5196058697727258,0.37091688554022345,0.3439424450103996,0.48740237074048615,0.3974858765212611,0.4725303939255952,0.4053702777354631,0.392023828536829,0.5186458526599257,0.512052682875686,0.41141966481920383,-0.21269204425349938,0.46412034301283983,0.44511416718003893,-0.04532335280953066,0.4387255111831161,0.49613812646199357,0.10545798809913799,0.4071379982024351,0.5443194996263154,0.152942288119255,0.5496103977760431,0.43549997723765754,-0.30433875536005,0.48072432521367,0.4787129974421964,-0.18301394570705293,0.4432397381061919,0.5424219511680898,-0.08755107723942307,0.3930551899360517,0.6033445667498535,-0.03249833734257895,0.58181102598073,0.45133998414799026,-0.2926669476042119,0.5307545017309404,0.4941434566277223,-0.1890891127043585,0.4985231277274647,0.5511099540148546,-0.25820977740031725,0.4501949601895022,0.6040780993306265,-0.30779999726531815,0.6119758582316736,0.455760390884529,-0.23568086290397583,0.6032969878672889,0.4997234629828495,-0.2089697840656132,0.5829544875308723,0.5347179809227542,-0.2573858345321951,0.5433050521834897,0.5658448667471975,-0.29027746982687674,1
0.6928475352480297,0.35405616965402953,1.229908796315351,0.6265749598771476,0.34026838566910994,-0.3840515466801328,0.5601085170685854,0.372179525612675,-0.343326367631232,0.5059849390931025,0.40727098429041053,-0.2343033655218738,0.3884546539548748,0.409174742359371,-0.17442208229388842,0.5396014867306732,0.416325936789118,-0.4886072705974272,0.4768285692752568,0.44825703508124914,-0.3774139157897336,0.4555360035141365,0.497033435289202,-0.28445663672563376,0.42919992857205114,0.5443386889294652,-0.25860112629683146,0.5771541497284006,0.43967245560898854,-0.4232634668411128,0.49669823942584523,0.4779531876869767,-0.34546385144837854,0.45697701040279265,0.5351303994980905,-0.2884400074427258,0.4098187063514759,0.5923620097379829,-0.26045464102222976,0.6115696174956677,0.4522016389721636,-0.2877721577873735,0.5488069555476905,0.4924667348998112,-0.2845531289434261,0.5086526769838166,0.5454118066635097,-0.36879881787636987,0.45714559151302536,0.5972334223200463,-0.4348288362382206,0.6394479391260993,0.45645933990463466,-0.16390404572249348,0.6033222788783728,0.4930203708066332,-0.2513701534305608,0.5758677561325978,0.5256723474184796,-0.3323577341316141,0.5357384960479512,0.5596697131140203,-0.3857608307998458,1
0.7181013997554616,0.3578197255565962,1.3916639197321838,0.6556938355965044,0.34487763476131345,-0.6028621739743337,0.5873424773769975,0.37362164245320967,-0.5343885801684225,0.5324719319683966,0.4122442862307458,-0.40977352128308814,0.43664146279376503,0.4272000082172314,-0.3208203419793134,0.5834380365064257,0.4271396268916645,-0.3921219396152039,0.5083500587460535,0.45333794666285177,-0.3211278322292083,0.4769901461600829,0.5013912978285492,-0.26043505892096874,0.441401911469201,0.5490429110609175,-0.24906647831006606,0.6096160184248587,0.45013442606146054,-0.2648247366332128,0.5196102184880709,0.48293918926818874,-0.2676636107929088,0.46972029671656945,0.5386320570802835,-0.2555263944796491,0.4111469959849191,0.594721851972346,-0.24342506106153078,0.6332504873646103,0.461462269319778,-0.1270942076346494,0.5627093140404972,0.497479404751721,-0.2155142421020653,0.517930316119232,0.5485095166516109,-0.31248034746609105,0.4607588165264441,0.5986493893091452,-0.36824905399404395,0.6541848430519775,0.4634485434161832,-0.03010207677655277,0.6180124045976262,0.49740194097142215,-0.16572057385937478,0.591082877114473,0.5289456545876345,-0.24641992304221152,0.5513746410598875,0.5612889077756563,-0.2885080639837162,1
0.7221704884737237,0.355571265868822,1.3188186806288282,0.658753551112453,0.345928722040855,-0.4500276717272342,0.5867929043065032,0.37524893850094726,-0.37596623152855174,0.541319982242664,0.4115894069902232,-0.25213441178048257,0.4556940696079503,0.42648131933847244,-0.16818902875432704,0.5872455154646579,0.42688005023921305,-0.3683225311873872,0.520985455714539,0.4536935830401828,-0.27889549516670575,0.49156249675659786,0.4986524359708008,-0.1929546950839235,0.45467741754205004,0.5429293412203448,-0.16596162683909615,0.6135853129132549,0.44809619513346033,-0.29089493149390316,0.5301782687968633,0.4845842773632087,-0.293150167744938,0.48066282784204584,0.5399386639902766,-0.26207011656137663,0.42126605678490064,0.5939076203996438,-0.23369916939285965,0.6376404348833649,0.4581106465620574,-0.18207750722978328,0.5740862561581037,0.4976806010676987,-0.2691150091633843,0.5313510129304744,0.5469397944187249,-0.3596203918666917,0.4771893366828835,0.5939924089033104,-0.4032860115064644,0.6588859599039145,0.4601008700331752,-0.09075996811801337,0.6230698164703061,0.4983800468849273,-0.21753270792871776,0.5979120737481288,0.5289803558289682,-0.2933938551961659,0.5606550474381528,0.559082254972802,-0.3292873826672845,1
0.7820329987781726,0.35278220847060543,1.4331976453927127,0.723472230315086,0.3505227667258702,-0.6574586439417011,0.6677567589180415,0.3791148920957293,-0.528762108148146,0.6289680574225371,0.41157356313762994,-0.3443465896933179,0.5743959221337376,0.4273036957096515,-0.19974908692767063,0.6799195887759276,0.41957201113766895,-0.5567838946434301,0.6099080814903706,0.4472986125019482,-0.5007083895910169,0.5703527784488265,0.4896754180081411,-0.43421912744817925,0.5239440360088076,0.5304136512770206,-0.3787556236836888,0.6992009266611067,0.44273540980316634,-0.3298274437359535,0.624093015202191,0.4838644575951054,-0.33249934991971014,0.5750123633456682,0.538062435191433,-0.25763103243851443,0.5128197981837432,0.5867222266339915,-0.18202386126631598,0.7121043254336018,0.45573879749221835,-0.08459253755906927,0.6629835938300424,0.49627248414014596,-0.12871981045970274,0.6186300051534939,0.5456556371876001,-0.16721803093168727,0.5539230193406299,0.5909614565234192,-0.17365689524447614,0.7208406914246376,0.4573563913746554,0.07200589988056563,0.6893757344353763,0.49062245108359,0.02453205774696365,0.6650068736868597,0.5213913797757889,-0.002081030155809608,0.623183618068685,0.5502664348831565,-0.009329768227543713,1
0.7315952789364387,0.353488542058065,1.2043329182396676,0.6746585103072013,0.35237142432161733,-0.24519242667326882,0.5972180193205848,0.377255896942707,-0.1623857404626953,0.5652785153672777,0.410890053777509,-0.03800070278076593,0.5118600277232962,0.42980063827520754,0.0440320667539373,0.6000645008626929,0.4281517025976437,-0.20351064284345152,0.5488538278017328,0.4539215294980233,-0.09570215911120437,0.5233310111116769,0.4949288310887425,-0.010224306943580288,0.48463532210709614,0.533620160142871,0.01965793814471996,0.6291464903751044,0.44729961367294,-0.14557269917485388,0.570118898990537,0.48350204833685934,-0.06054223216261805,0.5317836234421746,0.5374898771072788,0.00033306099322112133,0.4770742710443591,0.5872786949239344,0.025979246418978343,0.6544497333090737,0.4555053455870592,-0.07766499402554931,0.6190443653245712,0.49198638512752224,-0.0609670035282809,0.5891448445273104,0.5417983597058881,-0.1494249436845505,0.5398829279462488,0.5881378045215844,-0.21815847780262937,0.6766073527409294,0.4541208135892115,-0.024601243394512844,0.6660597932483265,0.4880674318408858,-0.06150283401880015,0.6531479325927776,0.5163014228885728,-0.11368519384451872,0.6226713167178601,0.544276309508615,-0.14941152255036214,1
0.7215194031636136,0.3284652698795746,0.6675638549053147,0.6534297716966936,0.33888610673733544,0.5632543344741263,0.599039405116155,0.3748842825256612,0.5624360507432198,0.5808535364455542,0.4081429521076938,0.6133934644117459,0.5423972994165244,0.427281005825814,0.590298125878148,0.5760926346224026,0.3914989327943339,-0.1812703050928618,0.5561309308513662,0.42662307071381683,-0.04857965195685619,0.5598596048918838,0.4719418252929762,0.10167157452990136,0.5478399469399359,0.5132418309126067,0.158235936027688,0.6155042977176118,0.4083732600218284,-0.4224250107702942,0.5772547832116359,0.45875499462185354,-0.305351800743799,0.5603370770924607,0.5143820200698725,-0.1883316831079158,0.5262390321711172,0.5628408461002606,-0.12705527906637595,0.6565266390675473,0.4204232073190419,-0.5085645151931669,0.6266951871301292,0.47850597467272626,-0.402264954702975,0.5994815911304034,0.5312114609337866,-0.4158480125054186,0.5553591153892203,0.5769463447653107,-0.4430955113075149,0.6966562999827377,0.42432316621319865,-0.46549997797321285,0.6930666413654303,0.47472123583243336,-0.43434413801656563,0.6765572667402646,0.5077140576858797,-0.4341671787465475,0.6396303451521569,0.5349077734258878,-0.44201481363270756,1
0.7876975187640995,0.3294863593708115,1.3161071836628984,0.7279797267875698,0.33501856829144994,-0.38503869923357564,0.6870687763485376,0.36758005827007467,-0.28741150128544035,0.6743057413860314,0.40285833236201674,-0.12352013897762466,0.633539625799434,0.4228097795305394,-0.006714328946811497,0.6925612346789355,0.40026224058109533,-0.557479915356659,0.6466189009180984,0.43152840865611997,-0.4526772524609466,0.624815613382627,0.47305298476346086,-0.320015952434763,0.5947749001523659,0.5123136372120967,-0.23137807648135636,0.7198000548197667,0.41997758081054104,-0.4328321482115052,0.6638457169933686,0.46224337118554043,-0.40125138762642926,0.6255917743473851,0.5121250646133602,-0.2587431898641252,0.5747481695844626,0.5560869151227612,-0.13919598213363923,0.7413485613010378,0.43144809890218494,-0.2448528999704928,0.7082466968785845,0.4740037568552155,-0.2502700595666407,0.669614780595832,0.5200281385353336,-0.25644972551925155,0.6112730829251174,0.5622127088154644,-0.23885909948213555,0.7572971624907743,0.4332065273030236,-0.09307295873592288,0.7369797400480124,0.47414421790491174,-0.13079267328198396,0.7154260919178432,0.5007875839577032,-0.14408783231942934,0.6754282446419514,0.5241871887448472,-0.13493332629236685,1
0.7871444462963717,0.3324297716416149,1.2474031516702968,0.7371274778375976,0.3316795482606547,-0.2678371916682057,0.6889493621157947,0.36995197281549524,-0.17729517609544795,0.6712690955202328,0.4058606034472817,-0.03204796343761193,0.631474954817984,0.4260322707071774,0.058204558581190266,0.6900031124631694,0.40867143116619664,-0.5407930054368086,0.6390669886660302,0.43454932270844177,-0.4364235244441583,0.6086101366064056,0.4735511574127252,-0.29975297740015694,0.5675966731542664,0.5097609860832059,-0.21955339662573828,0.7115750134491674,0.42608434060609557,-0.500140400521923,0.6537596266067673,0.4653091035728861,-0.4577998076117615,0.608927551093595,0.5169976807192782,-0.32870793752135197,0.5500279476440282,0.5641156115080438,-0.22803525838187683,0.7298940168965188,0.43451417487853544,-0.36652520396900934,0.6866256470625056,0.47758618333050096,-0.3796620382563495,0.6475487077973847,0.524516491906677,-0.39122831511628237,0.5939323610477405,0.5681732221070459,-0.38059905714487985,0.7446532473767244,0.43349235674233666,-0.23067599440330966,0.7252897605185845,0.4787611683431652,-0.2829868520115411,0.7041225372969802,0.5102509568328412,-0.301427540688366,0.6673038867066661,0.5391144685294205,-0.2970358296334388,1
0.7938217656535809,0.34700172518914485,1.2167974499525807,0.7340740414212126,0.34701682874659423,-0.09659195269896612,0.6750669687551919,0.382960737089405,-0.024951802650473746,0.6533765794793517,0.4214982079945308,0.10169108486709187,0.6045090350733276,0.44154872138584583,0.17111516745426847,0.6764118135642913,0.4179956977608348,-0.4550859737545534,0.6312849358451385,0.44879198601348974,-0.3400111022880813,0.6071506145463751,0.4875050675871086,-0.1756831191377301,0.5697578020498465,0.5216221075746398,-0.07778223878582832,0.704280737163316,0.4359111248802269,-0.4470010526703077,0.6472001160985873,0.4782786062071396,-0.4028680543807063,0.6079798867876405,0.5262912282202814,-0.2508033455980751,0.5537642008242868,0.5672087709011607,-0.12524590024031765,0.7284647316578545,0.4464096359170751,-0.3393634991951244,0.6847864669219734,0.4922462422619691,-0.3407652916001144,0.6462441648460137,0.5353206628988953,-0.3047434675064114,0.592525685660837,0.5731662499780357,-0.25931107295385003,0.7489915795012779,0.4480134670037684,-0.2166374591109034,0.7265219069648273,0.49391454683977165,-0.26006873213147913,0.7034503139656914,0.5221998392303698,-0.2487394535077902,0.6652395144870592,0.5479502916740542,-0.21471692791162592,1
0.8145398136218834,0.3567570242679108,1.344997879160204,0.7616276273207715,0.3450865300948575,-0.5649811577583368,0.706187407204856,0.3753773934453279,-0.4259897926291925,0.6799789274850714,0.4148979925589585,-0.23598099798242866,0.6319379678085967,0.435922949373446,-0.10332622585267723,0.7025206207196583,0.4277410250096073,-0.568865709866938,0.6453448738029237,0.45857398154508544,-0.45140970182064355,0.6187789719277859,0.5012179888574072,-0.32395158163814597,0.579618832794942,0.5403814281909968,-0.2508907633940588,0.7246697455144845,0.44705177617183034,-0.391399314825121,0.6582492271506115,0.48584046283351634,-0.3493636841822041,0.6184138445024875,0.5396100547992432,-0.26621224874244004,0.56223217254783,0.5876515311007833,-0.19851293978993734,0.7407508176925014,0.45514513876919427,-0.1699298199910307,0.6970943106961318,0.4945926750007369,-0.22416013967071236,0.662298846811967,0.5447311552731312,-0.2995708784652781,0.6079770494205102,0.5907069739769909,-0.33428904168701595,0.7537899920493324,0.45471311411240195,-0.005975032949438135,0.7277635375402267,0.49106442798564964,-0.1232145947989845,0.7097051998463,0.5254034790218861,-0.20804258587406071,0.6744727352145905,0.5596160207032638,-0.2486546752819234,1
0.8161679158370092,0.3566044476772662,1.29235892301331,0.7693383615849446,0.34916891342492606,-0.5182003602016794,0.7160797224737546,0.38143548468907257,-0.41282217186560033,0.6891844747401172,0.419324264641336,-0.2540636075132178,0.6280946362012034,0.4376647937117597,-0.1437649732830852,0.7119479882752997,0.4266316763686042,-0.5046019916515656,0.6548039424987442,0.45578899457057226,-0.4016482695760252,0.6303917361247947,0.49849943097954236,-0.29158676407500617,0.5925552745348003,0.5389623673778127,-0.23566270651654264,0.7309700566172408,0.445259194334334,-0.37098775800061895,0.663293621112351,0.48354353794849264,-0.30898002052545426,0.6237466275520847,0.5362185045409256,-0.22962319802335565,0.5680746419694955,0.5847105101865888,-0.1790143208794724,0.7466955220548412,0.45319227736684853,-0.19642373156919316,0.700529681345873,0.4923946952981828,-0.23144892932771016,0.6667246888494407,0.5408576898728069,-0.29571779670429577,0.6152329201090346,0.586607897615248,-0.33828019655826086,0.7596360303486047,0.45329772801221263,-0.06277184893992167,0.7333694482157883,0.4873260512309792,-0.1704154552016342,0.7175900421764595,0.5184052187562946,-0.24365473242287658,0.6861612949820951,0.5509723321657488,-0.285134009060969,1
0.8229261346831687,0.3578986812748319,1.3410056719621333,0.7761798890666628,0.34991492096892773,-0.5865925451207763,0.7204842003672678,0.3813649545210131,-0.4878602333709153,0.6947641296523256,0.4190160044215824,-0.3196592815119673,0.636633934060708,0.4381159530299234,-0.19619277542450858,0.724402541011054,0.4239312594673644,-0.6718290247091935,0.6662226047299478,0.45564135310116133,-0.5578624432517713,0.638177932869544,0.4975968707309477,-0.4121120824977218,0.5966803767074162,0.5363132959232176,-0.3221658869152304,0.7408112147884299,0.44307899026828085,-0.510670944820014,0.6703198055004139,0.4846502608419515,-0.4637795560375175,0.628305452583988,0.5368507652629146,-0.3462665441499886,0.5708374844070574,0.5839665336439618,-0.25210549048666264,0.7531140570742737,0.4521774023185254,-0.27693205329874665,0.7036617339041006,0.4944092313008754,-0.31840764837413194,0.6682355398885542,0.5424162829116473,-0.34132857599721195,0.6161330084775173,0.5869795826756624,-0.3408388809843455,0.7633091314345879,0.45310736617900915,-0.0943160283332315,0.7342720211738443,0.49191744609668514,-0.18589185083848606,0.71558406851467,0.5230260466480761,-0.22933920767183213,0.6818328541281684,0.5539501553779971,-0.24252817760821135,1
0.8335931990290925,0.3629952373213051,1.3531414134052953,0.7851787357556095,0.34936425700423707,-0.6223979389968068,0.731640435031684,0.37952756861097076,-0.49923808924060115,0.7045298247929517,0.41905881061981687,-0.3078572677069633,0.6511902422294564,0.4399250755121738,-0.16613607831626384,0.7298450901134361,0.4289216889203892,-0.7014407563064378,0.6687764853038116,0.46008206932469325,-0.55505775097678,0.6418766362097067,0.5016770038311839,-0.38281086513629026,0.603147514304716,0.540636101041443,-0.280956611391549,0.7480193091219899,0.44972136355961106,-0.501111981347746,0.676542123898852,0.48963551261090604,-0.45122500997143267,0.6351330747475601,0.5406957130126588,-0.3178882503366056,0.5785726412460368,0.5864060789986514,-0.20999569767240314,0.7609805811740978,0.45937373837350326,-0.23029721935782038,0.7124068469458932,0.49875502026913443,-0.27460960569279197,0.6757666743501505,0.5457064773694902,-0.2941251494087855,0.6224906295889144,0.5888882017738714,-0.28772955504626935,0.7709811610540174,0.4603032728257078,-0.027310142170685142,0.7416838681096144,0.4992282228874801,-0.12320025705888442,0.7206022938482444,0.5323050526226936,-0.17311191255299452,0.682948457727662,0.564125130414439,-0.18742913312404885,1
0.7990172241795362,0.35765007745930605,1.4060217407980249,0.7563244792321497,0.3510661590175577,-0.7595407712406851,0.7057345274214504,0.382057950938244,-0.6763700137089858,0.6779856739701494,0.42042193786749205,-0.5039947783031227,0.6227899535698251,0.4421117471080454,-0.3582739485372011,0.7112022756987106,0.42760003390153895,-0.7013647088711014,0.6498331004236076,0.4559934979572563,-0.5749636970036225,0.614003299318256,0.4948783128530824,-0.43950050517991435,0.5669662084839768,0.5322349767414211,-0.35411034710556244,0.7252984633759633,0.448028080853354,-0.4679225379127356,0.6610492704299087,0.48868350098010505,-0.40976952264605504,0.6138550194705843,0.5398914401824809,-0.3040009905013108,0.5534815006909805,0.5872866894618395,-0.2208182040729372,0.7366094754033727,0.45852573407839053,-0.18311656566710963,0.6947867470938421,0.49870279155795355,-0.20652514728620894,0.6548530812142641,0.5442002421299102,-0.24034350233332683,0.6001318461025708,0.5881425729322176,-0.2530175081001724,0.7444201902441641,0.4603044195837392,0.015526365682507117,0.7247412617157029,0.49704712202205104,-0.05086495940104314,0.702958282690158,0.5268733812215831,-0.08847972423135712,0.6658689373638128,0.5563642082773029,-0.10232156665209342,1
0.765148341978594,0.3643691379498834,1.284405729697138,0.7138768691675917,0.35862274939016126,-0.37596448363221563,0.6435617304895623,0.38780751021277543,-0.2763440110170458,0.6168245916655704,0.4237644348400234,-0.12846515648771586,0.5756241477358757,0.4429547026761933,-0.02151041254594969,0.6470975950363091,0.4358652277541751,-0.41868843321333626,0.583423465987875,0.4663613208733896,-0.2954609997522739,0.5525817459586407,0.5047122071096016,-0.15563059697779488,0.5136366969404144,0.5377169579128863,-0.06365484672955324,0.6732913486802953,0.4532613912658587,-0.2899804041345203,0.6120691941582728,0.4942858482377565,-0.17544605172469202,0.5725910906943039,0.5452377624640075,-0.05595897509369085,0.5196627453821456,0.5885561251776863,0.025603260846009963,0.6945375214179356,0.460318689283169,-0.12633746975756804,0.6555447595304319,0.49866136878701695,-0.08074815313457705,0.621811773851521,0.5458724035352609,-0.11495061563046965,0.5708472549760021,0.5882354314550755,-0.14024893462918503,0.7121919336930216,0.4586840504854467,-0.005190311696136724,0.6990827406270086,0.49560444270023357,-0.03519101185319804,0.6814553640366687,0.527474163018106,-0.06928579806992986,0.6464714219076622,0.5576249271377115,-0.07965782973804929,1
0.7157910970421681,0.3363932064344899,0.9361916418490145,0.6499260341401719,0.34662316681265276,0.010821030967655165,0.5857263181499424,0.38326776841674465,0.04774416205834844,0.5646591310633708,0.42384337614066364,0.14814885650371581,0.5242534500337981,0.44558514618618844,0.1979640504050708,0.5942530856106544,0.4093993387473869,-0.3447949874283139,0.5632749990574181,0.44618132570640606,-0.1918367514988784,0.5517345162727968,0.48888718850340973,-0.04512558972848396,0.5253934547868959,0.5286539211066815,0.01766850826527551,0.6324813215385358,0.4249247565363341,-0.3882994098155663,0.5857574194508889,0.4757429910865122,-0.23536739736911447,0.5575992729824885,0.5275170897594318,-0.10699152670066858,0.5180808276149205,0.5727831441495651,-0.04667881240864765,0.6648272481607934,0.4341570324651535,-0.33401530621316666,0.6316563650855238,0.48923678790392494,-0.26857033984796286,0.5985114095626148,0.5381353372475173,-0.2862001312680984,0.5534099965524651,0.5807078678480146,-0.3124897482596733,0.6906511191107462,0.436444685294038,-0.2411654012302764,0.6746563659845571,0.4865190331505294,-0.2587164384484422,0.6544874424867043,0.5127126258077517,-0.2611793375383097,0.6216559826261759,0.5338560338504823,-0.26366831839845295,1
0.7625618919712873,0.3397765656578046,1.2289189804214118,0.699630489271873,0.3428828826443218,-0.37835830313599506,0.6509094336421145,0.38032861124310124,-0.306714509037739,0.6320992737105765,0.41965587369649027,-0.16900935529777347,0.5844246324105976,0.4421410328883472,-0.08199162066592626,0.6578984569809356,0.41527670063605104,-0.5791485218071079,0.615704322230064,0.4452323801133173,-0.5140611537326626,0.5871882198748901,0.4850306408959276,-0.40377499320443444,0.5476254589593219,0.5207592996478253,-0.3265502769069229,0.6848980057027128,0.43519961788200806,-0.4997922280857418,0.627469432194407,0.4781246447567397,-0.4301957722564213,0.5819635099808923,0.5271848103242692,-0.2983038379505957,0.5234691723543599,0.5674793738963141,-0.20034177430229436,0.7077151572415857,0.44497744469461303,-0.3459395581994521,0.6688882418711952,0.49030451771378,-0.33552999524650784,0.6248041303827846,0.5365888851476357,-0.3481133054577887,0.5610943056268046,0.5768810928303293,-0.3501184737968837,0.7285104583534597,0.44419476275938485,-0.20464418921102953,0.7106304582190897,0.48605661179043164,-0.2576901826441623,0.6890357723000267,0.5156436886730669,-0.28331094845767024,0.6501603286739637,0.5433380083108371,-0.288899935648494,1
0.7870293201005578,0.3370977617400072,1.3192006543934243,0.7334317792372725,0.3379887161826325,-0.50760013554334,0.699754343614868,0.37506015775324775,-0.4741407843814591,0.6839685522211428,0.4149485817023265,-0.3642966260963033,0.6371066606105643,0.43693924510067783,-0.2858664312145607,0.7121040470309236,0.4097679375938679,-0.7250092713581996,0.6586872004511707,0.440975467543427,-0.7002020637644802,0.623811412307136,0.4816159465649418,-0.6066125223098726,0.579702244787403,0.5178285481753879,-0.5265950715038952,0.7338830066046929,0.4302070326361441,-0.6279304474346107,0.6713799374934426,0.47693344301549695,-0.6152585037583793,0.6218580541847192,0.5244184249826247,-0.5096684248580583,0.5611625234618799,0.5624195581785321,-0.4056332087494003,0.748499663454791,0.4402145243813598,-0.4286406609794252,0.7038871277345348,0.4885408338953316,-0.4470307911254043,0.657319885677184,0.5330824302145887,-0.4495906100360519,0.5954714294122349,0.5701583867443684,-0.43284146112102084,0.7570452496031524,0.4406922770421451,-0.2526757350349957,0.7319246992076216,0.4834222357698166,-0.32122630428633014,0.7053180581052575,0.5163387730796271,-0.35292253335116575,0.6638365839786325,0.5460571077987049,-0.3550452066631587,1
0.7712811455447912,0.34498871003052384,1.382541120165005,0.7197846048427715,0.3464850050255935,-0.5391814584355944,0.6657725732003321,0.3820417440060091,-0.4268786813230524,0.6441408943974378,0.4199788659195324,-0.2612973367395713,0.6018615505372603,0.4413046732166637,-0.1291906304453794,0.6760411740196846,0.4271308832570556,-0.46131704908092097,0.6196400172741211,0.45706614315985156,-0.3613446447691072,0.5798240786546224,0.4937185688593061,-0.23814029107595372,0.5294633100554144,0.5267086943392266,-0.1501282794303591,0.6964677276027197,0.44370323439359244,-0.2730143124175436,0.6410578246275279,0.48589544906580245,-0.2365067751116482,0.5925586285298478,0.5353051031186397,-0.11862875706218055,0.5301827992790158,0.5779425282030743,-0.01585059740149342,0.7120567865025448,0.45083017867491,-0.06556335518887446,0.673062636158271,0.490867455743652,-0.08106412353250743,0.6321743089655819,0.5364662110769063,-0.08406993357881892,0.5766311731845053,0.577879447435547,-0.06615335978966998,0.7233560491498437,0.44989300341714517,0.06787287129978466,0.7079274814094998,0.4936829326506825,0.027992538348478636,0.6828565835387308,0.5249457405102494,0.027556208330404282,0.6416568003309954,0.5525167785692731,0.048771260358349285,1
0.7829804562545334,0.3397143257898261,1.2327210620083557,0.7253747974828747,0.3418288205894608,-0.3215284931846582,0.6701198244545479,0.3791380019805828,-0.24916752861467906,0.6499689265724544,0.4183177630581729,-0.11854011639334192,0.6067118544529092,0.4404535387369,-0.03384589972925441,0.6875567141292703,0.4177705491696558,-0.5372504132804022,0.6377463508027393,0.4505961049150415,-0.479894957862604,0.6058199961440681,0.4900892324552746,-0.3740754663679912,0.561756750409368,0.5258285923490795,-0.30268565203656345,0.7089041937086294,0.43588294909367686,-0.4919483168928903,0.6425738403529277,0.4826687569803115,-0.45513682454862586,0.595072544534951,0.5343858293057475,-0.35137109153539636,0.5339651666654166,0.5787368945603766,-0.2679038034428266,0.725122199275831,0.4445127695421005,-0.36155088015613546,0.6731330193618267,0.4899031542189907,-0.3669597702162974,0.6308235245462686,0.5387876597803262,-0.38045753716145203,0.573499711506209,0.5823198416110393,-0.3820446403264985,0.7398782159649462,0.4437529742278086,-0.23366615527743148,0.7111916025275132,0.4865384015844602,-0.2868609560160123,0.6866759968849273,0.5189013670388731,-0.3074335985555698,0.6483158752908129,0.5492791788402771,-0.3096789041647836,1
0.7763451424012022,0.34874444149254463,1.2807989413483498,0.7242885132583617,0.3468499107981136,-0.2935681348198707,0.674041822578812,0.38406160796788186,-0.2028589863423298,0.6504999758665759,0.4205258957774901,-0.05118717135029105,0.6064895218746662,0.44083003250708686,0.0571155709846974,0.6964697971493331,0.4207903819727017,-0.5826430684907901,0.63368538937312,0.45533434862676125,-0.46755602063536955,0.589407649788113,0.4915583704282154,-0.2975176844148644,0.5363009268919564,0.5244156910653012,-0.17945554317161508,0.7101829697245354,0.43872241185473476,-0.48156228714438115,0.6384385163190525,0.4857162439360356,-0.4196185243771951,0.581169286229568,0.5338149840021877,-0.26433456180841397,0.5136588762389824,0.5759581869915282,-0.13776199752229953,0.7188291358613194,0.44813433847655054,-0.28585105317251097,0.6656656966226818,0.49346705622528636,-0.24094894936875064,0.6170684663514437,0.535814394416554,-0.19982160978878527,0.5571344684428874,0.5734649030650669,-0.16287946033197173,0.7258276615233072,0.4482571530854295,-0.12148594699540556,0.7067949183193997,0.49267927116462973,-0.08714171493517826,0.6807963054217822,0.5220774577533012,-0.051851738629775386,0.6427985245585739,0.5458928721893321,-0.020276085324523616,1
0.7696312626980251,0.34911894766958135,1.2807812852893323,0.7120514452230138,0.34644501082407636,-0.4211762450142779,0.6549656183688692,0.3838929358212886,-0.2826686797210361,0.6334606720966807,0.4192903532375398,-0.07790599778895095,0.5960528421095741,0.4385887468884902,0.07376051559773406,0.6829201730317864,0.41713636242192964,-0.7042288675118757,0.6180882677847543,0.45053550208215826,-0.5641194869818583,0.5717977468700817,0.48529555949058806,-0.3792970776226177,0.5177271343888907,0.5167669769727377,-0.2504681657952162,0.6999125433528849,0.4360621252120288,-0.5574486221772219,0.6264048043065817,0.4820856529806639,-0.4781948162195108,0.5702508809774611,0.5351861872088542,-0.31137238576264087,0.503622019023863,0.5834868613696528,-0.18263946520067037,0.710291611439527,0.44717211546888974,-0.3116587613306938,0.6545183378119116,0.4881304654503383,-0.27606086623269716,0.6079766823467961,0.5333366311240387,-0.24490211704059273,0.551161154724775,0.5764524378112973,-0.21218505025975284,0.7193986032775329,0.4486628187390183,-0.11305755623846503,0.6987721353971347,0.4904868720460744,-0.09724501332413692,0.674390848097323,0.521005427801567,-0.07076969562894299,0.6365809724734804,0.5477568410764762,-0.044262457745314655,1
0.7762129028519564,0.345732743195159,1.31724513819835,0.7219975389318496,0.33714784635899925,-0.5962441381249213,0.6688006517521224,0.37496231590308865,-0.468424254961772,0.6471920895589658,0.41341339577473474,-0.27315695796273565,0.5987370223138951,0.4342146121891713,-0.12115867250684564,0.6990172789953976,0.4173978517444518,-0.7010152247269716,0.6334882647508788,0.45051031325038376,-0.5884827623246001,0.5873628635401928,0.48535647143023614,-0.4341372995197737,0.5330164442797265,0.5172372333523984,-0.3238502676746964,0.7126773216580004,0.4363312997165453,-0.5016615128128871,0.6345792402256859,0.4810634089349894,-0.4408299155145362,0.5769462933549684,0.5299069080534214,-0.3041180699570441,0.5096208757533152,0.5728282042723023,-0.19176773022568067,0.7183101042533857,0.44474148554942233,-0.23264957091259966,0.6621180480053637,0.48541997543905335,-0.2332666771535891,0.6144282563837404,0.5313945867630833,-0.2354906005247181,0.5552754503825483,0.5739808952893815,-0.22527957154383618,0.7215451424337358,0.4433493154007747,-0.03273033498735072,0.6954179150521349,0.48231689000562716,-0.06099366939441574,0.6730241859758167,0.5136895584645329,-0.07173493049968503,0.637988958587343,0.5431982501240147,-0.07060246248940044,1
0.41498968377135653,0.8962852759502312,0.3757659355859503,0.3928300965346022,0.8763909875370667,0.69171215756075,0.4302977791519041,0.8448360962853914,0.725153376782623,0.47324070981877575,0.8202362767749181,0.7616758562950489,0.47958402892545954,0.8039694868763099,0.7168623438714806,0.4490475070824526,0.8104848863792208,0.2971230846745987,0.4930044409860646,0.7846588713171594,0.5408632066063561,0.5059570850509296,0.7995765132420108,0.6725364289350265,0.5099438205469143,0.8141391066921935,0.6977881114658392,0.46760785978044944,0.797014193715587,0.27501918576050605,0.5023163095636258,0.7774229550224919,0.5407208362010134,0.4948662120121456,0.7736705761867988,0.7066809662454302,0.4855472551816134,0.7709330958204574,0.7560621539086438,0.47897184887663985,0.7877684161359811,0.2810786226409118,0.5097048964961112,0.7724092821336794,0.5133137766380278,0.5055091464227417,0.7703474886262358,0.6388222893397787,0.5026005138192401,0.7659872236623091,0.6500450209399047,0.4878046773099737,0.7799749750913713,0.28707721149834503,0.5150424240018914,0.7651022125338637,0.4599186785192654,0.5064148263683178,0.7645122499836156,0.5603423387110928,0.501595464737466,0.7608356995596882,0.5884663869428141,1
0.4161728387972553,0.9002736066902977,0.3573602476725751,0.40348393446568476,0.8840315326797965,0.8277774221594124,0.43954974806038827,0.8554147211091835,0.9142584526483991,0.4733882812468878,0.8276350779736574,0.9720887640681367,0.4850052742677613,0.8095852331260839,0.9499354137097099,0.45475163193999973,0.8118822284851537,0.4525551015575375,0.4984336220843433,0.7943004578161902,0.5956114619676885,0.5005826341603616,0.8051262677432811,0.6926837484825876,0.4916635949264062,0.8110588681791685,0.7362022151722672,0.47057826440276246,0.8001036823883609,0.428872713824695,0.5003695871167156,0.7851687655896066,0.5741563814246754,0.4875985339183135,0.7773736078302141,0.6960118816828234,0.4775003262098032,0.7661453366501747,0.753122290307169,0.4839268082809079,0.7915883356151493,0.4019726949397472,0.5127246710867618,0.7766403223079154,0.5413715906843632,0.5031686167376641,0.7718436064166835,0.6448674910273373,0.49739213730498627,0.7627211133475038,0.6766075296048157,0.49507621069189656,0.787026963605136,0.38303245047292517,0.5201599020258956,0.7763654948766752,0.5081461881397844,0.5086536509514717,0.7719399049988389,0.6068297571893099,0.501837291197477,0.7630447211453691,0.6542909301112477,1
0.3945921222400496,0.8957891352883449,-0.15353929794603377,0.377373644451544,0.8780254613098123,0.5558648267664995,0.40157789955414813,0.8372794640666644,0.541608866836973,0.42233376329716554,0.8120725232544818,0.5188594056389277,0.43474731874125866,0.7979619443765517,0.49260373573572763,0.41430049312431483,0.8079309253576799,0.37687429541049267,0.4602633036062287,0.790671520280044,0.40523647051048883,0.4604707266045671,0.7815187819908606,0.44417450264871833,0.4591275015034751,0.7697056829861534,0.463832113174745,0.4340715894120909,0.7984073906175209,0.31802266137027835,0.4658312241105876,0.7818980845182871,0.39542870962207466,0.4678751499212691,0.760943148278522,0.4575525242687364,0.48272426377951827,0.744046253551841,0.46801879629653076,0.4522861426921564,0.7924887133686992,0.24460582133168107,0.4791887503830437,0.7798059482309196,0.3443957984445887,0.4809193565854456,0.7629157163660607,0.4586080927499272,0.4947718596234994,0.7466324958708681,0.4889181293045478,0.46672922276261647,0.7906312240976577,0.1949498045093717,0.49202365219507727,0.7830957566615999,0.28364928858414784,0.48547799052012425,0.7744235602564263,0.39180353456683487,0.48628287847341894,0.762924176419259,0.4441899544631576,1
0.405878378828324,0.8837010859577424,0.05886939007885458,0.3877637602009528,0.8679353539568043,0.7487263045510956,0.4250161550112284,0.8328288603979253,0.7293238201105859,0.46170935371785127,0.8054030951996867,0.6928028424238057,0.4712497950944315,0.7903552927379685,0.6383610020950706,0.444465054530952,0.7944818491362967,0.4097343529253186,0.49713046325159604,0.7819841166559559,0.43385911573777336,0.4949680482300023,0.7792490870968309,0.4880301273927084,0.4895490467538888,0.7668611649254023,0.5312591165667576,0.4631165488953162,0.782170478127603,0.305416666613741,0.4962162795036541,0.7744906892171483,0.404598237923344,0.49335979247895323,0.7659202440006512,0.5098947521224656,0.49981057963793774,0.752540328946693,0.5479131082481591,0.4768731219694845,0.7736512618472698,0.19891735514577694,0.5103450484903557,0.7699174837701958,0.3299442466911561,0.505248593536067,0.7643172360071208,0.45042944248531674,0.506184318170972,0.7537063075608267,0.48710876369974265,0.4872201489030667,0.7679606778864634,0.14034363466067193,0.5143295336269644,0.7646419432219804,0.25771916822373125,0.505039113504285,0.7643615247445407,0.36057915821121755,0.4997897709959894,0.7578876177318291,0.40688953821062546,1
0.4494513103048003,0.8635776918429131,0.5949816264859805,0.4464643709789304,0.8484661105521386,0.13701854944084774,0.48578196594935524,0.8202147649367737,0.22983679864471077,0.5334799903153592,0.8003508519587106,0.32361460603181635,0.5545932126890726,0.7884044903996636,0.3655241319984291,0.5298132333026515,0.7836963026076477,0.17386596149452638,0.583640982812417,0.7666700551201832,0.3669738875401431,0.5934338100007185,0.7810341453281847,0.48527027326346006,0.5859830594924522,0.7931749114534147,0.5275307684817412,0.5373495786967083,0.7673948768197237,0.3397844051968634,0.5742029698237314,0.7547753756311212,0.45271423349858503,0.5701302516106135,0.7636674481541519,0.5722949607545413,0.5505402163253033,0.7712509392668679,0.621097307747431,0.5355743499040049,0.7569388355436865,0.45665535493780207,0.5729944786077102,0.7491880884014982,0.5049189747997151,0.5650103552974458,0.7623453451712243,0.5576482252057153,0.5412353589881671,0.7733235489060785,0.5649892284199444,0.5315040210103398,0.7515947206421031,0.4982984941072261,0.558743710466646,0.7462204105055791,0.5161161357107018,0.5489179360676866,0.7604172386112781,0.531514666545766,0.5241813820217767,0.7719739796126421,0.5278166603325586,1
0.4282120829365291,0.8659111534075266,0.4675542958137477,0.42094969840911384,0.8505332488685703,0.6147717126766501,0.466935654962797,0.8305235743516933,0.7824087283787766,0.514269723775562,0.806186948959564,0.9100648545406981,0.5242351021996712,0.7907589616015891,0.9508256738920501,0.4875860394442701,0.7860193770277975,0.5314649270058152,0.5510241407608908,0.7653836789390658,0.763141076839551,0.5714110358969112,0.7878386374433968,0.9066500513393251,0.5715517015240723,0.8101100637456456,0.942656956942387,0.4975548570309922,0.7741819587623642,0.612349249364853,0.5397122633024469,0.7574479564576243,0.7391751429259392,0.5308195535423288,0.7647670532952584,0.8838796023565096,0.5081251715019209,0.770529250526886,0.961466389941205,0.5016338911095292,0.7669268440826733,0.6271196642554876,0.5349808455254026,0.7546564087337104,0.7195988769147218,0.528808621452649,0.765600634429561,0.8237975928455262,0.5122238283778798,0.7746077571803104,0.866938460490439,0.5045146474454888,0.7639840077232614,0.5944610255162389,0.5322569087649547,0.754979784750781,0.6813366758814801,0.5237025673887687,0.766811008550738,0.7435813291331084,0.5082798177244623,0.7766773295156726,0.7722529859052929,1
0.4208930128256273,0.8698667637598556,0.5668000801395753,0.41265590489974374,0.858884104251469,0.612084589231656,0.4631448834424391,0.8404728299736954,0.7484602116004602,0.5058487992544921,0.817695701113468,0.8638951301944439,0.5130332098230537,0.8026716782879778,0.8799530995494846,0.48352053152077346,0.7935405422229332,0.41346976561388105,0.5309601558113944,0.7693435628095161,0.7080189680357207,0.5519881654057366,0.792797884529745,0.887177494649859,0.5567758628595549,0.8162051549979995,0.9406175005998121,0.4964147929192506,0.7792845116411707,0.5006027142772045,0.5364815133016394,0.7626541529053995,0.7408874898450152,0.5308108682279158,0.767549587711071,0.9474106293729355,0.5144007134682261,0.7718076498155352,1.0432805963351566,0.5025379101263506,0.7683935795011255,0.5537495986135266,0.5428964422395748,0.7549952521456574,0.7148670622369845,0.5372592497190971,0.7634618056829797,0.860133012139741,0.5225633521694593,0.7687493882638734,0.9110846001063535,0.5059054479388262,0.7623656454515232,0.5570567412391324,0.5392996650077193,0.7519018177919459,0.6623598025937234,0.5287676920245261,0.7580424551871872,0.7462830264586023,0.5140609025402674,0.761325511208794,0.7836078221014653,1
0.393219164566998,0.8858392921650975,0.5753880303092025,0.38265974926992147,0.8831602540417872,0.8229022207870316,0.42820999348374233,0.8584970395175694,0.9829992265759693,0.47055324705048174,0.828960958269622,1.1141981279015671,0.4808575844707345,0.8094483023154834,1.1449220099400323,0.45552483213831796,0.804430465889726,0.5436553112423103,0.49801218323679314,0.7833969357846948,0.8484595129938381,0.5089270669067039,0.8038135187582462,1.0272234098256934,0.5031852826123159,0.8248481592797013,1.0814180590422011,0.4696507824400065,0.7908190768418233,0.620974968074485,0.496931126776307,0.7734866906030963,0.8669185275718075,0.4810073453137625,0.777631748333967,1.0679241560663033,0.4577313665331996,0.779466659387386,1.1588762903859589,0.47650138311515355,0.781329266570529,0.6566239672767559,0.5007855012359903,0.767175347791052,0.838773707480878,0.4904201997295824,0.7731593806763468,0.9655368816492111,0.4754682279742016,0.7748574713161055,1.0070027311358098,0.47982341330753536,0.7774827831997472,0.648812077032639,0.5054239363490527,0.7668526347503599,0.7832766675417294,0.4944596182855444,0.7725398921104462,0.8666813332372407,0.48101156720572086,0.7744759406746566,0.9049306533120254,1
0.4186503856463596,0.8793546092345079,0.42850426089426535,0.3998321895623054,0.8643576908392704,0.631327304696226,0.44260446659943775,0.8436682967793512,0.8215837978534116,0.48174477317258485,0.8195252491445035,0.9807091486256587,0.4807496560346942,0.8034497302349172,1.0335842018267936,0.4615623552465161,0.7969817089186951,0.4278991769570019,0.4888628818044945,0.7761996635452854,0.7375601793527726,0.4907714025346013,0.7933777565266333,0.9292148881171471,0.48007149451958797,0.8117603438165372,0.9820336935227142,0.47549802270785907,0.7870399652768888,0.5296912569486474,0.49559135012693234,0.7703482264266818,0.7284786233306877,0.47639544336044637,0.7716558568428141,0.8872002627379141,0.452405175723778,0.7722131909201778,0.9514443460628016,0.4803738576794518,0.7807057995493527,0.5973675655547758,0.5015245248733249,0.7633703704035922,0.7510777131451356,0.4861419746859244,0.766506399063136,0.8309099839984209,0.4680064126538691,0.7691961130495162,0.8333321628779624,0.4812360864767441,0.7786473159805795,0.6106129460667171,0.4996623278865059,0.7635678021569018,0.7312198302128372,0.4842281652566877,0.7673426527595656,0.7842276059970104,0.4685259069811763,0.7691696039429856,0.7905570937447125,1
0.4730179537397967,0.8533212729128226,0.5344793722014484,0.47044694325521413,0.8441847478062575,0.44084189409537555,0.5106765407099358,0.8130143850988407,0.5827792516791912,0.5527068846217041,0.7884307155620335,0.6963273393353658,0.5633559224111805,0.7723827940518231,0.7415651406017947,0.5397353780494186,0.775651612290305,0.674287340795945,0.5969871936896737,0.7542177940261167,0.8993794751572406,0.6097307667920985,0.7700310802300865,0.9751976984676812,0.6000125233153382,0.7856906094149988,0.9664893157018217,0.546809894716819,0.7611133177270294,0.8390877644420146,0.5893082771612115,0.7414552107973363,0.9468303843483266,0.595072544534951,0.749285718875376,0.9787469164793678,0.575923079358346,0.7590570886330061,0.9496997505326146,0.5476437831053101,0.7545196274954733,0.8703699598258686,0.583067655668976,0.7371438388620314,0.9408267204937353,0.583564744309278,0.7450409660476933,0.9079170975411214,0.5638092810630961,0.7531456428579462,0.8377129141577708,0.5474039479084122,0.753350407188094,0.8137006935952663,0.571676901259666,0.7363594565805631,0.8605312088611384,0.5658288370811237,0.7435174691868393,0.8363746187246395,0.5448242616169392,0.7501040605587849,0.7933070118747394,1
0.43619935171097274,0.8568540078192859,0.43710351524801927,0.42950811111438103,0.8491162642247355,0.7408862476843473,0.4763770637806796,0.8257206199710311,0.9164407454102348,0.5227945718375558,0.8018838141876933,1.0567644244725272,0.523108329327411,0.7864352195512575,1.1026544840549217,0.4940757782647874,0.774959772201876,0.7119691152074733,0.5492684692485159,0.748625623977804,1.0681800448850534,0.5683131899290402,0.7677845898844943,1.2665822529979536,0.5646794199633907,0.7877398374674266,1.3126888919018165,0.5054261420069476,0.7617649169849132,0.838080250904153,0.5440148346227542,0.7378266193413214,1.1238815077454518,0.5427676510698465,0.7430135163415258,1.3066762121197373,0.5245729058535454,0.7488470946932416,1.3629517740071058,0.508721088470714,0.754567822220524,0.8611290322841456,0.539817177084014,0.7343947562070167,1.0620721479854833,0.5398203156358992,0.7419470501030178,1.141031763399472,0.5274720056927781,0.7488139182510964,1.1308455592024964,0.5099360541407758,0.7542491787951612,0.812211782778423,0.5361106265788611,0.7370462289670259,0.9440062311823451,0.5296447912548246,0.7435919046739747,0.9821559724739725,0.5166283075007335,0.748942304180947,0.9811699648174753,1
-1.3737392445449315,-2.070901735280024,1.1467946210332354,-1.2002146888559482,-2.0321208811487006,1.6059400335257816,-1.07807359278733,-2.0016502890311645,1.2565008853650574,-0.9766911800338719,-1.9816363406247997,0.7119076164406581,-0.8730873771044305,-1.9761461269196263,0.34084702962039354,-1.2559622304650793,-2.052472903376902,1.520866427561863,-1.100667046553496,-1.9868848735568039,0.43542886918629575,-0.9813400748092527,-1.8944696266239407,-0.13851238154447212,-0.9241076520212292,-1.8046768579123624,-0.3130927789681603,-1.282509564915117,-2.0526590073507744,0.5309881522513431,-1.0722422603400963,-1.973551742850299,-0.38340380712624234,-0.9918593707487201,-1.8791701356134463,-0.6504845551634226,-0.9816228286793176,-1.7983163686191914,-0.6368153716623656,-1.2900904959134796,-2.055254433086206,-0.571241963713643,-1.0848743400886804,-1.940802539671393,-1.1534428092128917,-1.1120756486619703,-1.848859513312585,-0.9822004083176025,-1.1875084710993304,-1.785272583344085,-0.6444078377659391,-1.287738824410315,-2.0588437397036836,-1.2383887706963044,-1.1195338002635924,-1.9773897513130285,-1.2532457963255614,-1.1290745066479786,-1.9055934395262515,-0.987737659143918,-1.1835675875448117,-1.8518955694253167,-0.7162713560277021,1
-1.165836114619262,-1.9137764772553614,-0.05904154010078726,-0.9999925925624431,-1.8910094390949255,1.3038317228879919,-0.8775297420328187,-1.8704590742582177,0.5260069260675314,-0.7531651535667161,-1.8508774421158825,-0.2550105396486658,-0.6012188845721229,-1.8363313265489911,-0.7991469368108091,-1.0812925815355976,-1.933086633330645,0.4452280195885934,-1.1625578660650935,-1.9492753290765503,-0.20142775244993158,-1.2175882535019746,-1.9700439403158907,-0.6683657333934666,-1.262675304511424,-1.983833640934317,-0.9933494319162012,-1.1025271757495871,-1.9366785794929027,-0.7731493879009471,-0.8641659549026155,-1.8746593789906485,-1.5256022078962042,-0.7608145668033061,-1.787628007616327,-1.6745970612174426,-0.723126137459736,-1.7120940660186081,-1.5866463529661903,-1.097064121643737,-1.926918705540568,-1.725952698763567,-0.8461521094287213,-1.8367513692059088,-1.8896099690858357,-0.8620284678001904,-1.7483678233373103,-1.4173233217005028,-0.9221501921081198,-1.6844219532954363,-1.0346716242607594,-1.0625430332502293,-1.9142345417110689,-2.2082016788956027,-0.8834971407102555,-1.8472918460968593,-1.9667489785825452,-0.8925502180099597,-1.774775719835426,-1.4897811454000205,-0.9358252265729656,-1.7244836102992733,-1.1611260289887193,1
-1.167592955924977,-1.7704129875253427,-0.7775387012046411,-1.0120991450282892,-1.736508533328273,1.0091463781752537,-0.8922508016589884,-1.711693414993586,0.16410356032198445,-0.7560417571794918,-1.6924243231608767,-0.6413879810086723,-0.6075397134288202,-1.6781801978432351,-1.2241718217838071,-1.05812406320778,-1.8042010873782806,-0.4098717450849608,-1.0940954165977466,-1.837396140017626,-0.9501155092548969,-1.1059051888592804,-1.851845771713052,-1.2495582216736696,-1.1172313298388858,-1.8636672632974196,-1.4556345462774174,-1.0909902850695008,-1.8017013798198418,-1.589580835289488,-0.8304013353909762,-1.733756533915067,-2.156819829520957,-0.7459375882487295,-1.6283969129006624,-2.1226863074910263,-0.7410540375802501,-1.5538573293565876,-1.9415549718651992,-1.088076146367011,-1.7828476788480836,-2.3416191033620604,-0.845743216531874,-1.681474767654346,-2.383251338917137,-0.8654152106974615,-1.5933547176051202,-1.8703442307793308,-0.9338237590280641,-1.542928277152116,-1.4795155577781007,-1.0633470426460516,-1.767165691085971,-2.622157645711619,-0.8889939839005186,-1.691791567265384,-2.271203779227543,-0.8967411231971307,-1.62999684309218,-1.8143073607342772,-0.9450660307086506,-1.5945021798006318,-1.5234429660834639,1
-1.2473458501953902,-1.77280175365836,-0.10286936918571848,-1.0704606844298301,-1.743603372465179,1.6384651547896234,-0.9483684281534904,-1.7216626291525086,0.7259258657840989,-0.8009190598566929,-1.6996555130769184,-0.161940533425633,-0.6392372158094821,-1.6836633665740748,-0.8009676222938811,-1.110565568630985,-1.8165408149586602,0.3125145845021753,-1.140510982206157,-1.8372162019767817,-0.2270654440780017,-1.1449188164603583,-1.8580810272494095,-0.5469126306649088,-1.144728580626333,-1.8711337974625488,-0.801125938101339,-1.1473454844533977,-1.8171116202034099,-1.0297314701688915,-0.8715954210539306,-1.7483982428543534,-1.6348217821631688,-0.7968673069317717,-1.6374862724866115,-1.5568677268391675,-0.8084198753747778,-1.560801312303377,-1.3384159231719555,-1.1486177543948286,-1.80163150329106,-2.03073336710888,-0.8996764409946115,-1.7105024819199566,-2.0588165998512364,-0.9011554191218347,-1.619462921559288,-1.4646708201958218,-0.9682863866115211,-1.5646645750858925,-1.0252773087204015,-1.1259010100626297,-1.784614617946184,-2.4994405608188686,-0.9359740128490689,-1.7164696421534864,-2.15997811920732,-0.9335850504330917,-1.6529623100332413,-1.6709200287378054,-0.9850318555797861,-1.6143146793697674,-1.3436220922109527,1
-2.115021261796935,0.5996383285035753,-2.3137859485509176,-2.1926824382812105,0.6531271586693861,1.7612473958009986,-2.2950113974409923,0.6465340760261915,1.7346218014150314,-2.3871440755426137,0.6111516251971251,1.5697511036750131,-2.4584492533840185,0.5795425266605945,1.3516444308003133,-2.307565928631417,0.6056988540114667,1.3992921240833276,-2.4276502834602613,0.58586636640345,1.3804151434005234,-2.5101280994991817,0.6089417209812369,1.3898653531105558,-2.5652136884206413,0.6334919544589301,1.3348462392998113,-2.3261750591162036,0.5914067256178405,0.9425881600922872,-2.4560458586890426,0.5715300074778287,0.9596934077496571,-2.527367951980209,0.5599740373256625,1.1203721482924833,-2.5660222419328607,0.5469363185847906,1.186721930942297,-2.34791315157572,0.5775017952951682,0.39740199702005324,-2.4530735434941695,0.566481250750444,0.5040929972143413,-2.4956843961423343,0.546730363221685,0.7323650064255982,-2.517488330265699,0.5261090641591714,0.8770577073568508,-2.3712218107984033,0.5615187168779122,0.02399977652106924,-2.4588331232322282,0.5432107082719952,0.24645353208391912,-2.478968893431726,0.5342416997630758,0.44353195293432984,-2.4784459048941088,0.5196599183653283,0.5799033775845405,1
-2.0918470586713185,0.5635335145737929,-0.876709997349319,-2.0833157731240677,0.5747358794510481,0.3409376512216312,-2.1352622471759983,0.5751041230993281,0.3800262992873676,-2.225559077554671,0.5695162042805731,0.41077458889384916,-2.2749174875397533,0.5649378927091626,0.40179459939288553,-2.166792064083943,0.5603284072645106,0.015218484155407382,-2.3584430330803077,0.5590100838443539,0.03980881458115479,-2.4892269951266943,0.5986434940419245,0.08740476824864783,-2.5616128902006374,0.6345566054262839,0.1196669339550768,-2.2038356739359553,0.5460281168467791,0.0009085753596988926,-2.3379193700358036,0.539241342067424,0.12934021420671926,-2.3913583408595795,0.5622331949286524,0.29077926822921635,-2.40286015577441,0.5836123513888916,0.3827739580925461,-2.2342651022700744,0.5383186480822248,0.010395402690467131,-2.2972631455704353,0.5193650357265609,0.09276452128757895,-2.3295067885018312,0.5105766704921112,0.2932850036515392,-2.348555350557528,0.5020343627477393,0.4430573622331639,-2.2619346086920613,0.5366492621416106,0.018380758620057547,-2.281833586989636,0.514216700689648,0.14695398470745966,-2.287112076149078,0.502447680747304,0.27565379289122943,-2.294830107170952,0.4923117942257601,0.37455535433289033,1
-1.2488907192824612,-2.056890829685272,0.7128253775142391,-1.1120238384701355,-2.021159990953569,1.7380758393388418,-0.978727653633879,-1.9926063706515071,1.3754676039995288,-0.8711157744269071,-1.970148574626524,0.8405427066550633,-0.7550800440645632,-1.955695022260096,0.46008104689721946,-1.0786316024127147,-2.0352139249939856,1.504106565160409,-0.93138457785367,-1.959667966732897,0.514312880042967,-0.7947291602507128,-1.8635725286655402,-0.08669277344543798,-0.7160846424593077,-1.7726863943216598,-0.33779045957163617,-1.1017314290567617,-2.0364889781599964,0.4702429555876695,-0.9068288493956067,-1.9337695786977454,-0.39245090745137273,-0.833121256844139,-1.8360837940246566,-0.6429884829442419,-0.8365635758798978,-1.764642648186558,-0.6696270022274449,-1.1107362402830543,-2.046268763395384,-0.649861295934137,-0.9161327043021518,-1.9311388130393217,-1.1450910807132935,-0.9378226800525503,-1.8380705184940653,-0.8908663803136923,-1.010714658346699,-1.7810733703590436,-0.5744854050230168,-1.1149650492420518,-2.0562555068269344,-1.3181837351824464,-0.9577902761132541,-1.9657376207584536,-1.340561584491289,-0.9795640566600362,-1.8944596389576043,-1.037674343433541,-1.0473375582706914,-1.8489230101749077,-0.7649395850281051,1
-1.0509094449487322,-1.8697995648236505,-0.990151589559196,-1.1382857238880266,-1.8941270036297166,1.5045326034108253,-1.1973013490987634,-1.8837532606164873,1.0637003356891235,-1.2719769311267366,-1.887648383342805,0.6177814606187236,-1.3428097389435436,-1.8899940890859728,0.17941262814891296,-0.9815089678686899,-1.814541664876912,0.11100808918191135,-0.973671693553419,-1.8452832370955323,-0.19917505803441762,-0.9826972016250421,-1.8493030608038137,-0.3688507798807637,-0.9883251367625228,-1.848494328677788,-0.49443438461267775,-0.9656772121449467,-1.8164754765954292,-0.8511472236594813,-0.9613303340668963,-1.8582787304553277,-0.8114196565714831,-0.9838322101612157,-1.8829889022884014,-0.8919377180280053,-1.0120556985263,-1.8943391267859442,-0.9821949620528627,-0.9820678370802445,-1.8258581279691761,-1.5353442922973126,-0.9977822477984176,-1.8605882442477246,-1.2913874591513477,-1.0231097321180562,-1.8829244586687826,-1.3979482197708963,-1.0494083448389997,-1.890954993693625,-1.5233902253436622,-1.0225699638651193,-1.842870212628089,-1.7849477314995594,-1.087051448246829,-1.8372380148506156,-1.6076399948759177,-1.1348805579787495,-1.8400367020627129,-1.6618735621715064,-1.174452752244568,-1.8330871705769458,-1.7459296311564378,1
-1.126100463710017,-1.761190995201056,-0.6203992494303988,-1.1357817086834618,-1.7850631466230455,1.2101110473630028,-1.1702099620554975,-1.812392037087435,0.5425987427152782,-1.243060205864641,-1.8411315270347273,-0.0666922161049682,-1.3311540074933779,-1.863872492236014,-0.5392714270214262,-1.0489338872267366,-1.7516042998656576,-0.7952378988762092,-0.9988701437250846,-1.7792383695771705,-1.2397685286714983,-0.9733314153003675,-1.7927530928338573,-1.3796397585582372,-0.9539122735092204,-1.8027412257964825,-1.4907911568742427,-1.0507777861302954,-1.739158929891633,-1.9122848548414215,-0.7936838121769549,-1.6620554867642292,-2.3625555777998417,-0.7184615961031267,-1.569817247427835,-2.1713625295304704,-0.6998700415643156,-1.5037601632208233,-1.924665307265568,-1.0452759115443162,-1.7197674697300587,-2.5121134947163544,-0.8319317696769943,-1.6218137565018216,-2.5282736463714928,-0.8602286075864369,-1.546450729299958,-1.9646311717089546,-0.9169951405431734,-1.5009107994346507,-1.5500773324375074,-1.0400975195401017,-1.702685923844179,-2.630662140548492,-0.8823183424905178,-1.633679405819313,-2.481487836563412,-0.8890821380327469,-1.5868428032016624,-2.1189487747361597,-0.925933091936972,-1.5608013749148704,-1.8621328845153444,1
-1.4390274657669635,-1.9718149763171784,0.034380813027843946,-1.3219955823575564,-1.9457958761533696,1.6216896302397323,-1.2289679072872401,-1.934664487012983,1.2045697997509281,-1.1617182111480349,-1.9302352693019327,0.6581088564400575,-1.0973659050491504,-1.9287732112510785,0.26811153046857766,-1.2814654232449285,-1.9598575932137086,1.0020787820396821,-1.1633895766017919,-1.9059946812286113,-0.023307746638375995,-1.0749386839552804,-1.7975464032274742,-0.6316200464282888,-1.0501794622628609,-1.696707177667045,-0.8548475160241353,-1.3182882076040494,-1.9641089386802901,-0.046095278239446334,-1.1739524387331781,-1.8961809903072602,-0.7630656413104159,-1.1023669686828412,-1.790814391227822,-1.0342315300276137,-1.1070760252477438,-1.69918603666522,-1.0837995339480522,-1.3439509358109427,-1.9697239788524132,-1.0611193919890982,-1.193794861276929,-1.8927405475918402,-1.3523746752367063,-1.1626291334898469,-1.7963770164920683,-1.1853566827017337,-1.1954902046754114,-1.7189050912433628,-0.9664230679899941,-1.3647593042251884,-1.9725633855622269,-1.6248218439901834,-1.2386841003722893,-1.9012075135245918,-1.5736149056574735,-1.2238896739585394,-1.829537854741979,-1.3519649140423309,-1.2604456516038773,-1.7680118371410656,-1.1504475892390584,1
-1.3176568406496567,-2.040209300269657,1.1949377416644764,-1.1555030148915795,-2.034066053677034,2.076444653740831,-1.0288744696506484,-2.0064927102931014,1.6247495579685944,-0.9174641148258881,-1.9817544746134335,0.9576522792923042,-0.8091721572813957,-1.981753430421926,0.4535461554902971,-1.2075498783688887,-2.039113859268133,2.415877831707913,-1.2806500806463612,-2.0294710827703257,1.7893213272481523,-1.3086633656389408,-2.035405714697914,1.28760541216152,-1.3188175334371288,-2.0429839571789565,0.90721835356945,-1.2113265554443453,-2.04785695060328,1.2918986352919821,-1.0572061897824832,-1.9891323417058635,0.4142021264233616,-0.9402217989410164,-1.919892350617151,-0.013993944862181081,-0.8772322957663315,-1.8550910331049073,-0.13085901357794683,-1.2147981810400685,-2.0549000764950813,-0.00675685046646027,-1.021814760231558,-1.94782562897733,-0.4550256262470444,-1.0549394240948131,-1.8555381679529697,-0.38196482820216565,-1.1268412279096491,-1.7925293514209724,-0.19038191628198217,-1.2048229042179068,-2.059289398543615,-0.8656510203515834,-1.0618588350029456,-1.982366362809136,-0.818044677351345,-1.0777263531158627,-1.9132495664548361,-0.5751074303778891,-1.1280389239405586,-1.8620539629819663,-0.362560599309572,1
-1.1671701783072412,-1.8288338172047423,-0.8001609097247028,-1.0072723114922824,-1.7945437555661563,0.8478380889445946,-0.9018698103919319,-1.7699634890098679,-0.006083770122574696,-0.7839296393864411,-1.7487774323061247,-0.851852684969984,-0.6350614646190849,-1.7400891501399856,-1.437445270037638,-1.0839872551625345,-1.8589601484058247,-0.15301534227437832,-1.1315923068713072,-1.8800464435852673,-0.8078216597089807,-1.1533256219443087,-1.891232833830974,-1.189115193384849,-1.1730805335183467,-1.897633869755097,-1.4391941054466688,-1.1319049617247572,-1.8604317552483667,-1.3557784466771325,-0.8927638921140497,-1.7932516372481635,-2.0657451765908488,-0.7992461180460065,-1.6820328818729366,-2.0977018243679213,-0.778067204147173,-1.5997819523526786,-1.9121817346871273,-1.1432969010867693,-1.8453072067671885,-2.2144586338578787,-0.9085560362289122,-1.7509946555740679,-2.340083516744714,-0.906838228754238,-1.656205576296479,-1.7902147322728426,-0.9598187524197695,-1.5962916860334735,-1.3545419619349863,-1.1284706723624136,-1.8277980851325955,-2.6043943655290063,-0.9630203781709918,-1.747637756444566,-2.347507600153988,-0.9672102045087078,-1.680652443695113,-1.8739538247166005,-1.0199568205310041,-1.6409587486133865,-1.541919556026598,1
-1.2939797382970557,-1.751404042703718,-0.37307217886972294,-1.1398738875705205,-1.7292662775477587,1.0739798725064065,-1.0067677202234284,-1.7157209877181556,0.34198661789845514,-0.8814333035698396,-1.698616211939264,-0.36236955188320447,-0.7361499360252827,-1.6957056266670245,-0.8646042234300423,-1.1809724515979125,-1.80735385075124,0.005434303655051431,-1.1887191195025335,-1.8289878086980496,-0.5028936481154568,-1.1877096330964223,-1.8449611513915174,-0.7585417149600918,-1.1754956898455124,-1.8580219361442025,-0.9737028503148889,-1.2144463421172962,-1.806708736837295,-1.1442467637441756,-0.9657911608840425,-1.7493902444722709,-1.8075301305405294,-0.8865817796436432,-1.6409586904572422,-1.7617174232113977,-0.8827279061591886,-1.565129264414752,-1.565357456101021,-1.2210078564935458,-1.7937726987033036,-1.9682734607417844,-0.9921624841526084,-1.705951251444909,-2.074935423945775,-1.0038603871985918,-1.6138699956789195,-1.5179751810852407,-1.0653382540489236,-1.5589114876568584,-1.100136330120278,-1.2090077504962604,-1.7767862742451974,-2.344993046586128,-1.0456152879622747,-1.7133513242906282,-2.105718748550174,-1.0581360209171853,-1.6478387114845803,-1.6887099537389252,-1.1140024567485918,-1.609111779488229,-1.4027985005237604,1
-2.144969241362741,0.5334094184721678,-2.032987323363814,-2.1936453830500087,0.5845942848597295,-0.15121400635787616,-2.281213857373141,0.594414682857256,0.038672944143318295,-2.35254221297427,0.591190316665865,0.22308851900388,-2.388052391334585,0.5727120801179406,0.37560537688994633,-2.3651724468472874,0.580620470521677,-0.034922419644506084,-2.4862482478289025,0.5823499057299795,0.5370089097779203,-2.5160514304807005,0.5773407517202371,0.9804085599876748,-2.5247946200738336,0.567375565813411,1.1681072076248438,-2.3653915409210686,0.5555657573696158,0.42078535883436624,-2.457618972278358,0.5517312147936957,0.7303775984862817,-2.484812806461192,0.544666427794562,1.0249782688304325,-2.482002158341811,0.5355864973467315,1.1459591339413695,-2.3483519125295746,0.5355227968648294,0.8205582201308046,-2.408764384222391,0.5292146502592641,0.9051772139568378,-2.4270811767844953,0.5244122821806132,1.025625971999207,-2.420825826897808,0.5179568387591523,1.0733874134181922,-2.3311774666591614,0.5200095164172663,1.0181302972282975,-2.3625233723366152,0.5127460447410416,1.0564638294655633,-2.364187788107636,0.5160198395333242,1.069427250031608,-2.3501763476790645,0.5168300124807523,1.0588652757206312,1
-0.9521723965645384,-1.922286089833585,-0.08482923705523117,-0.7082284007445772,-1.907035875863206,1.4068478548016472,-0.5456167141069665,-1.899391749709703,0.9409262719206972,-0.42387302179500197,-1.8909666975929573,0.406108306426809,-0.3324803166849826,-1.8978529678053533,0.018623532924609564,-0.8018986406077527,-1.9449592595559024,0.6560405496157434,-0.7912639295012618,-1.9494642453148587,-0.13532150796460374,-0.7729418432313763,-1.963506421364732,-0.6397577804254313,-0.77833165428779,-1.9786922106675178,-0.9139640643172302,-0.8631383356987918,-1.9509890067713809,-0.4369792873613452,-0.6082883968091567,-1.8859776700631052,-1.0069354070246188,-0.5515742446917904,-1.7763524059440878,-1.0692452354354829,-0.5881278014612499,-1.7020817551979524,-0.9773254817098994,-0.888953099020895,-1.9439033066786873,-1.3798973127062486,-0.6422905119108315,-1.866314234797905,-1.6122483682362887,-0.623672819626311,-1.7647613791027008,-1.1590445095945072,-0.6774640652324854,-1.7088495170937297,-0.7631719219447791,-0.8849120155781197,-1.9285916655740185,-1.8651853117981534,-0.6929333239136896,-1.8714047393226196,-1.7121067509547787,-0.6706157263247088,-1.7961542009991616,-1.2678713591555804,-0.7138306427850534,-1.7462794390902487,-0.9475312808921531,1
-0.848920145453303,-1.9345848655743434,-0.07313220561509338,-0.6260834262243445,-1.9176363224487962,1.198695796791931,-0.4914428200161878,-1.8920102423976257,0.4550691457216113,-0.372226139662013,-1.8754098411014688,-0.31349626693287447,-0.29085555675733954,-1.894106102859797,-0.8116451493411105,-0.7703025061275101,-1.9516075641023476,0.6175119614659115,-0.7623419602951926,-1.952387396772571,0.03978318283975823,-0.7305819182576218,-1.962593588269172,-0.22011902690337998,-0.7077309855779704,-1.968043331944208,-0.4119083812748233,-0.8329094003471804,-1.9570452963473388,-0.5062865008674758,-0.5683117994571105,-1.904920926960358,-1.318338370293977,-0.4808506944614649,-1.7943520172024812,-1.2710515153177517,-0.49140325407803,-1.7197181903341456,-1.0206569023892715,-0.849650092937843,-1.962072857313936,-1.4774534107122719,-0.5998879833496593,-1.8926800857833304,-1.8038099956323437,-0.5586608727354879,-1.7965318134637935,-1.3388831091281777,-0.5924806451586049,-1.7380103558679902,-0.924630527407229,-0.8303197021787168,-1.9675668174748966,-1.9908882025390144,-0.6366667518327759,-1.8990679740903056,-1.8888561164107553,-0.6219280796980058,-1.8237100329102232,-1.5503710762733869,-0.6623616303457243,-1.7774365660164224,-1.2923643090036439,1
-0.8523062557936965,-1.9467849466673075,-0.3365846140887631,-0.6482208402431351,-1.9222040899518227,1.0098351709194737,-0.5109620373475883,-1.8914105859049328,0.33536976632315085,-0.3881773639584343,-1.8773968547902953,-0.3787655532933699,-0.2910940786009885,-1.8871246102881083,-0.8745518510288363,-0.7664391652283443,-1.9478665180633588,0.478193968735765,-0.7572074950730233,-1.9502128025284349,-0.0491714705574451,-0.7255645512898613,-1.9607195792688086,-0.29841591974654624,-0.6950881107206697,-1.9650822566346944,-0.47362397691647035,-0.8270855523235212,-1.955077915212702,-0.5454094003180329,-0.5713968824665094,-1.8953170816168265,-1.338286448793694,-0.47198298844576664,-1.7856990496434935,-1.317791997714676,-0.46567754194714756,-1.7046121475742924,-1.0754066229022632,-0.8426821325676691,-1.960574224230638,-1.406866509577074,-0.5994556293849602,-1.8836759074326004,-1.7794819621958051,-0.554204795892052,-1.781062613144758,-1.357593554601688,-0.5750295957999022,-1.7104401584933946,-0.9315011623954275,-0.827375564583411,-1.9679439575224553,-1.8554531351226353,-0.6425026526403815,-1.9033110061512843,-1.8164640506274434,-0.6076994896515225,-1.8255160868294027,-1.5025817367910483,-0.6215098106219697,-1.7685365225373546,-1.2250275178826129,1
-0.8798307511496475,-1.9541269393222531,-0.20308042317709563,-0.6700555119615367,-1.9252616631843387,0.8405385965835416,-0.5342078928966858,-1.892030651127107,0.2102559628079066,-0.4237275288377084,-1.8720206464581362,-0.45076144408732155,-0.329958029134722,-1.875813175523412,-0.9105800288409125,-0.7962038260736946,-1.9466193205579747,0.25910879923837693,-0.7966921395422871,-1.948194079768052,-0.25674166067584564,-0.7662211807540993,-1.9583521110430817,-0.5427704260540555,-0.7319740853868107,-1.9638979686538753,-0.7370591324970454,-0.8500723309509044,-1.9540062778941623,-0.7055831410692761,-0.5962052299539239,-1.894301585881478,-1.509624015484433,-0.4928171276527434,-1.7845987104535612,-1.5411257024480332,-0.48680687070494544,-1.6975312884482179,-1.3218188626325713,-0.8587686054432901,-1.9576670794140647,-1.4752840193264,-0.6175876832533507,-1.8831536203207913,-1.9025579073358247,-0.5656815725317216,-1.779566874758653,-1.532928651805767,-0.5828021668593022,-1.7031390943914142,-1.1171766329155215,-0.8384736848975178,-1.9623364540939254,-1.8502623795941349,-0.6537144739915047,-1.898141651836963,-1.8785282808519945,-0.6128197415372142,-1.8179950563365446,-1.5992792067568498,-0.6207320899857668,-1.7533493346369875,-1.330290477806309,1
-0.8931025456758619,-1.954460011530036,-0.2342977889149791,-0.6962877959100562,-1.9244943364172138,0.9079965861005385,-0.568130956672633,-1.8939997933936519,0.31066764622667986,-0.460753407998103,-1.8765171040278785,-0.3224257431337086,-0.3697793048961325,-1.8838262663021301,-0.7663725998507348,-0.8213337192165119,-1.9495830028325167,0.3794394225661353,-0.839708033709977,-1.9470791622190626,-0.14098535996509334,-0.8172436394359985,-1.9562332457138947,-0.42657102396379515,-0.788842106974189,-1.9611426453170244,-0.6211533275224926,-0.8760332077128417,-1.9583743454633886,-0.5700942199809745,-0.6375638653664324,-1.8997560951555066,-1.3679232075499441,-0.53809946189745,-1.7892215052757519,-1.3858465255441923,-0.5308389201915306,-1.7012611037690533,-1.1607224684476625,-0.8875273207525539,-1.9632643534933698,-1.3569206219329746,-0.6558489143910238,-1.8875623152983303,-1.793877852741567,-0.6030375645570772,-1.785562980986946,-1.4450618007790061,-0.612688962154774,-1.7091771570980312,-1.0401322285913057,-0.8688438953448993,-1.967822114481625,-1.751156068338251,-0.6913530308929952,-1.905630376114497,-1.7964355099309677,-0.6459734342066755,-1.8268340717626501,-1.5360607018022001,-0.6454228243331707,-1.762242929762803,-1.2778527877490329,1
-0.7811084824797813,-1.8945578729927466,-0.4181026654868706,-0.5901566610566464,-1.8630784472940636,0.5746334807872685,-0.4851903163398452,-1.8567053913582505,0.24787542670062318,-0.4184752330794106,-1.8540580260334034,-0.1816417808513689,-0.3604434951786509,-1.8568191043928635,-0.4943701550931665,-0.7321496871673765,-1.9051201180341055,0.4138378194805755,-0.7365482520277927,-1.9030194063467323,0.036818749890656935,-0.7152792868582791,-1.9082725863764578,-0.20860816385773903,-0.6873177961502467,-1.9098385034634113,-0.4098599367705158,-0.7896017381499647,-1.9057481310928244,-0.29550832076685246,-0.5937190001314265,-1.8488046026325065,-0.9599412942304422,-0.46402820547837076,-1.7622909666363196,-1.0836260731648786,-0.40876659667124565,-1.6838250165979374,-1.006040655431534,-0.8113305971989528,-1.9031270870079244,-0.9183835986837917,-0.6159789243149352,-1.8364940849143772,-1.3215847146838495,-0.5286946229909051,-1.751816229405961,-1.1253916985741168,-0.50735012177629,-1.6776085219229526,-0.8745921055925072,-0.8105215364792259,-1.9013770906636134,-1.2587504045776337,-0.6588161451335816,-1.8482195133803365,-1.3459868454684512,-0.5959129544976527,-1.7853884719941255,-1.1921173949249597,-0.5773263469160416,-1.7246462667200944,-1.0336208554888873,1
-1.8661367066201566,0.4324147408134881,-1.6233686920200303,-1.8115123903119628,0.4737528343343875,-0.22003348253466354,-1.8028593394844352,0.48859091857248294,-0.06921068283602728,-1.8249608474133794,0.4854815219750781,0.11821201114580017,-1.855790897231949,0.4722259720058233,0.25370910499503607,-1.9765196430332388,0.4839131393615226,-0.17141764259967854,-2.0181156267675138,0.49076381218665116,0.41436590940394646,-2.0209064925241123,0.5166241170214964,0.7726016231721079,-2.0010550525018234,0.5425055182162067,0.9197171699699361,-2.0166353410708893,0.46937876182643384,0.3468924468402687,-2.0576309015549463,0.47925611145472713,0.6991600530375507,-2.0428847084277986,0.5075903556502704,0.9084036898383581,-1.99861350114602,0.5290130491189096,0.9699945741858353,-2.022139377953131,0.4588580826736827,0.8341133530233485,-2.0634195601807486,0.46463552123196844,0.997008976623395,-2.048275517696489,0.49057826760086204,1.0712216884236239,-2.0003783686156154,0.5114391743304219,1.0776713828271691,-2.0156580833732014,0.4491220953305725,1.0862010961314952,-2.032185621408592,0.4499675702507958,1.1780036284228994,-2.018612748356984,0.4750329054088389,1.1686192795049384,-1.978098111821657,0.4991015154036253,1.1333562367216923,1
-1.7692070617222717,0.41128732871406737,-0.7250303201596056,-1.7605637764524331,0.41648807890424405,-3.3966130669985573,-1.7500786180606915,0.40390069379369353,-3.160833455706692,-1.7321550468974503,0.39998364598447667,-2.750526277717938,-1.718440090242768,0.41077464300577127,-2.3320334270611127,-1.9265520235656615,0.42686065029992454,-1.806421585773248,-1.9468929470601617,0.4456159486605369,-1.159616242467555,-1.9310949480965254,0.47909511077688655,-0.9449046881866384,-1.887626658753805,0.5097479563094621,-0.8399241476884576,-1.902613745457516,0.41697015753548605,-0.1822797604986607,-1.8686055007284061,0.4169802043924926,0.1757161226902813,-1.7824459054039052,0.4349655222853137,0.1770476160878532,-1.6772531221272275,0.44228272997326296,0.09365904455424287,-1.8519628636602905,0.4132073705082631,1.267586125595108,-1.8193461113123564,0.3992760489484577,1.1355842440600619,-1.746096861913303,0.4134177947291503,0.8907951644580581,-1.6531616954590767,0.42703278480405815,0.6965260780543828,-1.80527160223843,0.41762552593111996,2.026677315049765,-1.7733720353419302,0.39613327714617547,1.7168940016342484,-1.7154581274307998,0.4053157275148757,1.4201603425184335,-1.6390165487421746,0.41683921496479137,1.1940878115433466,1
-0.9466747317745708,-1.6291480483153666,-0.6592876345168648,-0.7450378279080819,-1.6346803214902959,0.9818150756342522,-0.5783572584484659,-1.6382378956657304,0.6563228539576409,-0.451989535791984,-1.6466753377789205,0.23477931622115308,-0.37169719320456773,-1.6746228989620648,-0.13907591218875195,-0.7274546240365337,-1.6807583173506608,0.5383716356515704,-0.7266687155416744,-1.7316328491924253,0.028108611195469986,-0.7175013156355691,-1.7403789767264424,-0.37742292390955845,-0.7139018481111393,-1.7385852258369563,-0.6010617924766622,-0.795673051493775,-1.684291372733715,-0.30550333573259025,-0.6519866958737955,-1.6581088499419252,-0.9862888532146105,-0.5825750269366801,-1.5600904887781157,-1.374093644317086,-0.5848416630322485,-1.4737146305741406,-1.4655501401878541,-0.86198722487387,-1.6874141836541499,-1.038062207878102,-0.7255333132828242,-1.6556185968504447,-1.3035504172314911,-0.6532513524473789,-1.5650994644769514,-1.3087878522959078,-0.6427780244993437,-1.4884107874130181,-1.2128500111526221,-0.9214823754048287,-1.6959776760503102,-1.4052155915948363,-0.850516081568682,-1.7175297949051704,-1.3452423320856726,-0.7951942604337688,-1.7173498010903177,-1.2813556501974406,-0.7768251717165818,-1.7168908717428886,-1.2354964140929248,1
-1.0021503895027173,-1.824806008605558,1.108905579653044,-0.7760076924773822,-1.8619495200603293,2.0430620790644407,-0.6270704484842158,-1.8567595645298873,1.602768853614333,-0.4983851614020844,-1.8514037637805385,0.9568050432809188,-0.3930497549907707,-1.8704517670413046,0.44641814584658646,-0.8686257290528677,-1.8863751316255502,2.5657097508224105,-0.869980743554162,-1.8761215996243648,1.9146766388291514,-0.8569750732923834,-1.8834596726755253,1.2902505133176425,-0.8502040850644814,-1.8886109883425202,0.8322277463401933,-0.9046612107030766,-1.8923655899112157,1.4847290592243563,-0.6989305813920698,-1.8463313468980387,0.5735321402497346,-0.5935387888307215,-1.7628055348632325,0.07538573244148203,-0.5778944576286551,-1.6940668675599604,-0.07597978560901314,-0.9199418577927742,-1.9006660916258529,0.17735128499051692,-0.7090783068182037,-1.84822521947105,-0.24202426104444996,-0.6581836274847201,-1.7645993734484686,-0.17141764727316103,-0.6802833920781983,-1.700867072209154,0.00874933415508969,-0.9174491293971705,-1.912566582154476,-0.7122753506092885,-0.7664870924145328,-1.8754843502223069,-0.6327445984247693,-0.716154948744342,-1.8148824079679144,-0.37921895026497177,-0.7210053894993188,-1.7596981990108476,-0.16394983003330266,1
-0.9184271972361261,-1.9165146757900302,0.18054978119981688,-0.7091182388541699,-1.9079702858441066,1.3760041707891089,-0.5839625091010305,-1.8899615661117797,0.7680101972375121,-0.4719106393517012,-1.8768036831861887,0.0902106444826693,-0.3698980261757768,-1.8771141501420467,-0.39426016279272813,-0.8254878968875228,-1.941402786178736,0.8216280984653096,-0.8609062135302996,-1.939132459885769,0.31803618012786333,-0.8567500116641797,-1.9478647428625995,-0.03021117957271446,-0.8637487843857273,-1.9552517661549815,-0.30196233225560365,-0.8889555758735767,-1.9476075020583925,-0.22265261153432256,-0.6541096573967309,-1.8913424518035404,-0.9637134431488713,-0.5467423147733443,-1.7890647858514355,-1.0675198881593324,-0.5379014111104795,-1.709205978635694,-0.9377161881041132,-0.9063285783222246,-1.9503608426710375,-1.1332520210330912,-0.6730605402938685,-1.8801920208409717,-1.3952429028196973,-0.6153235668857363,-1.7853497557464812,-1.0253194347410237,-0.6318611202221586,-1.7153095841413903,-0.6674953615373305,-0.8902708211666024,-1.95481544154534,-1.638623211823216,-0.7144915398304102,-1.8928069933191627,-1.5378450416913518,-0.6710592127085095,-1.823791620561603,-1.2350398272412804,-0.6758862174873207,-1.7695626002987963,-0.9797778604227156,1
-0.8983730695930073,-1.938623877349764,-0.12176759655034139,-0.7067824138164897,-1.920214956854879,1.1522704998925521,-0.579837257740641,-1.8944270261350673,0.4783259654401057,-0.466721736953367,-1.8774860806970048,-0.22843352863881486,-0.3592886609130202,-1.8805511398717063,-0.7311591811236536,-0.8244114461527074,-1.9457501486301347,0.49838274515060166,-0.8583052366796934,-1.94129645486901,-0.01374100429972749,-0.8540664246285895,-1.9489426666517293,-0.2938620350841397,-0.8457724167377556,-1.9529024979489817,-0.49454351960122467,-0.8840940929838382,-1.9537924975331054,-0.5348509562478974,-0.650908130712101,-1.9009769144809583,-1.265817760890856,-0.5325263851490925,-1.8016912820461597,-1.3005777462462123,-0.5044355297269065,-1.7208102926637328,-1.1058444231952407,-0.900841728418836,-1.9584664711107882,-1.3874258609793544,-0.6663339169826182,-1.8864885393076232,-1.7224462452425697,-0.6008028566928676,-1.790219410482,-1.372132589693346,-0.6029838213808176,-1.7186498557899925,-0.9897944633031093,-0.8851937205587387,-1.9653089942559294,-1.8207274640448359,-0.7075384876425838,-1.9001314894173251,-1.7596043034957523,-0.6604743693237298,-1.828198810658457,-1.4758278569988175,-0.66118788728372,-1.7719033525294952,-1.2205248059153238,1
-0.9028793267034811,-1.9443890674065212,-0.19170814479809212,-0.7168733753224013,-1.9187926837215874,0.9278438434699547,-0.5979396224163325,-1.895610732444967,0.3305247487501369,-0.49124561414060713,-1.8811144619220312,-0.3035184336379953,-0.37731486830046274,-1.8794242969197315,-0.7578173630230837,-0.8299404482589161,-1.9447382095434464,0.40825128055718723,-0.864129638079707,-1.9417967399832639,-0.04511555262030841,-0.8586918828950465,-1.9492310315088726,-0.3092618640210588,-0.8459137838158864,-1.9525085249719658,-0.5045210777562996,-0.8876538180037254,-1.9531437705641415,-0.5219907287370925,-0.6610958283211044,-1.8962637195931082,-1.2356890849827937,-0.5449048882575223,-1.798952056511071,-1.2961735327099884,-0.5130909657232451,-1.7177558946665195,-1.1220634875436155,-0.9031839949318154,-1.9574690074515728,-1.2845162707704751,-0.6730366602783764,-1.8825263612180372,-1.632663939821555,-0.6100796065692842,-1.7876642487036227,-1.3243732546523448,-0.608798999042363,-1.7151987813364122,-0.9665597915852726,-0.88796174540177,-1.9649345777586946,-1.6750755055554936,-0.7186341284115404,-1.9028816725324846,-1.6490799105039908,-0.6682045262361631,-1.832197532708468,-1.3977287986739606,-0.6592452708950238,-1.7737674530156846,-1.159383737574627,1
-0.8968527037165319,-1.9485626951249695,-0.17112580931633892,-0.7099156844987546,-1.9234313500363944,1.005944971198929,-0.5981305423250222,-1.8953946400151678,0.36104962368870663,-0.4942812207709965,-1.8791299498941403,-0.31196632487861936,-0.3948618734318865,-1.8797440659803246,-0.7833118888388972,-0.8516711866308012,-1.9438648024175924,0.3525424075564715,-0.8770335323784856,-1.9458067521228892,-0.1415928169793359,-0.8603988168142559,-1.9546453052872355,-0.39344755988799535,-0.8386428579275991,-1.9579573394466292,-0.5715616916059564,-0.8994065739547895,-1.9494880306471105,-0.6322074720400804,-0.6567590882003432,-1.8986641185697972,-1.360750714398357,-0.5532398949892217,-1.7931380227860148,-1.3412845132421174,-0.5457518534648143,-1.7106319134875023,-1.1088132781347253,-0.9040038466608639,-1.9536642707037075,-1.4314477678840107,-0.6697718013182016,-1.8881961351505185,-1.8003691570658653,-0.6069823174761516,-1.7903210908457803,-1.417278664725659,-0.6144073126764227,-1.7171200743681467,-1.006526095573852,-0.8796493743404507,-1.9602983783827153,-1.823372706857157,-0.7024972778238787,-1.9033677664229425,-1.8168720351021055,-0.6514861592001093,-1.8300649957362833,-1.5329261127250944,-0.6468868434072803,-1.7703129780589268,-1.2675983833351376,1
-0.8967037397537043,-1.9590163255224549,-0.2556158652950554,-0.7034491089624093,-1.9334161833961527,0.9061978872345008,-0.5925701849843211,-1.90364741999906,0.29576455692073056,-0.49245840186318995,-1.8878396214232296,-0.35210784293997205,-0.39408047155495507,-1.8889598525203575,-0.7991799747854779,-0.8496659202907813,-1.9489340612013883,0.3886165991186749,-0.8618301745059761,-1.9489561042778238,-0.12308235144497175,-0.8434578615070728,-1.957910741194679,-0.3768409027129448,-0.8247406786386632,-1.9613533722942076,-0.5542895171619938,-0.8952086920976972,-1.954975333465554,-0.5489627027467289,-0.6536569207907174,-1.9016598684796886,-1.3505976090723226,-0.5581142864447981,-1.7961268249218885,-1.3591582538689002,-0.558091413538816,-1.715205031427968,-1.127401441889255,-0.8978491137424616,-1.9611894730761557,-1.3265884298578117,-0.6663804201706826,-1.8950145548025419,-1.7859564606398626,-0.6073042292337496,-1.7978622580246986,-1.4364215031300813,-0.6180729432434712,-1.7261222062212993,-1.0258746789071918,-0.872848103489762,-1.9709091871020097,-1.7158519046357512,-0.69439704118017,-1.9104835138442953,-1.7791434959566024,-0.6450626003905964,-1.8365722731712508,-1.528858679209161,-0.6433997395579559,-1.7778887403383814,-1.2720992775753432,1
-0.7572586908334593,-1.8626227745611394,-0.9485464995076845,-0.5793337359444559,-1.844818119526166,0.9134675531539702,-0.4831193039969948,-1.845715140468527,0.662608109957488,-0.4368478758793605,-1.8450905444467658,0.2790076154978581,-0.38615528649651953,-1.8435165004035,-0.02990858577629229,-0.7070286609993106,-1.889530217526452,0.8095539285144897,-0.6725220776181252,-1.8772575909979572,0.39616752557813284,-0.5985154429645875,-1.8599149117181,0.08939370836126775,-0.534424155605574,-1.833257074356858,-0.13138518649530184,-0.7593670573348671,-1.8860615996098113,0.11328577460634985,-0.5947224838500186,-1.8134790726067058,-0.5606395280947256,-0.4503903317800524,-1.7293486904547384,-0.840423017248068,-0.36932992807500287,-1.6496303187784858,-0.8894734189179573,-0.7814703035446225,-1.8794455084544428,-0.5610747689098782,-0.6251865555515222,-1.8103756127752597,-0.9353953792215589,-0.5025806432295122,-1.7418298012398654,-0.9446186104930289,-0.43873194476573124,-1.6697503066838226,-0.8494030326261491,-0.7922092042785832,-1.8759774036825678,-0.9589801718236426,-0.6685523940567802,-1.816811042204296,-1.05846911230487,-0.5842465473809532,-1.7668193344560656,-1.0402579598635806,-0.5367905025320229,-1.7075391803380457,-0.9766638919508553,1
-1.6955648014465645,0.414584263434989,-2.423783734523866,-1.6188987686611647,0.4401841475072675,-0.6558372774888557,-1.549884540472231,0.457018614065326,-0.7404278217555927,-1.5380949816061753,0.455800982745978,-0.7323202297981265,-1.525363133515103,0.4380017121031603,-0.705778023519292,-1.765057812419219,0.436923754019014,-1.0152973647312247,-1.726813016900381,0.4476532513017832,-0.7986853170280324,-1.6585900168050052,0.46507086181505325,-0.6721256732211724,-1.5887647395839823,0.480525964281842,-0.6077915029877934,-1.8166751545836957,0.43317342321233987,-0.6888584294025989,-1.7699367951651959,0.44349056660193165,-0.5078439978685577,-1.6918493907616443,0.4500964707323291,-0.3777329952991384,-1.6198930645828105,0.4550720525516957,-0.3554003416571196,-1.8237340905333013,0.4334017960512079,-0.21466808105510735,-1.783704559768931,0.444380043528272,-0.16655586787935786,-1.7151110767264932,0.4502182453945097,-0.06214238428022035,-1.6435967625259718,0.4534758804863382,-0.028807573089089156,-1.8120807925062439,0.4336273875005277,0.12319903129087012,-1.7691346054692363,0.43918849875625426,0.05474126817383141,-1.710454301005791,0.45334330510047494,0.01988684478313841,-1.6482826309050376,0.46610647620141027,-0.01686931762574391,1
-1.640188712320203,0.4411546409032323,-1.1646800776907642,-1.5520465411282234,0.4511336343970076,-1.4751618318118898,-1.5051328152085366,0.44690398770885154,-1.48887190051559,-1.514063702002914,0.4398676262836542,-1.3401313660747498,-1.55254544977402,0.43007766592671154,-1.1804524567557981,-1.7293088303141775,0.4301550878774059,-1.75156328466897,-1.7371416673657436,0.44183562873937005,-1.6539197983159404,-1.7162723245450124,0.4838232792350468,-1.6564582921067745,-1.670716480540587,0.5232406423785916,-1.6300245656521286,-1.760892039206913,0.4334171574435636,-1.2068628386612932,-1.7096320094905075,0.4252433854179316,-1.0004913805458324,-1.6261522249891223,0.4507659232614941,-0.853857738687906,-1.5316430050609582,0.4743173278766176,-0.7971567196384494,-1.7520586310539163,0.44204536676883716,-0.4976583531754205,-1.6861643322794124,0.4224357517349624,-0.45392153284732684,-1.6180569049581786,0.4318123289966931,-0.27855362851939025,-1.5518001607823875,0.441512440145438,-0.1731531247581573,-1.720894361028755,0.45147036908926214,-0.010495622555258627,-1.6552886997633354,0.42760025713304833,-0.09312667232808776,-1.590170755622958,0.43231223369253335,-0.07377818332270043,-1.528655631182445,0.4374305176879873,-0.047136236935204495,1
-0.8435481082351203,-1.8403478371243882,-0.28280603469352267,-0.645808320489355,-1.8125107374344958,-0.06572922627965114,-0.48714786207029553,-1.8114724437472896,-0.2797727399917678,-0.3704303408748467,-1.814427964319208,-0.5593976111502934,-0.26854027332165753,-1.8286931465253085,-0.7402411604990511,-0.6534180449551386,-1.8464493734734087,0.13773301493703158,-0.6963095816020242,-1.8792170825945143,-0.3441353715356363,-0.6856132535334079,-1.8831885903726868,-0.7555433631718778,-0.6763669931400106,-1.8817948767921817,-1.0294521995943984,-0.7338715631153039,-1.8506309583501794,-0.3908244959261234,-0.6147471992738938,-1.8045581812619045,-1.0525422722860809,-0.5197512526824678,-1.689589914534947,-1.3266408149265811,-0.4895576833496006,-1.5945488005175898,-1.3584802353807768,-0.7998511143387974,-1.8508512716413803,-0.8986066322924604,-0.664066572353789,-1.8044391636746064,-1.3054811085123494,-0.5696636743287493,-1.7173895852432814,-1.3304972853517043,-0.5330058581629187,-1.6483562049552278,-1.2462111170526815,-0.8554257629280235,-1.8504981603630974,-1.1681993967956699,-0.7793289984644226,-1.8016849678194118,-1.3245269786678566,-0.7276835377362051,-1.7421283416673168,-1.296183735091607,-0.7166120683756331,-1.692305801172543,-1.2451086559204818,1
-0.840816583663494,-1.9309939808483692,0.41505142051196336,-0.6364636748172963,-1.9222842436201526,1.2246945692146602,-0.5098017179025229,-1.8995286082485758,0.5994087433463624,-0.38223501588840125,-1.88355677790117,-0.07059972891000107,-0.2835261366658462,-1.894002415367377,-0.5457950948422117,-0.7833875007680849,-1.9524622543853667,0.5963614404503695,-0.8132690578983442,-1.95437132901778,0.14121462035920065,-0.8070555725205214,-1.962899839965736,-0.15674998164539505,-0.8118047785351196,-1.968555165147361,-0.38146765218780015,-0.857681376557745,-1.9589157035370046,-0.3869054661484905,-0.6252181382550804,-1.9049183026174532,-0.9902899067969138,-0.5077491131986025,-1.8009023018998538,-1.019272113290689,-0.4926212706098288,-1.720397968314807,-0.8756999757327935,-0.8848460471082664,-1.9595362268575796,-1.2223999001013024,-0.6576063997417154,-1.9007185475457964,-1.459773116050631,-0.5747929202343447,-1.8060962175329554,-1.078094882201014,-0.579441775657255,-1.7332147151003192,-0.7174491815125843,-0.8766818556088694,-1.9602810336674912,-1.659864270628101,-0.7086058473447324,-1.9199521224792,-1.609213066443244,-0.6336734751131187,-1.855327499427149,-1.311073086856566,-0.6185733464646922,-1.7974664672095029,-1.0496484621199444,1
-0.8323466405343026,-1.9217456699513369,-0.30638527087568834,-0.639351163602356,-1.912357087848533,0.858685374294815,-0.5161667015250708,-1.8936033238106451,0.19195678277936953,-0.39827145748838017,-1.8850057955076407,-0.48869535776053524,-0.2792359813332463,-1.8947951102044664,-0.9585770122827469,-0.7884753708804129,-1.9434862303628855,0.2894727028528821,-0.7995489899789059,-1.9427194991670824,-0.21126355178837133,-0.7856560060199821,-1.9532581083759641,-0.4665733822558551,-0.7726488060741494,-1.9599623847208167,-0.6567586175381133,-0.854596473055959,-1.9492950401868094,-0.657061675712336,-0.6203607735168778,-1.9060370225070475,-1.3687403251619388,-0.4960934212563233,-1.7999458362797858,-1.35777810591982,-0.47370642622959774,-1.7148782244087548,-1.1458719253527732,-0.8729874217897624,-1.952884240471672,-1.4225010384665457,-0.6450329431636616,-1.8997204131368,-1.796777991885602,-0.5635295657544087,-1.8001353959085116,-1.3813865072557059,-0.5605445168975071,-1.7222156230677519,-0.9551826547232185,-0.8613728680744248,-1.958384725917906,-1.8012615138509243,-0.6875898074781233,-1.9148293062075177,-1.8245850398792254,-0.6185537983251597,-1.8437734429854042,-1.5369359274851517,-0.6069757875950316,-1.7818777706198765,-1.2646513428008783,1
-0.8316076548179293,-1.9258181134272714,-0.23838818102661022,-0.6432338896682548,-1.911862118288434,0.8382177305752455,-0.5226579784205511,-1.8918052547176911,0.21124417655301014,-0.4120205419526224,-1.8828693770684823,-0.4428367522308138,-0.2959497789384393,-1.8902711167374766,-0.8932413533686292,-0.7824830693434466,-1.9414019664629911,0.33408066446840023,-0.7988478866426589,-1.9431826245196095,-0.14503105571966327,-0.7832515369851893,-1.9525265608150715,-0.3865222697711536,-0.7651666420231351,-1.9576231849763461,-0.5593632123952771,-0.8475648465294721,-1.9474741457871,-0.5879753615249449,-0.6199219741847336,-1.903435298938967,-1.3453777888467149,-0.49485721150486944,-1.80216278607529,-1.3662036708341707,-0.4651642707831303,-1.717136439108233,-1.152451377200595,-0.8674210805590319,-1.9527140267317527,-1.3442059637438715,-0.6390880761490484,-1.8953579006895909,-1.7700813879736492,-0.5574212456910358,-1.7962706568080644,-1.415290484224485,-0.5472813148507949,-1.7172252303710593,-1.0021642178561616,-0.8571721829618204,-1.9610130953257516,-1.7218750508066645,-0.6834638161230177,-1.9140596799647953,-1.7707406477163101,-0.6178338528969128,-1.8413214426769726,-1.5137510843353301,-0.6032371673752783,-1.7781782582395194,-1.2507119006548784,1
-0.8275976849569778,-1.9293750329681492,-0.2608590688698475,-0.6381065563674156,-1.9184897524348896,1.0403575356106622,-0.5226540317557719,-1.896627717442709,0.40219673866599376,-0.4151694252426189,-1.88602244271571,-0.2753126667164165,-0.30262299413880794,-1.8933353063989693,-0.7513012886077731,-0.7830727231644118,-1.9447972290770563,0.49251815165089957,-0.7943198466746257,-1.945228032478011,0.013354950330275527,-0.7726736404596622,-1.9536994782243664,-0.22203101934803374,-0.748113222655381,-1.9573261061349883,-0.39428716717584983,-0.8453659755752915,-1.9504993498983276,-0.4910547927326781,-0.6133894390453329,-1.9044859108817527,-1.2138922742105358,-0.49156933748207216,-1.803219694043027,-1.2187062841779337,-0.4629648236466968,-1.7198502213389426,-1.0073668354345893,-0.861073074609447,-1.9546281652047224,-1.3187004482242048,-0.6276466160948492,-1.896008572662874,-1.7114750490318906,-0.5480760228717046,-1.7976050218805084,-1.358720020884805,-0.5394830007124188,-1.7198497384867102,-0.9572857401383636,-0.845634723554781,-1.9624522766550914,-1.7410930548517662,-0.6723199643641823,-1.9155502423593864,-1.7623844262731425,-0.6047259093341693,-1.8440395299847905,-1.5001603541764568,-0.5869758124911182,-1.78193580579915,-1.2399146017506157,1
-0.8134025472251475,-1.9127594778125918,-0.22310002560711717,-0.6142675063668727,-1.9011337563641073,0.9139028756557379,-0.494512338548159,-1.8865651633592488,0.3093196058253716,-0.3884725068146584,-1.8776257567659198,-0.32065639574679605,-0.276864793593442,-1.8826462604246523,-0.7554390284998203,-0.7702745751570425,-1.9328695452776208,0.32338470076382125,-0.7695360379497432,-1.9301310687448092,-0.18359828261645825,-0.7347588125861135,-1.9369437396831946,-0.43054475931031083,-0.6918897482824741,-1.9383517942518589,-0.6016097510810887,-0.8308155892967471,-1.9382742043758752,-0.6249845658857223,-0.5949086138945961,-1.8926425012909673,-1.3299539955919735,-0.46916894657594665,-1.7960349464771876,-1.336057691527716,-0.42789095994460097,-1.715663021546443,-1.129279359136056,-0.8422573994951108,-1.9394133969466467,-1.3967068067752397,-0.6108761420571488,-1.875072835292368,-1.7416548370353333,-0.5236694203881799,-1.784802528216535,-1.3960599858324505,-0.5021454228447472,-1.7134507823858496,-1.0168726481606887,-0.8218730781413602,-1.9413800244500854,-1.7826405838749062,-0.651032836472517,-1.8867980711951464,-1.749480227040337,-0.5783487544327549,-1.8213961753296963,-1.490667851915152,-0.55046085963035,-1.7655079020933615,-1.2469310283112989,1
-0.6364240248304486,0.060485649967456916,0.7236470344673611,-0.3467697918269902,0.08316880125674082,-1.9641635700486133,-0.07498187252624644,0.11515528794067677,-2.7777582904359344,0.1041811958770925,0.12883389843922843,-3.2888178262119654,0.19780123025849464,0.14262585965040192,-3.622067223970364,-0.26371805142295324,0.2070820169637375,-3.208450378896925,-0.1604364921404603,0.3000863508086876,-3.7572232707430113,-0.0972517394486407,0.3943081079272094,-3.941228026227775,-0.05777119941410488,0.4747075780428102,-3.95864382605692,-0.4751118929211266,0.20823080030947724,-3.729484782833056,-0.4195956921975618,0.2961719529369999,-3.927312282136584,-0.3717863062723091,0.3993825054527774,-4.121488594274452,-0.3357226966247768,0.4938215777779217,-4.146393271035036,-0.6496183506144724,0.19589763383662148,-3.6294933201393365,-0.6618846930435631,0.2956990534322663,-3.7992362038744676,-0.6580186699404261,0.40737691878844673,-4.008650139884619,-0.656637454643054,0.5096259234448777,-4.044514397416828,-0.7998250437479301,0.17242257008404513,-3.1884306480251032,-0.8355050761463011,0.2463639027100014,-3.524334387791102,-0.8540236754588391,0.3442047223666188,-3.7677799688176776,-0.8659281110197958,0.44713305214939075,-3.8540691191865224,1
-2.110480000099895,0.35552076266166227,-1.7369075944149341,-2.1583523584311273,0.4033032136272273,-1.3323306983279357,-2.244033315155118,0.41954428506927943,-1.155030329761483,-2.3027643957247994,0.41597954397019504,-0.9164643818363513,-2.3047041169603215,0.4075769523998394,-0.7147702142054803,-2.3957462191387005,0.39268724738539856,-0.6394897054467957,-2.523922841579657,0.4114169969419878,-0.47897389344090907,-2.545055793014112,0.44371566754533465,-0.49129704903442695,-2.5047963240631548,0.46591390219563544,-0.4418370893803139,-2.343177527132565,0.37344376479093033,0.18989008467191024,-2.4178460389605965,0.3835138338614967,0.2702137603919002,-2.401744529345154,0.41244074469856595,0.16235489115607957,-2.3366216098235113,0.4342063086192739,0.06573377761004126,-2.275580329992292,0.36803498402441664,0.8892493478405843,-2.320888440897289,0.37175100358753704,0.7329876386965409,-2.29820976266541,0.3919857492958449,0.4564303711535196,-2.233942106280096,0.4132186991994898,0.29058792167328756,-2.215781754143091,0.36776850038128794,1.258207131739538,-2.230851650709108,0.36346841332188823,1.11103128668458,-2.211014255780774,0.3817827230962783,0.9028987986153438,-2.150945891267073,0.40623601663275744,0.7463776408039219,1
-1.978406139230549,0.492922562180306,-1.6654965333006053,-1.9229883844153823,0.5675167608119074,-0.5254312417535119,-1.9460152310186598,0.5926727377703749,-0.03808618074986027,-1.9747115521786038,0.594304328606262,0.40334927012384736,-1.9917861230644656,0.5853756736578349,0.7533243615797469,-2.11956522651201,0.5820582519376766,0.5272245455911448,-2.079499554393347,0.549090173223933,1.511704279401131,-2.087036148027515,0.48860945906429953,1.981470211294654,-2.1413274836417804,0.44966530052721215,2.072737374175169,-2.1466654395175286,0.5660728637908329,1.3238109588245162,-2.104990207752422,0.527833698367503,1.8561697270060975,-2.1038937344871558,0.48291554905264034,1.8996557329761703,-2.1243669412957424,0.45200796420550654,1.7412590785864368,-2.141111787537161,0.550826711435138,1.894161798651195,-2.0909997212312073,0.5119693987664873,2.0269125533720938,-2.075892789795505,0.4769179407185781,1.7887334547158762,-2.0794082419784545,0.4412501775606084,1.5121758962084773,-2.1352382650525232,0.5407841849131378,2.0913157727689726,-2.084472810964276,0.5117095645197172,1.9863529431450746,-2.0559972517602123,0.48138853047232916,1.7729393836778762,-2.0423721302288897,0.45239332921497255,1.5691682223428143,1
0.6467433832230494,0.5202810742053521,0.08038082183695065,0.6430522141464121,0.5504921216586535,-0.14884969531654857,0.6950193325461024,0.5604728648316762,0.20195748573271377,0.7039738338490085,0.558749055612966,0.396231490105968,0.7005556295899062,0.5555616939671152,0.6148527512886023,0.778334141541225,0.5405175171494149,1.380192427509797,0.7649927221025679,0.5331895361205011,1.2196845577192499,0.7428487424866433,0.5054400081027773,1.0402960794707454,0.7530583636644353,0.47754356752438437,0.9569367608779858,0.7195603869143467,0.5297362205403894,1.8085225805487553,0.7017937666132071,0.5190903875592429,1.4579145712122132,0.6933777582362387,0.49990461976079525,1.1486244339617318,0.7010329255875614,0.488498184567994,0.9334468309246398,0.6574361133715392,0.5316970271589215,1.776093878504303,0.6211592130123632,0.5211155980461422,1.4208459319190456,0.6124238666002432,0.5101707078456758,1.1367488877907765,0.6200091806547625,0.5037492337928493,0.9791166590629145,0.5954951740777065,0.5424762263883894,1.551092794173337,0.5575392260637761,0.5445831770208136,1.3689883881690292,0.5293452939566738,0.5389544462101464,1.2112623091390944,0.5237845169950687,0.5330393301711818,1.1004392188500844,1
0.6395013232025907,0.5158620435788741,0.016592764203388944,0.657480687929477,0.5423250412843791,-0.8661266457880099,0.7134088170844759,0.5549069841224742,-0.5028397808045509,0.7204405189084127,0.5562557335469696,-0.2497990266319585,0.7217257923192012,0.5615919263507109,0.029036156695109557,0.7879370751969433,0.5301557636607155,0.7394421969088811,0.7690342623871387,0.5271494537764756,0.680648978813304,0.7366904741934663,0.5009061777377806,0.5530165444413705,0.7335562065180052,0.47303005389954583,0.4978772115574769,0.7382446341711398,0.519107657330549,1.3263173405934976,0.7145944782779708,0.5053235845568466,1.095138094647594,0.6942993665989541,0.48732473566651213,0.8597691728906794,0.6950460986510159,0.4763896090051208,0.7084844705580909,0.6846470857778655,0.5160551923488061,1.5169129143952949,0.6451489927862026,0.5030277404985994,1.1765494372832024,0.6242785783144408,0.4899426388591206,0.9415377744420556,0.620026649172639,0.48256544407007973,0.8123093190174359,0.6323566667625645,0.5223179403343666,1.44450868546782,0.595672538369595,0.5180398143427656,1.1445979762039948,0.5663982110655201,0.5108472354148408,0.9707763218355935,0.5501545549480547,0.5033824323690855,0.8789899710203127,1
0.640004611369426,0.5160441396497599,-0.008352824863041758,0.7072497280852614,0.549045389261624,-1.2203924538541973,0.7781834527720077,0.5550321376547328,-0.8744729217901476,0.7795137772758289,0.5581645008409715,-0.6289240530733037,0.7832665865493516,0.5650344566334011,-0.3349135693109022,0.8518582094819918,0.5256937776243656,0.9129521150645308,0.830112792507087,0.5235092934934995,0.8355192406191683,0.8006256488786897,0.4873554465924968,0.667377993654532,0.812408704482,0.45295851661470327,0.6058326287700712,0.7638258999527456,0.5123944342458552,1.682774755152495,0.7361765716593742,0.494519789662391,1.371165437242188,0.7144927226092366,0.4690557284890358,1.0192676745451947,0.7200450107937878,0.45221800251955985,0.8122005609913092,0.6835412211357365,0.5079933013184947,1.94177931828327,0.6388522097538111,0.4901493752859869,1.4943172042609159,0.6228370894772407,0.4693642531963585,1.1075181805400338,0.6261553407602852,0.45417257037675623,0.9044719952420038,0.6165427221075727,0.5141277944744906,1.8674889194777073,0.5757416409473035,0.505277630418532,1.4990150218849292,0.5487829977245637,0.4903014515956257,1.2301112604355096,0.5354781323680089,0.4759914069405305,1.086480993524181,1
0.6449122544058463,0.5176147182611505,0.2188646135154582,0.7127600864594839,0.5442394744677453,-1.5196937356630154,0.7859879823727447,0.5533670254317804,-1.1291788193661911,0.7952654683736762,0.5565011742810024,-0.8035504151927615,0.7946713843857247,0.5625873790451158,-0.45540532762944674,0.8465397980261286,0.5303992192368568,0.5150034328851335,0.830216695633096,0.5292747926317452,0.5470893930763183,0.7974487974431818,0.502898868334839,0.4501886548275139,0.7939226570619127,0.4726851202528019,0.43722718446321696,0.7692972227525077,0.5151406160048397,1.423920252125339,0.7427918312630316,0.4995425320442667,1.2180477335404822,0.7137660513033468,0.4830621141348657,0.9288568473705523,0.7020364108125248,0.4706982247928321,0.758401153180057,0.6957766509323718,0.5086866924783291,1.8700540896852682,0.6498554505763482,0.49185465557025854,1.4651233391764538,0.6266466750284839,0.4781459461070187,1.0701063273141278,0.6162424165631654,0.46763780909815417,0.8594651334098514,0.6341102519832855,0.5115209267797324,1.9268368915722731,0.593569432729151,0.5016169964056116,1.5449449815072227,0.5610015001353817,0.4940409739155228,1.2431168973432882,0.5377683216304135,0.48611847992423873,1.0789380320169257,1
0.6398420345118239,0.5269851971276146,0.14532109880974317,0.6918121133008942,0.5627353052817664,-1.0983833927031952,0.755194130433554,0.5651431624707107,-0.7539791434524353,0.7608574232091566,0.5643158071197341,-0.4886663092607284,0.7564949379895676,0.5685751338554813,-0.1903846195470835,0.8284928443146943,0.5318257978710138,0.8524459132799475,0.8146778374798755,0.5280071210286776,0.8574541849969519,0.7820676803490146,0.5016098073263344,0.7263323753782894,0.7764440531871335,0.47321318144688995,0.6801133815588706,0.7644775996681689,0.517788592837888,1.6313346810575469,0.7395790648414103,0.5021948679397924,1.4265702160069924,0.712472904490741,0.4844044447543838,1.1436868368151916,0.7010389404840146,0.47199697381433064,0.9616635783484279,0.6998010942107047,0.5122745529634661,1.9321805106009409,0.6555858163991727,0.4943616337069411,1.5840725805746254,0.6348740992862107,0.48076940066703905,1.2398158861609319,0.6257912600719102,0.4703881781576252,1.0409777215895086,0.6422514127886455,0.5159227574830556,1.8892826310861617,0.6044738102267858,0.5053018409609455,1.589168983190448,0.5732940540759622,0.49670714180882625,1.3500211490078622,0.5521784823241753,0.487522641744757,1.2135834394891216,1
0.6509283760168267,0.527651697199568,-0.23052983519820883,0.7014926907996095,0.5564168825032392,-0.8513859332291263,0.7662566318094657,0.5641224258682844,-0.5320327833648564,0.7737823939938716,0.5621276876879031,-0.3374209703974516,0.775451488495677,0.5653497404843986,-0.08290762515715056,0.8298494914516517,0.5394226501532328,1.0981722820500857,0.8106285287372853,0.5342509585762657,0.9104306319304337,0.7851468144956031,0.497116584921103,0.6668815107213061,0.804808463714386,0.45964373816516085,0.5737613953097175,0.7637109906830236,0.5247849415447104,1.6842415308087604,0.7416354871213566,0.5105042873878353,1.290083935704725,0.7227476314413492,0.48380962052251153,0.9410933712966741,0.7394049575115651,0.4625217505856665,0.7598645874320629,0.6993802577718395,0.5199397429043424,1.7836639068856048,0.6599629813441114,0.5090049691594601,1.3388743909156333,0.6464531407107527,0.486561387359087,1.0530251525811167,0.6630056389187681,0.46715268605846466,0.9290636431565639,0.6440178199228083,0.5248588694423224,1.6222706138158913,0.6081386358016595,0.5258668136990222,1.3238416421711026,0.5860498414749462,0.5112551736717392,1.1524006190497706,0.584338873702932,0.49524039939481485,1.0709110501800165,1
0.6389708092462048,0.5250671422247095,0.11581631696710026,0.7026982779158321,0.5523979610466524,-1.2426852977282772,0.7734494283694369,0.558442796505063,-0.9192304419388098,0.7786751143005725,0.5601235793160153,-0.6593146588452818,0.7781939500554598,0.5646869848076576,-0.3579658161363527,0.8406131121023224,0.5289854828160317,0.5669268089851809,0.8186397510697481,0.5291219138804797,0.5289702311655288,0.7851665658625123,0.5030071562275475,0.40725396196889824,0.7827324508005883,0.47306345750132484,0.3891208000194742,0.7675973863411204,0.5175681104693511,1.3553125182974368,0.7398218431604245,0.5050926423812473,1.1106360577179468,0.7132381771940219,0.4868383059779234,0.843539544709684,0.7088974027002872,0.47470155021351323,0.6940744893566562,0.6970360429420128,0.5167641841132812,1.7158256567971113,0.6528844420150834,0.5035600616977778,1.3399139735545988,0.6333872582400674,0.48853808398332127,1.0131307023469784,0.629220605949786,0.4783039907778256,0.8422751588778701,0.6356353054526609,0.5257794294519857,1.7357477851423777,0.5958922540283862,0.5204059913546445,1.409739509436869,0.5646217971459945,0.5117619177531991,1.1655863011574992,0.5456786589355846,0.5030194822002956,1.0351832203209246,1
0.6509213750995138,0.5250703431322056,0.10714277797479745,0.7155668439644394,0.5488854124555556,-1.318856959948979,0.7855124092668591,0.5585037225651314,-0.9805375706252045,0.7899040528974082,0.5610216755919611,-0.7028898564578665,0.7908571934560623,0.5672105747949296,-0.3861922360914562,0.8519167315153507,0.5319804509081586,0.5013229512267123,0.8256653502910047,0.5345494836419491,0.45365505887443036,0.7939029073101591,0.5051117604280071,0.31503007604712985,0.7985828959134342,0.47259035826193774,0.292163076661672,0.777748799540559,0.5202155401997479,1.2956807785475803,0.7489098449021896,0.5095475269460645,1.041848037727042,0.7237860090311731,0.4909541177444016,0.7538683213791818,0.7227737688181142,0.47736688069934285,0.6005548343486528,0.7045931743265972,0.5184178482051962,1.671704069720529,0.6628453411087722,0.5068481549435506,1.3002382015679645,0.645024101499537,0.49368128924975624,0.9783318137793768,0.6436146646800874,0.4845169788639895,0.8145439158522761,0.6407301304702824,0.5270549110723508,1.7043174170960589,0.6053953514431547,0.5240397247648838,1.3948576346048565,0.5780629725926694,0.518036220060281,1.1660031519333118,0.5606617882454005,0.5126346348951742,1.044408993172545,1
0.6733857629975617,0.5313686621152478,-0.12212906129516438,0.7360779711962431,0.5596243513587963,-1.139921277831989,0.8044860001925443,0.5686093450703643,-0.7826711891366521,0.8145017157987043,0.5708204035150943,-0.540846227374094,0.821007002063906,0.5777724518854137,-0.2479161892955259,0.8697641782948796,0.544103773531968,0.9633050661827706,0.8533171766109089,0.5414818990561648,0.8414934007032502,0.8271901978259963,0.5034453837933482,0.6404497527902713,0.8446718132023315,0.4666978207650555,0.5686265219826407,0.7918030240080546,0.5281170702434047,1.6897140658711278,0.771478337601958,0.5130444013820142,1.3457803951716105,0.750190329881703,0.48699221154840716,0.9986797425202648,0.7588140258837113,0.4670798484852197,0.8057223201073305,0.7191673636658888,0.5210014197665878,1.9092572688657756,0.6797356341715733,0.5074316757167452,1.4411412819122225,0.6629862440181087,0.4851596147817986,1.1070186840067398,0.6720911070059448,0.4666512500350297,0.9496379107269393,0.6592449734802858,0.5234371761729607,1.812374177854572,0.6228659076934423,0.5200565525258097,1.463691026666124,0.5975204234351625,0.5056150299276546,1.2443650891257845,0.5896379908005268,0.49016672977642095,1.133834298945912,1
0.6730995032674297,0.5402259288131801,0.12422404614407409,0.7490487968663158,0.5720037135854221,-1.2242579170703691,0.8353597720935125,0.5780849981170577,-0.8403520468346749,0.8476325406452683,0.5782389400389937,-0.554217839331394,0.8571123017724507,0.5835950454483102,-0.23930406853567668,0.9078354210873006,0.5466427064315249,0.8070233002680682,0.8971507009851353,0.5443496849628476,0.7833344073241408,0.874284733357022,0.5203037299471417,0.6329477897074323,0.8792986227999341,0.49218808559246263,0.5665406975428142,0.8145772204864521,0.5336004065676249,1.576157395924168,0.7966652394312428,0.518223854525905,1.2956934966265339,0.7754047626576486,0.5020269995992377,0.9555314825035837,0.7696779313611632,0.4907623346062201,0.7472399906958478,0.7266722801589843,0.5309938856211868,1.86754189352851,0.6911762563304922,0.5169005094979806,1.4493376552669452,0.671548918918417,0.5057488767023784,1.0697005749859294,0.6645483848659733,0.49834587163841904,0.8606081360826509,0.6533106902473256,0.5375268187250983,1.8223956734262017,0.6205486188028816,0.5322158939439477,1.468378068878113,0.5935422106973642,0.5273372123175761,1.1980333861400747,0.574522573148475,0.5222879513133832,1.0458557019651187,1
0.6509260423777224,0.537980670032902,0.21795360393371838,0.7149739175627853,0.5811098313688718,-1.0732165990228648,0.7776782796802786,0.591652601424698,-0.7021546358344707,0.779787096188459,0.5900451118819291,-0.4348498835292082,0.7856539635545619,0.5976796589224913,-0.14714403871648898,0.8513652056858164,0.5563320197710843,1.2653660811994414,0.842797713395446,0.5485135734312341,1.3233491607083678,0.8125263672143227,0.5242497117517256,1.154786617422063,0.8088685695292402,0.496507100231053,1.0570261787632094,0.7674455419489878,0.5411238886791253,2.077566247517142,0.751197356174679,0.5203690673973046,1.8919708133824045,0.7233488482057174,0.5064667715808523,1.5120118239480336,0.7060252896438233,0.4988312459397528,1.247885522994167,0.6908653338254677,0.5341989741281751,2.3189098837283173,0.6555841406086118,0.5115989093866808,1.990672988410141,0.633341906031124,0.5032900836269868,1.566401380826854,0.6186705405480099,0.4996702349495627,1.2952910155988975,0.6243391997104082,0.5352264221142174,2.1891502712557585,0.5929940622269927,0.5231888587020618,1.93623181729799,0.5609940949824055,0.521297606955697,1.6816338275308822,0.5372206310415383,0.5196338617542259,1.5141373426244653,1
0.6249884216127197,0.5294594986220539,0.11408602318339425,0.6903894487426137,0.561964838474027,-1.6240432176267885,0.7480506671833219,0.5681099314548285,-1.247309749426114,0.7381626003421784,0.5681900460222823,-0.9441301404104594,0.7299261948895394,0.5793573138878751,-0.6048118414479114,0.8266671342133901,0.5466858781274063,0.7502933381563791,0.8020278746526037,0.542299413814153,0.822982572815385,0.7623880420880198,0.5126764432185892,0.7065655155860515,0.764648297525995,0.4792516524097023,0.6765787240400069,0.7453854245038626,0.529500145746286,1.726110311195106,0.7161149898981672,0.5135542737177532,1.557284849715048,0.6845332130589752,0.49243811978730573,1.231239899282413,0.6810414147421846,0.474463894404879,1.0232015001701698,0.6707462347407581,0.5216569237437232,2.161415760294939,0.6272431706435269,0.504145126176721,1.7860914353715818,0.6038407387429604,0.4851406445646745,1.3594303611588037,0.6026463932811205,0.4703899349404901,1.111323931639817,0.6096407615248555,0.5247321526798586,2.1720142599893872,0.5747758404615378,0.5172225740332967,1.832617865338182,0.5432274874028235,0.5052317269031529,1.5434211319217996,0.5282106995540868,0.4923091622448406,1.3699694688459227,1
0.6268576665352936,0.5324512801616863,-0.124738766774503,0.664973447737369,0.5658637773260623,-0.6472138290894329,0.70482482118986,0.5645972289570931,-0.44618501334177585,0.7027953408949306,0.561097281344687,-0.35061257957227904,0.6996112557745541,0.5659708100954847,-0.1710083136653161,0.7792527601254655,0.5386676919524713,1.0656184161713804,0.782180435470397,0.5374422089860333,0.8413069984409877,0.7509176956418829,0.5066316583506542,0.5858804187737251,0.758234240287534,0.4730494801076729,0.4805834925686925,0.730168154070681,0.5235372739480645,1.511060122178349,0.7281909633217256,0.5159404262615322,1.1313233718478393,0.7068409606113618,0.49629163144001753,0.7843678929797795,0.7161503653402582,0.4759937582494531,0.5896473941199998,0.6836518855326232,0.5177707016948326,1.5260728004040183,0.6634293541192283,0.5087867920802419,1.1624940312244652,0.6497994223235743,0.4927514956744924,0.9151714931483894,0.6609342404568769,0.4754238707553336,0.796119698142293,0.6417325024093526,0.5229624183479833,1.3363574932281603,0.6211382154987747,0.5236224964172908,1.1165333653099636,0.6030421991711221,0.5152187971379592,0.9821561870689608,0.6005016442810946,0.5008336220467051,0.9130985089982758,1
0.626257921285479,0.5122343484166949,0.15733852312570937,0.6699949333598494,0.5436610459334065,-1.6058270477862053,0.7351648066794504,0.5505944395061072,-1.1942633220601173,0.7386468840428841,0.5509472090412395,-0.8371128560331696,0.7318278939325685,0.5585443583483093,-0.4474166654238391,0.8180706021919507,0.5191122799111042,0.4280349127863988,0.8010063224230582,0.5216363417447224,0.5806453093891709,0.7596218111750989,0.48800324023637376,0.5730490441629357,0.7631133002101869,0.45447233941875104,0.6085158110216895,0.7590883549182081,0.5026516302287224,1.428367653428657,0.737147684935431,0.49704015860042966,1.3594241863595489,0.7002951286487455,0.4751451528652531,1.1677155606652756,0.6938200622572792,0.4562872223132774,1.0388605778272615,0.6973072486470593,0.49411015609939346,1.9621154438424728,0.6596253095461002,0.4844778003634657,1.6522830169181044,0.6312743788587055,0.46728587620834355,1.299224961835987,0.6266177967861758,0.45096418292751106,1.0950493797351843,0.6409941110411437,0.49450647786864577,2.067336273594665,0.6074526171260092,0.49151851015891607,1.7439522313962568,0.5755526257337195,0.48257155141733593,1.4706506818925167,0.5611572375781061,0.46936355258921053,1.3077158505423665,1
0.620193571133009,0.5179017329666288,0.4686553233477173,0.6902755279362445,0.5517517737411481,-1.4536758917552266,0.7497053063919737,0.554578943808904,-1.1233309310552189,0.7445403880486829,0.5534043960048302,-0.8596874570321759,0.735336647388237,0.5625435822925918,-0.5611422998171851,0.8216945347728298,0.5325810293103568,0.9981411411420364,0.8125230614367561,0.528208132894126,1.1430343512186687,0.7784334288377137,0.5026709319892511,1.0151957969776015,0.7725583542656068,0.47213455308588376,0.9455585688020676,0.7440344198041314,0.515499515344195,1.956807883602079,0.7297015839733695,0.5000374081348382,1.8063068080727251,0.6995095902118341,0.4854842305771918,1.4348444494739878,0.6826323548540898,0.47305661347484906,1.1860804255167618,0.6721536988307405,0.5093926198383211,2.3539625852097577,0.6446420661415457,0.4919552537282469,2.070898702815306,0.6225676440005772,0.482747109036187,1.6382745371558423,0.6110790904371196,0.47593860813474553,1.3576898649156217,0.6082265798952419,0.5120771044249354,2.3127052631572242,0.5827022014040456,0.5066896430532924,2.0880752459463268,0.5547680069189267,0.5048955751836693,1.8200531781191571,0.5347619215979412,0.5005941117830366,1.6344653217011398,1
0.6171263914702089,0.5182107983681908,0.1260743795973192,0.6835443332040021,0.5458352761613386,-1.1127442746594742,0.7411380838226692,0.5531308244008749,-0.7914543039618773,0.7372750933026877,0.5521457825918055,-0.5491485497280547,0.7347128210279245,0.5598160471866409,-0.27382582127694105,0.814423615476718,0.5343871363342559,0.8582721084743041,0.7970745116080107,0.528536335890317,0.8887426171506592,0.7660191749624403,0.5027555319054299,0.7418381327078095,0.7609250894988727,0.47321815645140985,0.675028388210047,0.7403712764414944,0.5222039847864656,1.6018602960329993,0.7179493149751635,0.5056065137156988,1.3819127831921487,0.6921087372970023,0.4897292349370186,1.0451980466821402,0.6836378450445377,0.47612045956231386,0.8392417769252734,0.670566989590871,0.5199751228470098,1.8845999027832194,0.6354989528415514,0.5055766559748017,1.5633529151878856,0.6158199467170027,0.492397132018631,1.210380678319102,0.610352767851725,0.48220053517214556,1.0057238278428227,0.6084618997184096,0.5281093550821738,1.8319836987400326,0.5777056460267862,0.5245659005533361,1.578669794152324,0.5511049245800067,0.5192383134432732,1.3545099397944778,0.5340271736079424,0.512672535420414,1.2198890337734485,1
0.6041031295086063,0.5252855152472171,0.2843522283177906,0.6655923875515011,0.5641863345764795,-1.4152657582819295,0.7172479352483782,0.5676276251566517,-0.9533231109973668,0.7114012493188451,0.5629660220637164,-0.5732206172113018,0.7030412214719132,0.5678556534691461,-0.19146481477935337,0.7937715445833354,0.5470317981716205,1.0107199789206591,0.7809607875613578,0.5350589963480417,1.249266524267974,0.7476649573756184,0.5051124855701458,1.1733774180154106,0.7430965885648091,0.47389523087613106,1.1207623041502466,0.7242700254119516,0.5249208965535973,2.0361407286777333,0.7074388121197671,0.5032511034745162,1.9823902873564172,0.6799763180969416,0.485724264543242,1.6747650597956834,0.6662979010523363,0.47333593778407984,1.4380889248746787,0.6570059250118103,0.5118087634820507,2.485206013029833,0.626980909420754,0.4886550681207721,2.2109791551713878,0.6062968720978936,0.47650894283740247,1.7888031574014576,0.5966041248871794,0.4688996811331045,1.505729806637748,0.5961536170444546,0.5075127207706689,2.47275595388376,0.5712675030177456,0.4964760222271194,2.2289570642962504,0.5449224446396103,0.4917204939606954,1.958688947758874,0.5264260708352594,0.48722338551421734,1.7682619516079505,1
0.6004688755434524,0.5273643268377012,-0.03979815831415308,0.657835008547712,0.5576226580993926,-1.299502751919491,0.7169677220490597,0.5645029886474306,-0.9414196180917994,0.7095358217592597,0.5625210043794734,-0.6542538553205226,0.7047594421736739,0.5673823319388622,-0.32803767405050965,0.7945917397478358,0.5451696772385082,0.6913388043371738,0.7639517487279739,0.5380851476822176,0.6890898888675902,0.7277119186147747,0.5023112614884724,0.5418228314711663,0.7302944726309919,0.46688923998660065,0.49689376468512103,0.7255931235747504,0.5297096860617938,1.5071574456378978,0.6908228841306431,0.5129316796058281,1.265330586707081,0.6589096054706827,0.48832842509437574,0.9609471053924378,0.6573096407855803,0.46825746814451963,0.7872827498961431,0.6564222092845696,0.5232208843589542,1.8604661545423353,0.6113105918862513,0.5074715547819316,1.4824038201187888,0.5873156387665944,0.48861548246918385,1.1415052691008682,0.5869458732927865,0.47158153566084493,0.9610227835548689,0.5948751968512839,0.5266082488191414,1.8582542319426694,0.5573353172869123,0.5209706350049326,1.5412693910914423,0.5275030564551371,0.5088713838186019,1.3080226554381298,0.5128871594782624,0.4962508168697858,1.1798430922313639,1
0.5971263264663407,0.530322321020431,0.20573959447283902,0.659631728037142,0.5643773812581069,-1.321175045911252,0.7191403610099728,0.5669241242463056,-0.9847865875231142,0.7109138479119116,0.5638115834600108,-0.7089352082933728,0.7020569141352261,0.5697162239438193,-0.39387702886067616,0.8007542872000281,0.5399863413469248,0.7884433164364895,0.7727155404310619,0.5351178534203068,0.883924431439703,0.7395814505816036,0.5070967161755874,0.776281088842287,0.7422061384634724,0.47578644330879355,0.7332818025421772,0.7248289769310993,0.525746200903319,1.6651042725614844,0.6934358981864034,0.5119024373124081,1.475639172424427,0.6624474235415881,0.49400066505457463,1.1543068785275854,0.6560465125303815,0.4792804823633647,0.9545133179534009,0.6515966181189157,0.5219772933033091,2.0549032480884883,0.6101970290585669,0.5087898794917398,1.7219490806837605,0.586488627897627,0.49537140912731736,1.3464512485424838,0.5816069425922973,0.48352514945226993,1.1278142127485709,0.5873592928837638,0.527607361753952,2.0555797356515653,0.5522707923173651,0.5236413268391683,1.7830904151852474,0.5224708436103853,0.518432767833384,1.5330748634769504,0.5057789782355672,0.5111101915466373,1.3794599229585542,1
0.5980271111606147,0.5236470062656329,0.3080838018384295,0.6666374091217386,0.5556665780615538,-1.4808370504824342,0.7289409163227566,0.5631545118598089,-1.105902507358228,0.7211690229302897,0.5619475681005268,-0.7865772788412623,0.7154173752326486,0.5685268518933616,-0.4471190572165353,0.8073575232973627,0.5384766981839834,0.5819783551611996,0.7826378034362866,0.5353021558626965,0.7259698262873799,0.7452708837970927,0.5114204970344158,0.6675022397369987,0.735957821937304,0.48201846563794637,0.6596008414677182,0.7284166084879189,0.5226917268002388,1.510101550796802,0.6991160116723765,0.5065232841703526,1.3917032723630913,0.6660682346168846,0.49165537905601914,1.1135958906971661,0.6501168271101426,0.47972478486391157,0.9377335572838281,0.652807691870761,0.516000311650338,1.9740031494779224,0.6136441302422341,0.4993164145932558,1.6506214843805873,0.5872658402626566,0.4877678931681199,1.2659136939749562,0.5732827341262684,0.4786992669224252,1.0444545170282449,0.5876496715117111,0.5192495025319915,2.033237435930507,0.5556329161033285,0.5125079744073089,1.7234742083757033,0.5243073215484961,0.5090954849649242,1.4512975396577428,0.5011834328944506,0.5047721182945469,1.2921341929569727,1
0.6064282119362273,0.5359100385393523,0.10830064940609163,0.674308674760083,0.5595665085053624,-1.4638343616484872,0.735093766713426,0.5641146225305417,-1.109328717949316,0.7266052633560229,0.5644703541731002,-0.8312561562525576,0.7173190742756778,0.574295095269392,-0.5193255491207239,0.8001566531017866,0.5532493420942869,0.7763511171518404,0.7761152118717833,0.5459478041114713,0.8010268312545585,0.7438612599271488,0.5133614608255831,0.6284950534565071,0.7459921763030977,0.4789578902380252,0.5574304500456818,0.7276565657467579,0.539700601131362,1.6583780241469819,0.6978184964340894,0.5202041087004466,1.4445909084158008,0.6700441785481804,0.49917203903260854,1.0886676096089738,0.6663179507071807,0.4808498343800166,0.8673656219685699,0.6578218801071656,0.5344457979801691,2.0311397143816023,0.619375333960339,0.5180006571285696,1.655928040312993,0.5986865935853961,0.5003094831125937,1.2666322223371953,0.5980098808784052,0.4855173412210519,1.0473408552709638,0.597735992009217,0.5392678841061901,2.0150766870386336,0.5656118006641127,0.5358359080468189,1.6967478448420865,0.5380693869574754,0.5275321750169777,1.4373212895921799,0.5234491618344957,0.5174674782594394,1.2842568706503217,1
0.6091150084250205,0.539519950882109,-0.02838615380236028,0.6893354570301424,0.5701500980308092,-1.758815197544542,0.7550944771478808,0.5747973919003632,-1.295498516933154,0.7460815741605855,0.5751124197939181,-0.9307528166694924,0.7399311609104705,0.5839995058195065,-0.5386968593409917,0.8321992397607609,0.5566213794289222,0.7581862931201361,0.7954411933094407,0.5502059636532316,0.7641857610140705,0.7593515293121302,0.5102167610842283,0.594494312427736,0.7722171233873574,0.47266758928449165,0.5395203827955541,0.7349327848616529,0.5413851301951957,1.7788636599532863,0.6966936235559903,0.5213563202042519,1.4889135846990653,0.6672388219927734,0.4929027726940617,1.102251975866181,0.6753723748349233,0.47007440857750654,0.8780540674546687,0.6465107318225563,0.5350932230727585,2.229353599189479,0.5981397159732554,0.5149415469022594,1.7294123471367802,0.5791682478187676,0.48895517582380277,1.277069372522385,0.5899550553459467,0.46746740116026014,1.0456263786942683,0.5776795024653841,0.5395244712157038,2.243136190131191,0.5397493707985546,0.5308466532674507,1.828150785041536,0.5147785352576084,0.5137043925829645,1.5174157594685767,0.5088586845468582,0.4968611732450026,1.3474924655208846,1
0.6173441977866136,0.5400232046717642,-0.07308758100251585,0.7002969708398442,0.5662405821998603,-1.7068910604504788,0.7687311906259825,0.5736497009954298,-1.2809726814982814,0.7586947743225286,0.5758626401123267,-0.9510733846387804,0.7570604829944185,0.587034409700697,-0.585674461403121,0.8347023867330686,0.5575921961090907,0.7487993106344543,0.8069229742620516,0.5522173292795819,0.7072722528550165,0.7753470178717375,0.5148153708136118,0.5168341932920978,0.7850062400496222,0.4771422504930765,0.45262645586847533,0.7377661191407976,0.5445443744560298,1.71382761941504,0.7065117586127165,0.5245975086600723,1.3879601592000383,0.6796588216033987,0.4982307437549408,0.9929253164920357,0.684377677308297,0.4759814030545088,0.7683201972359149,0.6506941577555715,0.5403158040584611,2.124921670736352,0.6077026148087425,0.5215601853019082,1.610284857544276,0.5895041051628618,0.49846380745462304,1.1707321958669674,0.5965747042254925,0.4786558492887644,0.9483277892454589,0.5814521619380921,0.5460893742556542,2.1233269561205437,0.5459725402133822,0.5401792793557993,1.700628243464163,0.519916065833578,0.5252554027325318,1.4006810184271918,0.5107503235807428,0.509998442806268,1.2392273273412564,1
0.6305938227413369,0.5487641717306738,-0.6007526312471202,0.7053256325761116,0.5803436614588161,-1.4084116547331191,0.7643030327437945,0.5758937608532192,-1.1751286430711296,0.7447180973036629,0.5770639932861545,-1.0159530457561412,0.7357899468196061,0.585288080152788,-0.7303485517854903,0.8338227828377341,0.5590001945197037,0.7048371135781731,0.7823435730888035,0.5527667450855138,0.4416967453785234,0.7667073541673834,0.49164200348820797,0.14835032965659145,0.8237343198219947,0.43964895809291793,0.05320841344193767,0.7496887766549506,0.5493115534094938,1.4159759226518465,0.6963762133833532,0.5314445442667358,1.0099197698058402,0.6817568075516116,0.4860922676879283,0.6584124402932637,0.7301700864902227,0.45185752153765524,0.46947076559053436,0.6724350357833893,0.5485905319092279,1.6455401716904634,0.6150450911511042,0.5351352763759882,1.1721667416096997,0.6079757930877973,0.494511173014838,0.9335262186451146,0.6526716315012548,0.4589196486466618,0.8399916773225512,0.6106808449740487,0.5569061693863291,1.567126403183259,0.562811611530669,0.5561886350297363,1.242513550722601,0.5474237407560336,0.5277925667744647,1.091005956948973,0.5673992250894724,0.4984637864268463,1.0245895068505442,1
0.6246858264088574,0.5325437508226831,-0.5779801235481227,0.6789067696691282,0.576933577350945,-1.008683190673287,0.7338466206432197,0.5901240476122437,-0.6898991736296692,0.7231352563245713,0.5877555362010358,-0.47835001198500154,0.7148108174221024,0.5905703378773234,-0.1931368959852456,0.8241489133840051,0.5602374188168618,1.0112975562445992,0.7690779599634976,0.5404780867007954,0.8165027961181591,0.7554469959378607,0.4850673814309539,0.5389178063071761,0.8064138737511026,0.43946204006593925,0.4158088119477835,0.7572654014321188,0.5454996156854723,1.6117429804558407,0.6968644675582595,0.516489038897292,1.2361488439654384,0.6859450591685591,0.47471108532623996,0.880527918841453,0.7260739420055066,0.4450556233327254,0.6805956164979076,0.6905037262187391,0.5388841700004504,1.7298781855245715,0.6213058446864375,0.5163620134758046,1.3026190125466945,0.6129867675465402,0.4784380874507156,1.0550250289566534,0.6487853459715549,0.4477412392773854,0.9430206423370706,0.6334570886279546,0.5398905737172112,1.5771699642201151,0.5731216502678327,0.5289437046337501,1.2920004355620625,0.555272380116087,0.4991587447747997,1.1492866310920955,0.5688341744323256,0.47310596625855444,1.0816390734852477,1
0.652269440622119,0.5258129536712869,-0.6405473292959685,0.6779146719380701,0.5584288222109655,-0.789879686111403,0.7313710751605081,0.5706727276465716,-0.5089188567347964,0.7392246989304215,0.573182249400799,-0.34227566012866806,0.738907999336809,0.5767603775319191,-0.09690513561454063,0.8283066378449158,0.5460522378568432,1.0030782310374364,0.7821581011535913,0.5304654013732452,0.7796795002697839,0.7744810763646113,0.475446195535111,0.4954814494169221,0.8345594632072237,0.42918912954138155,0.35553384623213924,0.777464809488246,0.5325893608677337,1.4889320501650396,0.7283663032187914,0.5113755692321437,1.1211584316949241,0.7233198971576741,0.47194690213107293,0.8054757831144785,0.7743364686642655,0.44140720694328767,0.6149475996331394,0.7219713812715126,0.5277099583443178,1.5363016671748388,0.6652450731919086,0.5148316865097748,1.1081933720326183,0.6603282488704276,0.47991574089649575,0.9362932971226613,0.7034314668678834,0.44840530320031274,0.869800767860464,0.6753425086914029,0.531497164996279,1.3645462702307194,0.6219846740259883,0.5299664655477063,1.067704559428157,0.6076770021394816,0.5033085894063438,0.964413312020275,0.6261748512848501,0.4763764657490438,0.9221442258833248,1
0.6380101278149194,0.5069912619381807,-0.6460837418752358,0.6660014260373622,0.5377118258250829,-0.8227542936845973,0.7218813196990811,0.5567518732418846,-0.5378904430043844,0.7275603206971143,0.5613090886372499,-0.36875557081614124,0.7222449280965548,0.5689983265726355,-0.11605983395250465,0.829753728124337,0.5355847410370925,1.00001874642575,0.782210538245222,0.5275532232679886,0.7215675937727613,0.7695473928198074,0.4737208406731739,0.4113920217010416,0.831391974038965,0.42737443741634146,0.27659096812696377,0.77362355675754,0.5233088585910814,1.4761524394113017,0.723818256042592,0.5073355807836637,1.0516327932551528,0.7123599954033716,0.46750394927121214,0.6996841375789657,0.7623467750672991,0.43866483818309937,0.5152680318851317,0.713032503579321,0.5197046195058289,1.5115202262311733,0.6574911902668584,0.5110490928556789,1.067930386710911,0.6475415937253935,0.4784095056569162,0.8649613998682417,0.6891403804534861,0.4531041954259242,0.7893536907207931,0.6599743140860652,0.5252114975369615,1.3335096691215425,0.6077323989361246,0.5280046045941332,1.0402653304503078,0.5898643180524917,0.5034142825001767,0.9304438365016462,0.6079274860653375,0.4816356900222578,0.8868444707535184,1
0.5820292372206841,0.5182833522714344,-0.20477976502807316,0.6291188922146529,0.5694017767726702,-1.088721624367182,0.6992481838569441,0.5862752013348207,-0.673093697312892,0.7066010209635666,0.5854273237568011,-0.37356864612346924,0.6995130408977575,0.5868811210668653,-0.04416980055164989,0.8073034347513794,0.5512465032916878,1.0828918075480116,0.761259006967014,0.5320757408461946,1.029485379220408,0.729135056577867,0.48977307048281454,0.8214016202662447,0.7475466725262342,0.45373082684024246,0.7122848407225053,0.7307582952487531,0.5311067126822873,1.8300184667160564,0.6760035157022243,0.5003278354162743,1.5433770169238104,0.646763675781535,0.47144897234421185,1.190618328207702,0.6492587018828012,0.45529129669727614,0.9581463864750861,0.6527866500488178,0.5189867131101307,2.0471000539888276,0.5843370670188194,0.492045817798866,1.590435525026238,0.5594827213603478,0.4713917900024834,1.2159150124843925,0.5594476679680176,0.4567685935130979,1.0133606526416816,0.5849638577607488,0.5156770645748396,1.9364794998790555,0.5277290274368435,0.4997283050913322,1.5837211082166995,0.4965355295032207,0.48491057402020415,1.3386114550703248,0.4831669403231716,0.4738568704148691,1.2024255237275105,1
0.6006789030628428,0.536598233651001,-0.5169130772354643,0.656694006455573,0.5751440847309959,-1.0252615681681971,0.7176465483910707,0.5776011911770073,-0.8303129637144427,0.718322557144382,0.5787228724489044,-0.7298770551320612,0.7158382961332056,0.5855656354760096,-0.5140602551254562,0.8067660960814472,0.5528629827400066,0.974441176526261,0.7552394230592641,0.5363715589384301,0.621816103304402,0.7370927783510388,0.4811890795593127,0.274345216675791,0.7800166863187742,0.4327481530132453,0.13807156419434488,0.7378079789461963,0.5389893676844688,1.506916797042316,0.6802089756949259,0.5130306548239418,1.0312986494713283,0.666726388442405,0.47301445380678453,0.6802633637001241,0.7021587137070758,0.44154505215747025,0.49938001727498715,0.6705724448780416,0.5328784943782294,1.5602176905305836,0.6054671102005694,0.5137022084699513,1.0540929939410886,0.5948209847172229,0.4773284562171236,0.8600639592249502,0.6259447991500886,0.444374239432339,0.8063973951464275,0.6143335818445655,0.5338700940526425,1.378118491110664,0.5577336507114835,0.5273665222985248,1.063561535371387,0.5390394619973646,0.49971025610652925,0.9557976449043856,0.5501798329752334,0.4719202588543492,0.9264236603732808,1
0.5767762155968218,0.5407419862328195,-0.38768060293176987,0.6236704278218437,0.5835752590475198,-1.1076878615286265,0.6749761954652719,0.5912240181055963,-0.796901265595425,0.663429103592928,0.589788274692522,-0.5878230369524209,0.6606156325488515,0.5958847835766039,-0.30248386638497377,0.777208922445278,0.5587876149032751,1.1620339510335866,0.7234110794967027,0.5426999411788049,0.9965142197869993,0.6998365026320703,0.4903792893107412,0.7138065852942335,0.7411185327435915,0.445849945870062,0.5873711473748578,0.712188136481184,0.5429170176192732,1.8689477396587317,0.6547774971887084,0.5162121082365074,1.5209650891870683,0.6286769910338784,0.47653054768255243,1.1407665063531554,0.6559572915663239,0.4497135318267307,0.90823022129159,0.6472487542440476,0.5339964448500716,2.0253334128918543,0.5845188902946715,0.5122675912603714,1.5696626630737056,0.5636684634681214,0.4794139154195307,1.264427550020201,0.5855842482940911,0.45216707725199734,1.1107111992513026,0.5920506047430688,0.5336275547290127,1.8689439336752733,0.5416983593402062,0.5233634436134658,1.5577083678127754,0.515437593872495,0.4996962166730126,1.381163281832029,0.521030054633479,0.4780156634656676,1.2862670748402607,1
0.5757556374285252,0.5402309080026184,-0.5447116539724811,0.630337934544226,0.5787660389477306,-0.978866706413247,0.6888546421610955,0.5833591540460309,-0.7465513219734613,0.6847334294823433,0.5844577911630223,-0.6168385716044876,0.6780633435191182,0.5903078211980405,-0.3835146947492107,0.7800968961217946,0.5532184661345743,1.035114772938118,0.7252560882763002,0.5403339367526196,0.7111017952189185,0.7072380674949029,0.48458298648232345,0.37852193005060053,0.7547926831440462,0.4366450029825383,0.24561694394719183,0.7125246564853697,0.5414521502699992,1.576201230959292,0.6544079346364312,0.5171271291292253,1.0998780898271145,0.6409560955440258,0.47699544527225035,0.7309771124297316,0.6788650247088223,0.4463153686995963,0.5426470501292948,0.6469409201822851,0.5385030695156561,1.6296711065944776,0.581854383302921,0.5192734425187762,1.1382762946476062,0.5723342924123008,0.48313991899875086,0.9120320960036935,0.6059856383825802,0.4510010753676737,0.836061258013103,0.5921501631297936,0.5445664795900261,1.4420109328704596,0.5348958677027384,0.5362491013040082,1.1255456257884198,0.5167738125873211,0.5085519204823545,0.9904436847903102,0.5282637834111625,0.4824144931763185,0.9417638632104514,1
0.5902366459506369,0.5367344500477769,-0.6299996238622192,0.641245627500525,0.5732154387322144,-1.2609351915259353,0.7018371959520558,0.5785009760444211,-0.9960403374464146,0.6960891547991063,0.5820186717506346,-0.8240113298464994,0.6838029777477387,0.589429511624844,-0.55146510402718,0.7914572641732316,0.5567541733795448,0.9674184500997947,0.7241082986039401,0.5392485724369507,0.7067205029215954,0.7149587728651637,0.47432270864826853,0.3932721495265114,0.7792269805719682,0.42333615517568446,0.25951428713993174,0.7209573553219667,0.5420892513076199,1.6344504690834045,0.6510575938340352,0.5153485744522028,1.2020700556863992,0.6441021094314103,0.4655445282721073,0.8593225436635314,0.6988826001054966,0.4305314860288767,0.6729956207646177,0.6517672906746776,0.5339089700311933,1.7796071705764474,0.5783301957534548,0.5123813109172283,1.2802757932651634,0.5746090169314605,0.46624302013902563,1.0692044454467595,0.6200211327985727,0.42919086706908155,0.9935378161953268,0.5964967917865742,0.5327686329635343,1.630737510261336,0.536663867446321,0.5231000867132128,1.3042249326600674,0.5252543583346815,0.48632458338080564,1.1769171314347417,0.5477910594068313,0.4544465375302234,1.1230067045901766,1
0.589812701513349,0.534532937003278,-0.4838942820980468,0.6494595867440144,0.5697604024639603,-1.2308676672923933,0.7165464155838872,0.5772128250601183,-0.9717748043399028,0.7149762191266299,0.5804951602407431,-0.8012456288853157,0.7052656265387027,0.5865895824431396,-0.531053097604817,0.8046672831578013,0.5529438613601388,0.851878241036225,0.7453249285120587,0.538614113149482,0.585642659828255,0.7276828113372242,0.4792817140205704,0.30157105314730986,0.7745905737182927,0.4302094792780065,0.20074034819141717,0.7325828902958386,0.5396899326296586,1.4959313401689165,0.6695231329424637,0.5128457011335273,1.0728546960710241,0.6560656475178844,0.4697552770200602,0.7483760416420169,0.6935032777107373,0.4382023662782231,0.5861480705056747,0.6623404165377957,0.5336395810189154,1.652707916114894,0.5897783589698974,0.5105880394052539,1.1512786865961675,0.580744904023799,0.47015214954754103,0.9250656712268854,0.614545212142104,0.4362767252701132,0.8544965035893253,0.6034115742827332,0.5356366747999316,1.5301738621273502,0.5420524334953806,0.5253626964047673,1.1896488458503771,0.5250066971073645,0.4942338174551478,1.045954420399859,0.5377236637823976,0.46638599257505425,0.9948614891856022,1
0.5985047292973023,0.5453836577584666,-0.5488971627191236,0.6521398652434734,0.584883499126899,-1.0403414100021509,0.7089362592235225,0.5866341548709871,-0.8292498028718635,0.7049288911900998,0.5882920034905981,-0.7129062034940394,0.7004736039785157,0.5954924596549025,-0.47683351820814424,0.7974291716682697,0.5581526084398043,1.040727827755064,0.7410950031205183,0.5427625391666797,0.7090381158250065,0.7314989833332155,0.48200921531814594,0.3582448490577376,0.791151645676001,0.43170269134904143,0.20961477757451574,0.7335005228926182,0.5458957180051267,1.6011401266361933,0.6726531748998282,0.520840949245283,1.1427134371069365,0.6629888081399999,0.4764116317727665,0.7826537146811149,0.713603056692274,0.4438237377191603,0.5826655322255762,0.6690247019751041,0.5419956548795944,1.6611540518917165,0.6036363090128415,0.5236858681185423,1.1883992369729341,0.5967809115507756,0.4838779869129565,0.99598006120867,0.6406514524108129,0.44913637584108645,0.9241340772203981,0.6159197279603402,0.5465039272839859,1.4680741668339425,0.5577462962170254,0.5400017353781004,1.171458566629769,0.5421726645010949,0.5098880507211849,1.0599813148839994,0.5626941416305807,0.4811024506879804,1.0159433869704029,1
0.5988921133886221,0.5551795016655158,-0.1113233916881646,0.6735210962719556,0.585761718907321,-1.0216038270840735,0.7434301093931511,0.5907588191247787,-0.7157339619575311,0.7417531586811018,0.5902130011269526,-0.5215465999372099,0.7367796505780952,0.5970847090614047,-0.26470574165655375,0.8211873438170523,0.56171427335002,1.2063572997184124,0.7862841234191228,0.5458677485174157,1.0265697686358866,0.7654131198620145,0.5079649530296184,0.7403483496437238,0.7886796175357936,0.47051507066202247,0.6081421619075115,0.737844093288109,0.5485442419408264,1.8616943213941186,0.7016804700643339,0.5216739906644109,1.4685594466735727,0.684868080181344,0.4969434667973624,1.0571655411101433,0.6954460892651622,0.4787773109927891,0.8153721778894966,0.6617800806127141,0.5449508551301057,1.9749567351372164,0.6144258865388703,0.525126145582536,1.5059091594022658,0.6018230100744799,0.5031577979795807,1.1697735476598996,0.6134400985374909,0.48621729370821903,1.0030032367836408,0.5989849972244918,0.5512509321547443,1.7948800382807817,0.5572151849842639,0.5457509321832245,1.4849615886704814,0.5363028465752514,0.5316910260775701,1.2902451769466656,0.5333168610442165,0.518818737263477,1.1867807506182118,1
0.5931879215379214,0.5596134698603087,-0.23446869741308982,0.661502002692889,0.6003695183788114,-1.1374544866625094,0.7311619019272141,0.605449802939,-0.8088925997227724,0.727182039008151,0.6041102835498754,-0.5805441030381653,0.7194679294372391,0.6092103412856635,-0.29097959066518375,0.8122698273096137,0.5733515045372913,1.1456500272620296,0.771056974643929,0.5540506273228917,0.9800547423348464,0.7488427625707855,0.5066384263439488,0.7048064825369614,0.7726688480738019,0.4656502269560572,0.5800727750635062,0.7363141584398106,0.5577073906987412,1.8718469126004682,0.6896890194629508,0.5260886353046924,1.4958776084778909,0.6698029198144853,0.4931388917330394,1.115534227776309,0.6850102439186386,0.47128013024883625,0.8889433086332892,0.6651475514503741,0.550412459665482,2.038988408688064,0.6062932749470682,0.5234965068799746,1.5490892220780184,0.5909500402950564,0.49543869016404707,1.2127535822026518,0.6060260917923996,0.47309437667649334,1.0489827454445446,0.6059050593320681,0.5521689119588371,1.8878043900830932,0.5577012466035323,0.5386053250928954,1.5376140833323924,0.5342787714284088,0.5186865372165712,1.323348493420844,0.533992626970798,0.502183828258375,1.2132442314174774,1
0.6068319315012776,0.5533450260138961,-0.6343189660745082,0.6728573057466545,0.5863884049079533,-1.1075715720215038,0.7333227008937897,0.593171851257536,-0.8495298427458483,0.723627853908551,0.5954092288528983,-0.6962135973176151,0.7208850298024476,0.6018904792253521,-0.4387243476448359,0.8100681574788521,0.5687061754127363,1.0417252748581276,0.7605258587414371,0.5539985038987242,0.7338748727479714,0.753058120087469,0.49379664249623595,0.4049998164706787,0.8076433881854301,0.44296065276862745,0.27288248188872655,0.7357076016517783,0.5556568499610832,1.6367526704981759,0.6839594511342156,0.5307349719328311,1.1659376676658613,0.6793355349002472,0.48588575528492567,0.808686084907418,0.7284889229315177,0.4526947676891756,0.6255225449918488,0.6668986986320964,0.5513278808592207,1.7160338796310286,0.6074001346125092,0.532720406015673,1.213851874922871,0.606430260947727,0.4908572562606868,1.0035274443756752,0.6504237090692424,0.45668527181150614,0.933722669747483,0.6110745531397331,0.5554059231918201,1.5320338937459552,0.55934832370037,0.5494554141785165,1.2209005148935226,0.5480844449604705,0.5185143554847632,1.0997283850743635,0.5679705085037147,0.4921204492129172,1.0527358999790162,1
-1.5783293848221434,0.3618233495213659,-2.3395037210521186,-1.4845560879753468,0.4212863914945286,1.0877849928262775,-1.477171681914569,0.45712575989510146,1.0106398061616977,-1.5092962095630265,0.47370092266615293,0.9155658325940845,-1.5333104439029268,0.4803307457453961,0.8334420163275896,-1.537697496076018,0.4201381614785947,0.032129802786295514,-1.5881979928178487,0.45422105214120323,0.007653489852080601,-1.6139898710054907,0.4929117273730147,0.24123465520635579,-1.6208312343220854,0.5205970197384712,0.4095708098487434,-1.6419051319708042,0.4177692009579379,-0.3543427748960277,-1.6888623242988414,0.4638639654134513,-0.29609468737284217,-1.6836687896195097,0.49623902460749864,0.02674535502742235,-1.6662408492039278,0.5086216477688595,0.25343605935592317,-1.7222396417167338,0.42113442774132276,-0.594642226693164,-1.763764746833025,0.4743073523192228,-0.5024662442226128,-1.7388276142268788,0.501335392454614,-0.19096092169923606,-1.7014924874451838,0.5081547432800246,0.061941561117432285,-1.7824602868801096,0.4275897064654889,-0.660634395501229,-1.8388714071566536,0.46717696181036156,-0.5411370467194954,-1.8210848180866905,0.5022071561127168,-0.4226844688623106,-1.7776500971005513,0.5242550938525685,-0.3084503731152141,2
-1.5452512173377198,0.2582857286852763,-0.534710411639738,-1.4435383185828563,0.24422214546038415,1.0960947593653934,-1.3807748880173258,0.24146431444203592,0.9207740400170648,-1.326785167374633,0.2157730090911667,0.8167782697204707,-1.3005109659328302,0.2056908087615001,0.6308617481936619,-1.4451883484951233,0.2554791274782776,-0.41744514607257177,-1.4966855573498146,0.3034030465885793,-0.33777137631315113,-1.5561589082408516,0.35972511247796085,-0.18071005479798333,-1.601506733886871,0.4051901815451925,-0.06681946091580698,-1.5474480706983444,0.2649374430302653,-0.8012180214897395,-1.6379157436431913,0.3235618449255902,-0.6090217705205064,-1.695884684341429,0.39073541028439623,-0.5613459849141977,-1.726905089866705,0.4502511039361704,-0.562742665638046,-1.6311725846631582,0.27397977439226673,-0.9098992719703599,-1.725233294467415,0.32596674934091335,-0.695085318776,-1.7568920215303228,0.3829367027918626,-0.7727654577842279,-1.7609985338939123,0.4375754897452261,-0.8351020298571823,-1.6954232528614572,0.2774833805048618,-0.7895902729372853,-1.7592149967156794,0.30479335676470304,-0.6034089410416558,-1.7881010325382947,0.34498457316422293,-0.6394979995409187,-1.7901323869214714,0.3853659871301934,-0.6973760324528246,2
-1.6410373790744797,-2.3375328839953373,-0.19704528076003483,-1.6067137274507735,-2.3077635622496104,1.9621567070950723,-1.4428302716720356,-2.204057765328173,1.5854555704179196,-1.297618505996614,-2.1250938090249107,1.2001259362315568,-1.2033667392217213,-2.0900639866738797,0.7815369019220105,-1.276195780150197,-2.07956109325312,-0.002037602499586866,-1.060977994532598,-1.9689641420239308,-0.4627747854444882,-0.9027748547452268,-1.9171419207315257,-0.6410841416177945,-0.7572165041962368,-1.8844855250702681,-0.7512049741356361,-1.2687069096702621,-2.050371160838047,-1.2364505991640258,-1.0556083487717869,-1.934072627818865,-1.4775879477271452,-0.8855655978573193,-1.8904468383589237,-1.6697393352470298,-0.7228940627049117,-1.8619760260523057,-1.7421768833373508,-1.2922539069399421,-2.0251222830960174,-2.0595932894404374,-1.1044257885621112,-1.913952608291451,-2.0490980372022185,-0.9482581344045201,-1.873187678560028,-2.27198882613609,-0.8026862162350661,-1.842265003686338,-2.353246376698656,-1.3347952467418327,-2.0031768079327885,-2.299293145408255,-1.182509603378602,-1.9139730600241607,-2.321430864471033,-1.0704351572159663,-1.8793734729590479,-2.486535406967849,-0.961102411150919,-1.845751999563173,-2.567715767001822,2
0.7696499318108598,-2.3057923296082117,-0.2250785269765833,1.0963861593723454,-2.3090470125346614,0.9976806257059461,1.2705703372829233,-2.3171956581048985,0.7279348811587554,1.41124627631532,-2.330870014015132,0.509593464581506,1.6113906834425828,-2.3239142403323974,0.18920852085597817,0.8243138391143803,-2.243423636788283,-0.23489887790142794,0.7466465374326019,-2.2406180861834923,-0.33251870016432666,0.6992605943548219,-2.243644782659124,-0.44069088760891795,0.6378848177105136,-2.2424472279968515,-0.571256762678687,0.5844599169412242,-2.2189546879794593,-0.9714296195532881,0.45912065153724313,-2.235459415161795,-0.9162393215380067,0.39294211730543094,-2.266572049791814,-1.064827904844323,0.335134744538733,-2.289096568829486,-1.2012437547408277,0.41795290322140644,-2.2045784062269975,-1.3909778008175067,0.30613823811693097,-2.2417254631003467,-1.327786084491602,0.24161442443025244,-2.285818356314748,-1.5315470028093217,0.1823924677890871,-2.315118044425042,-1.6593708387174575,0.3071657895904518,-2.194699160264015,-1.4508491512094916,0.2042577860180943,-2.2289078308293035,-1.5520861477641434,0.14620103337577614,-2.262002604651992,-1.7174123560765229,0.09471949666564101,-2.2896584798598036,-1.8100131957136798,2
-1.7470818293740533,-0.6753069561473604,-1.8611023590624307,-1.6404764458045669,-0.5975262284838833,0.5254060973629799,-1.581285685454311,-0.4963457710603728,0.5995378860600599,-1.5825768552101598,-0.41702518220056006,0.5367954671201295,-1.6068280566804645,-0.3605750816172244,0.566857882676789,-1.6200029724617897,-0.35710756390093795,1.5105500132665288,-1.7122864859328082,-0.2615784598034424,1.3907393570970865,-1.7521387277609464,-0.2752344824003038,1.2934788390222711,-1.7935823454356183,-0.3072439693518827,1.239073015184511,-1.7096687698868485,-0.3543589594528625,1.5260315891810083,-1.7912217099005474,-0.2676738686647991,1.3825240042198244,-1.83235992481809,-0.27692359291613217,1.235282289897193,-1.8660341560045148,-0.29728809549187646,1.1353577955249308,-1.779371305599635,-0.3621053501166651,1.1707465187973147,-1.8593958299260969,-0.28339205611400753,1.1203004207867844,-1.890275535809775,-0.28606166261319815,1.075156995725562,-1.9059706831473204,-0.3011727863341613,1.0442164029016237,-1.8376178958162575,-0.3793165481586358,0.8006549227789143,-1.8892305522892407,-0.31256686658655736,0.9122016266090288,-1.9121233573793615,-0.303439378760909,0.9077056728317954,-1.9254890603565622,-0.30710608718829296,0.8831396399931327,2
-1.9384122322604231,0.29899024668686885,-2.7219409571974955,-1.947523517453268,0.3898403721231369,-0.7818650132816658,-2.0185909429752478,0.4271456364158398,-0.7174865555087138,-2.105261343522712,0.45470970265332455,-0.6938422279319755,-2.1645671373947617,0.46749407588227637,-0.6037261176835825,-2.1393204029092936,0.40072619969252965,-0.2424814163715772,-2.164441330962884,0.43339163402431086,-0.2932499569165438,-2.1631142551794174,0.39094779925662315,-0.2899639772008277,-2.2035717872886904,0.3410157029974475,-0.2757039492001772,-2.166004669611738,0.39100083597881263,0.039802529489822665,-2.2157587149816114,0.42048332726392884,-0.24953566985983275,-2.208786276653256,0.3812938296035155,-0.30706486180468356,-2.234596434940795,0.3370397258852747,-0.3103417409479239,-2.1629239739615644,0.3889852031457585,0.25081059225294033,-2.2341491025200853,0.4227622455009159,-0.17708323005604856,-2.2145794001148347,0.39400240984415247,-0.22318760395855974,-2.213156868496162,0.35015922923334947,-0.16916062569425488,-2.1432764734352467,0.3925912247278122,0.3633268377526346,-2.189491758629854,0.4198203338314852,0.0456139269317815,-2.1742069429123068,0.4082279828371785,-0.06107401214490486,-2.1679070262036353,0.3793295388914703,-0.08996565513137483,2
-1.8603648392354302,0.3708836960171026,-2.3324114759308388,-1.815808191427728,0.44352448966042696,0.7900903005262767,-1.8602413787075525,0.47846728836476676,0.7807080890823098,-1.9540868862468312,0.4926151471146245,0.6675252825979331,-2.0223994843051023,0.48863181336374883,0.6197062862114698,-1.9523362994451279,0.4316497029183633,0.6162782048176766,-2.047557111603626,0.4652749589802241,0.44059953901961424,-2.0670222958475044,0.4194548287259749,0.4169882096573131,-2.1254553730763472,0.3662418187753216,0.43526281476560164,-2.0193389920313467,0.41598072239032746,0.3549014839311478,-2.1161013621526386,0.44480048861742805,0.2524523315506929,-2.1327048524650283,0.406939293431846,0.30327780857456776,-2.1858081060837415,0.3664860315771584,0.3431022318399083,-2.068643752764579,0.4082112768720765,0.05038044536423691,-2.1587569609780317,0.4425016109158001,-0.027987647002712297,-2.161282106645883,0.4110766169999223,0.10074865702451309,-2.1934275566480825,0.3700583087439252,0.21196897054146518,-2.101489103298119,0.4083221647123144,-0.12391946295877702,-2.1617423822342086,0.44167814953444196,-0.06690454846342064,-2.154399392892991,0.41883676157129757,0.05786560863347769,-2.167291927542282,0.3808258200441688,0.14616261624186067,2
-1.6900049062804812,0.31133828083742754,-2.0842272521513707,-1.589251551564238,0.34996251737403905,0.836989568018312,-1.5661393726981916,0.3883561448817655,0.8776300230904883,-1.5730548607730002,0.4098746573999076,0.9304744804369883,-1.563410605430193,0.4251798170481208,1.0145856845192824,-1.646950595428635,0.3665200081482203,-0.3897536613442191,-1.6327471863871084,0.4232111062830553,-0.06221611980765543,-1.5964662503744849,0.4277661662053381,0.6139610696296258,-1.5906393428690968,0.4032132095107983,1.0860959596528876,-1.7329436424690354,0.3702470439984715,-0.5566576061682504,-1.7098460140828229,0.43093246096014276,-0.4610411535186471,-1.6545908394821696,0.433261060911716,0.12238940010413346,-1.6281921179642893,0.4146647508744129,0.6270120507505311,-1.790823512023938,0.3822460205231985,-0.5113445047357076,-1.7599242538151985,0.43908281724992876,-0.3718154786371288,-1.6988411940828076,0.4422272311335439,0.07252940662568504,-1.661532333406831,0.43089268772719574,0.46705660524398884,-1.8296502079574628,0.3938535186308168,-0.3696570328912384,-1.8011625096305868,0.43362653014579405,-0.20484068976448272,-1.7499496844046383,0.44067443816901647,0.02191900572739669,-1.7170649854596205,0.4317156975176191,0.2564380343500532,2
-1.6728678275177835,0.34453382550969763,-1.0846877681731124,-1.571155186621772,0.39063067076633934,1.4060003223376545,-1.5768012875990212,0.4186042829996531,1.4486070057018146,-1.6129604612523982,0.4263266915629169,1.5115288528117898,-1.624553683373534,0.4333080721791068,1.548787853923321,-1.6525208289674367,0.39960209616812403,0.29620540632033543,-1.7190756327131016,0.4300918970618515,0.6474399110725441,-1.745466923928128,0.4605143103297111,1.1208668268776114,-1.7486964024016294,0.4757504337522658,1.4193993829825822,-1.7539794258526389,0.3959091674163523,0.08293615178904137,-1.8159405890815095,0.43824213073026436,0.31714134822754775,-1.8289885752734352,0.470063332843971,0.7709399573431269,-1.8166112555716338,0.48530012714721305,1.101019691918791,-1.8203950651216023,0.3950616386533142,-0.005839308645674198,-1.8859106071274954,0.4390871910828848,0.22001687653768506,-1.8908637806375406,0.47102503247143535,0.6098073945990229,-1.8688367514222635,0.4882995833410716,0.9090442253932206,-1.8545069956248563,0.39280910875376807,0.007840833491104949,-1.8977998581541458,0.4245443486684117,0.26121180082496254,-1.8955724290800475,0.4616917350384134,0.4844893120663768,-1.867315893808948,0.4913716506413381,0.6647194323862698,2
-1.6216164455083375,-1.889565702096283,-1.1975661563235858,-1.5446304760364298,-1.8121972291688844,-0.22356853818881817,-1.418833563148708,-1.7948259735075733,-0.42686659308151725,-1.3381112744822328,-1.8310716535061307,-0.5776591627037545,-1.2911800129949704,-1.8677103805527784,-0.7909443270756953,-1.3963747657914356,-1.7096784352967322,-1.0874591101957203,-1.3553758493918173,-1.728047181580169,-1.3266377042518642,-1.3726094555532455,-1.725810025161446,-1.4849801132089675,-1.382470633138526,-1.7203207997178844,-1.5878417291072198,-1.468175038248896,-1.7452748536565994,-1.3947752224390453,-1.527502412102929,-1.765491338003903,-1.58440850702603,-1.6101051415761243,-1.7849742987694488,-1.8076169855019621,-1.6668293065736106,-1.795632989858394,-1.9773678638016774,-1.547812679391355,-1.7900724302900854,-1.4084069382649902,-1.620518169691618,-1.8124302851274305,-1.5408403154355803,-1.6882803542119953,-1.8342981011169506,-1.6200223937232563,-1.7273716369814962,-1.844653977413604,-1.6879666993747133,-1.6263810201282112,-1.8424252705119266,-1.2433912439326649,-1.669657945779462,-1.8600980125064772,-1.438098199716434,-1.7126696759378528,-1.8728516263006199,-1.557813230664682,-1.7383158016084337,-1.879613223685974,-1.638635967120646,2
-1.7147033646810816,-2.374755703782209,0.08819179775091511,-1.9706619993453514,-2.3797650240817543,0.9509140554436752,-2.1234651728180705,-2.345740867824619,0.8178596876601314,-2.2825206095705135,-2.323930128616946,0.5888755922131161,-2.4653291515394034,-2.300489177875007,0.32558614967601446,-1.7618448641180646,-2.265304582397034,1.2528453966195205,-1.7046156191673185,-2.2115556609919493,1.3021299884305928,-1.6786173830781652,-2.1847308513171106,1.2063287192050791,-1.6439081911454139,-2.1590299057743665,1.0822948499008196,-1.588601184088274,-2.237404630694518,0.9479454910397536,-1.5344404769529794,-2.1913092196976933,1.2351728750436581,-1.506151578401567,-2.1837209987218906,1.238783439655857,-1.4621218293706557,-2.1749228179959186,1.142912042305894,-1.4755546731748355,-2.2250706361692445,0.4565478080211076,-1.4306456528280596,-2.190223065474434,0.8044286746913349,-1.4066089002022029,-2.1887071590308227,0.7745073387348029,-1.3835967215444824,-2.186311603162955,0.6911245907679493,-1.407210019825381,-2.225859299526021,0.058075133336524906,-1.363186610701612,-2.201871918116154,0.3878093459768953,-1.3432755502416949,-2.204131794801389,0.4621099780508431,-1.3340342017260658,-2.2066105331165184,0.46358161851796437,2
-1.8678305396700543,-2.3163288279442056,0.692534367006273,-1.904355604967336,-2.3090946089397724,1.957701292673144,-1.7922048245800675,-2.281578973684188,1.5800267915143276,-1.7308913366398138,-2.258203156964158,1.1393061803474451,-1.747209494153657,-2.260302491404402,0.6900686296757568,-1.6513384178843433,-2.1873722938894034,0.864773103376957,-1.4630005523206266,-2.0958885454834513,0.09390368939157516,-1.271889958863621,-2.0567981329307505,-0.46451284270588566,-1.093545573797853,-2.0188237953458104,-0.7739236816261802,-1.585927081225744,-2.171305603204855,-0.30349340271637987,-1.386531382809413,-2.091188288452587,-0.6245837592691739,-1.196173189518181,-2.0694413413200015,-0.9249637350609077,-1.0040674147949098,-2.0484575862625563,-1.1184369239626257,-1.5290402569110138,-2.159332613326672,-1.3089438516721188,-1.3353132794024585,-2.1129680539719615,-1.2860531139681506,-1.1669700512929257,-2.1026902505929868,-1.3190150083732544,-1.0077542042644585,-2.0880330287129913,-1.322056282072809,-1.4801810376832445,-2.1428705709687903,-1.8223144355311918,-1.3252216416883196,-2.122509760084718,-1.5851389516959633,-1.1989170297382876,-2.120632661303572,-1.495390014757736,-1.0806851743259493,-2.1117256469852146,-1.4618276729424071,2
-1.5931771636234857,-2.1659688657406195,-0.3963553261719336,-1.844451201101582,-2.198255306863272,1.6394592483730315,-1.998432859282724,-2.2047945804881133,1.6737633479600875,-2.1577058388322925,-2.207092834234494,1.5528210096933146,-2.358076347508766,-2.186169364190214,1.3467089170723643,-1.6853441527532678,-2.158661476696782,1.8004578694628086,-1.6359337107609238,-2.1398093886894602,1.7713963486639788,-1.6161198999948096,-2.129192335773573,1.6928637095017502,-1.580549199962891,-2.117586045201344,1.564112077322903,-1.5034099138578956,-2.142300545810914,1.3587450784542174,-1.4571092880942405,-2.138169025192304,1.4194070584020717,-1.4310771681677825,-2.1516923686455365,1.4306469269569573,-1.385477011314128,-2.1597581486247606,1.3727638265722553,-1.3802383370788296,-2.135073394528146,0.6795149340158629,-1.3276666470733027,-2.1390007217998535,0.7798107398207,-1.2938739798769687,-2.155220805296882,0.7348462448221759,-1.2632914986263197,-2.162132122202082,0.6935165953053909,-1.2949605785988747,-2.1390211909470684,0.17971379583493566,-1.269858828081607,-2.154624506584165,0.31132927211468053,-1.245516834623074,-2.1788420069284062,0.30800028647037575,-1.2254747649032844,-2.195297489530513,0.2838410275918603,2
-1.7776824500093718,-2.1349065480862657,1.1008821927363888,-1.905965296991191,-2.189621847825025,1.5933213137478384,-1.906893916395497,-2.217057375686654,1.160639253834019,-1.9230922097839587,-2.2281937883031655,0.7802586752806677,-2.0400608935787288,-2.2311957237325943,0.3882480972550279,-1.7295814897877824,-2.1184791475165863,-0.017380418213200657,-1.5488167659459666,-2.095713595330086,-0.47857248206216296,-1.3860887239231778,-2.076196168568204,-0.7276274712453465,-1.2322418432620883,-2.0507748142578164,-0.8293507942269374,-1.5923505094032024,-2.076164315340952,-0.9942358545650621,-1.3928184420929226,-2.061407745046667,-0.961537305168876,-1.221245762158715,-2.0645490282372565,-1.010825509139685,-1.0635351923048462,-2.0613207977519306,-1.0708570673705318,-1.4850998670696884,-2.042939566506835,-1.6371319095353838,-1.2951701354649514,-2.0414063579146453,-1.3285215733290943,-1.1535315693017056,-2.051322317262514,-1.2131359201303018,-1.0357327938308334,-2.0523823830668575,-1.172042626620006,-1.403653824420779,-2.018440444019517,-1.855827812528994,-1.2582344471121771,-2.031870062391049,-1.4563538730199743,-1.1609327089439838,-2.0482387197174248,-1.2736837718650826,-1.0752310186616567,-2.056466154789319,-1.198381759450328,2
-1.8714430130035677,0.30521636742305597,-2.7356457193974846,-1.789052948186978,0.37359247985885236,0.7083155009591875,-1.8043102321238642,0.41527645958074594,0.7356057770278399,-1.8368865933521104,0.43457022027097203,0.6693894863922104,-1.8478899960716235,0.4391132525753378,0.639013602008018,-1.8894149165632956,0.4155652405781445,0.7339353039186696,-1.9750142795616117,0.43382558023507944,0.584449105584248,-2.0218389649513537,0.383830045737507,0.5098068522498412,-2.093987928102284,0.331702494535362,0.48399378067192167,-1.9687210483285684,0.3947613460535971,0.6052539624627458,-2.0505431234081706,0.41421314722142594,0.5243849343092629,-2.0772737283287035,0.37782593826731103,0.5324124334516993,-2.123924846406422,0.3386521999548695,0.5385351440516549,-2.01842939301384,0.3746953278770959,0.37697468260514927,-2.0638477246690448,0.3898316571749173,0.3302705057283692,-2.0765223851667187,0.3590155119357684,0.39994597290951345,-2.109752896321429,0.3244617623927237,0.4445079655628569,-2.0499649983623245,0.35947600636711424,0.21624092796770425,-2.042347075455637,0.36097284441111055,0.3085910187439945,-2.0369602490478145,0.3364986627358101,0.40104552399703813,-2.054041310175558,0.3092862098711111,0.44472204357583195,2
-1.863062137100192,0.3385883176639967,-1.7832718671001713,-1.8129301212920146,0.39686679142769493,0.40828875432839323,-1.8334474715220137,0.42800010189867066,0.6875407377096219,-1.8706206943537391,0.44323291616693383,0.8168470559152301,-1.863125174103064,0.454336053943412,0.9287832126132027,-1.9047609897654663,0.4405917087374439,1.6475979065367827,-1.9240973780596087,0.4448488115660977,1.7726990666637574,-1.9130941760228173,0.4204248271934661,1.648298976231182,-1.931258713719306,0.39693925500068916,1.5194458188248063,-1.9478153586538993,0.4298612637604238,1.9635691373485396,-1.9732249726443416,0.42793096248960355,1.8766908022479503,-1.9667622702548433,0.4042350575574558,1.6418680704269801,-1.9743519150601518,0.38311394364368156,1.43462267851425,-1.96716683879963,0.41645480351356184,1.8798968442594546,-1.986795293628831,0.41800505895049744,1.7075189167286982,-1.974147332178549,0.3998290487994783,1.501058539156065,-1.9750416625291547,0.37820225216758024,1.341899167500092,-1.973267706189205,0.4100219468042776,1.6434893168204727,-1.9839833253150023,0.41233389610517895,1.6081279051613306,-1.95663408633007,0.40566724314273594,1.5174837860816683,-1.9455543370306876,0.3929810975243933,1.417249661244773,2
-1.8790098377993794,0.3617436824903533,-1.9598566805259752,-1.8341427136465005,0.41811660312635135,0.38149666942437044,-1.8898645512066325,0.4550035521574488,0.536699227539425,-1.9615174194228946,0.4701819196164858,0.6745139355064268,-1.984860894965943,0.47861132745506124,0.8043197327231713,-2.0179426022816718,0.4370770408632511,0.36382484043626034,-2.0686140025937227,0.463504508319163,0.6553868951814573,-2.0552619161714887,0.4391356697975093,0.8297858408418143,-2.080929076555307,0.4073493335070221,0.916311484872236,-2.0595022441406714,0.41712936440705983,0.569272020916672,-2.108905682530746,0.44441283567981404,0.8308391114277721,-2.0969126717689544,0.42740677684270956,0.9533843439879832,-2.105831536633441,0.40698854093312975,0.9568373854290891,-2.0731591718882543,0.39869017214340735,0.7061661091099696,-2.1099705082753037,0.42890876722560484,0.822581771190813,-2.087908457388502,0.42070691095655866,0.8949079773279506,-2.0819784125955056,0.4010298887139227,0.887198516170684,-2.0713281917319213,0.3879124519599189,0.759772043312167,-2.0808237922713295,0.4054096809749194,0.8313788530741587,-2.0485896303996327,0.40621848957949347,0.8560086121577924,-2.033634358834064,0.3976633915800673,0.8332094539616928,2
-1.706736320778875,0.32480876654993107,-2.1698734570190386,-1.6278128475060019,0.39573968211221167,1.017413696773002,-1.6474806271292346,0.42592081251860314,1.0296385837248585,-1.7026870072507518,0.44289908341317,1.0191612090493156,-1.7232634120494066,0.451113562766774,1.0243807779205014,-1.7585902410355803,0.4115002702007545,0.5847512372290526,-1.8145422133129898,0.4391020170059019,0.9048495157202233,-1.8126647125630704,0.421980982223047,1.1767053210887848,-1.835416167836375,0.39703899199607323,1.287577177430698,-1.8464272164659594,0.39076476118470926,0.47679564025172566,-1.8898139852522147,0.4184060973706279,0.7300447853288384,-1.8779308045082959,0.4021273586955307,0.9360723639666176,-1.8871499512452927,0.38409557599494326,0.9921941923181387,-1.898377226233426,0.37308707268797436,0.3793754523644163,-1.9317359379092025,0.39852220597427024,0.5834835536566422,-1.911740469524972,0.39038339828950747,0.7588693640138156,-1.9043594422221255,0.37543029977576914,0.8095976709542504,-1.9312423764232003,0.36079707161922525,0.3292051815666741,-1.9410688263981861,0.382433607218486,0.5595221576639539,-1.9095089269813563,0.3810865791098301,0.7013623928558135,-1.8902064113207633,0.3722566165666739,0.7406868422147732,2
-1.7263256653003807,0.37270892460262256,-1.3885178610772562,-1.635368846816642,0.41250353262912653,0.7562881932827756,-1.6491643729906325,0.44348762641940165,0.901935459985961,-1.7453985433350974,0.456878920646974,1.053105032570045,-1.803113186169425,0.4636924649960657,1.1644534977199412,-1.7465949975919464,0.4415209931532202,0.22551189709639902,-1.8088139465809658,0.4678661665261354,0.5784039814304084,-1.8131766887842706,0.48645965433719596,0.8897700745100318,-1.8009529324058062,0.49057334126814456,1.067130630381015,-1.83493711027426,0.42928543821976606,0.3080204624744728,-1.8830296800042066,0.4548202298269748,0.5916793495306119,-1.8793744967707275,0.4721551273146697,0.9054118324653401,-1.8580859715828135,0.4777457733443013,1.0775702085651024,-1.8851267233597129,0.41784047150432757,0.398562132375645,-1.9182056049209053,0.4407003635907877,0.6026483442969744,-1.904155534893943,0.4646550864977018,0.7970458793286073,-1.8712313174648714,0.47623374765604654,0.8999916639760689,-1.911704420143559,0.40987401501823395,0.45849903624179095,-1.926280302838934,0.41943242714081563,0.6446404831656257,-1.9037946172680142,0.44525367755019246,0.7254312064345994,-1.871597570312593,0.46603435992421777,0.7550501177268458,2
-1.6044766441666856,-2.149860832251379,-1.468946915823072,-1.5099240987196407,-2.096138376554012,-0.38339145836541194,-1.3896770837597592,-2.0806748404161572,-0.6025072314864491,-1.2898741237269593,-2.0839641405608766,-0.8141629092501883,-1.177227551297133,-2.094750371111823,-1.0960805299855039,-1.449235235771643,-2.026974005710141,-1.34409719595029,-1.5222365013041086,-2.0325333962887324,-1.8670581028292739,-1.5980052976749648,-2.033625853318554,-2.22662005474474,-1.653119799949206,-2.0387045056715514,-2.4411285410109107,-1.5166556695348465,-2.025412884981265,-2.0898530062819662,-1.6114304273966595,-2.042747042402137,-2.2582588504630325,-1.6911521530212654,-2.073724026852887,-2.594872233050307,-1.747254487051055,-2.1038900162857432,-2.869479560023124,-1.5982826583123682,-2.0287179438834753,-2.4488239861851957,-1.6886872349687712,-2.0490995441578765,-2.620392630794398,-1.7513083642762948,-2.087204356482883,-2.9010267373362852,-1.7847005544653962,-2.1258166597260786,-3.109587040923982,-1.6819636377834455,-2.035895248014641,-2.425000971845265,-1.8044586396845033,-2.051207291622734,-2.749818759285269,-1.886381811441742,-2.080078300668383,-3.0075714085713483,-1.9504557465006684,-2.110760631181104,-3.197606675806079,2
-1.7965366982130113,-2.1313919516556132,-1.564602383611268,-1.8292517435935218,-2.141747631751931,1.178441789616083,-1.7116390897781233,-2.0892909257976493,0.6985782843964039,-1.5519001847825165,-2.003426224318953,0.1398021454309536,-1.4362320535378035,-1.9164082799030915,-0.3114178409625723,-1.510975094267858,-2.0430979510253904,0.8208941031606432,-1.3297030377523438,-1.8799636446530978,0.02900694270367852,-1.3277847678983417,-1.7697757555999396,-0.5461098612496977,-1.3789191238231568,-1.7034985326472698,-0.8952021011253433,-1.435665153893304,-2.009940411671094,-0.1546600833540605,-1.2711213137922555,-1.8521361434654695,-0.6634055198115228,-1.315216521450435,-1.765733288605091,-1.0372640372837718,-1.391253316874807,-1.720418802565105,-1.2195563455525973,-1.3860197724894245,-1.9790610800209896,-1.0539589568348384,-1.244169544483701,-1.854090014896512,-1.291250100854594,-1.2647289608178596,-1.783700864474135,-1.288236074521549,-1.3070441598352458,-1.7479206189777987,-1.213812892010286,-1.3702614135521394,-1.947346463142427,-1.5423563775407272,-1.2284926132495806,-1.8549971202259807,-1.5665436021755166,-1.1707066880778632,-1.8035887432836577,-1.4788130879600963,-1.1250931911733164,-1.7699970087495487,-1.3811427059032655,2
-1.7724418744607326,-2.0714330859243666,0.21418640382922333,-1.8629700597432597,-2.121258040412691,1.7158463005651856,-1.7934391439897415,-2.092318020585086,1.2905554890547215,-1.6482014535974236,-2.0297573175173667,0.9067817926849168,-1.5221177254433726,-1.9637082449567433,0.5124375109925478,-1.6207362712737277,-2.0110148232595524,-0.2061137445905108,-1.3830548653147883,-1.9349190666341427,-0.5256921666735478,-1.2104595693661788,-1.8846374243657449,-0.56294689345847,-1.063344474527515,-1.8434619931529708,-0.5675517019329219,-1.501394897735271,-1.965820412549708,-1.2567392715992585,-1.2360470401263786,-1.8929924136782401,-1.2522015352934566,-1.0400430825248443,-1.8569783715106873,-1.253271412281191,-0.8703041375348404,-1.8265833588407046,-1.2218614599964908,-1.427463978786888,-1.9208429664885767,-1.9106879239180177,-1.1777324087511867,-1.8728905499315975,-1.6921044856059733,-0.9916397454063511,-1.8508536625365728,-1.7677099797605194,-0.8387458341107144,-1.8289718042012086,-1.7889049236004742,-1.389991321418306,-1.8777444144641184,-2.064410768197619,-1.197624934221704,-1.8568247471721728,-1.9097931802488157,-1.0723572058106916,-1.8507225652336878,-1.9398943598724134,-0.9599476266092989,-1.8426158626986209,-1.946062393422189,2
0.8481496618822443,0.25335170760832415,-0.21207134059612615,0.8714831652296553,0.30287017141407524,-0.7060471618863319,0.8962508896383768,0.35558122597710135,-0.5881028828789572,0.8717043504294891,0.3861972705297065,-0.47615325998581465,0.83777692245584,0.41062240971537334,-0.2683047494132611,0.9422845046937928,0.38267933785977776,-0.06375058755063513,0.902797398907956,0.3995173937807162,0.022287383354186546,0.912111719625105,0.3427171453295556,0.1170144448107748,0.9843890671197408,0.2943539510762477,0.22723779456427973,0.9204677540962484,0.3711905225209078,0.3666876747116658,0.8756221438484176,0.3721569274577302,0.5377942250184302,0.8911886890976811,0.3317496934694089,0.4554383244963003,0.9517448370724227,0.3028032384358643,0.3289171146116133,0.9001582054474565,0.35794724304861897,0.6602119966363849,0.8388033499979587,0.3527214855329885,0.79081978234435,0.8560808322960022,0.3182469977206976,0.7019960188772406,0.9072614886172321,0.2944127443957726,0.5648476767041124,0.8731318369846769,0.3502434574567443,0.7733777616006818,0.8183045668764264,0.354861296487864,0.8989586836952592,0.8115754209562916,0.3278747420269789,0.8955727401157895,0.8454406720388052,0.2988106626136698,0.8345080684890003,2
0.6915196945976619,0.17377323503648573,-0.7418861405066992,0.6988716152388936,0.2506479906810029,-1.629610868503262,0.7144635632466994,0.3120244953389577,-1.1626130822027416,0.6833242262674142,0.34088107248964067,-0.7998623980744363,0.6465320509299592,0.3574193811619591,-0.44905537561096864,0.7911442599645087,0.3451647735703291,0.29814147184180967,0.6436270735233932,0.32112151928413407,0.35801742475868414,0.595907928592508,0.2746524036256486,0.21989060220592133,0.6014922737270487,0.2446657380718381,0.11719372838297056,0.7532082834304351,0.3259251639986984,1.122844094066913,0.6090542471077001,0.2915416123037074,0.869177619602279,0.6001100268945053,0.24566167058974306,0.5592320298991976,0.6346024041915261,0.21788016937422863,0.36604360540445485,0.7087633517050556,0.3041872808745143,1.5621615909317859,0.5678037173454793,0.2780920602255957,1.1276416791958583,0.5708687935821307,0.23821999857356058,0.8414715948264337,0.5996464051847373,0.2118943945112011,0.6997941121447786,0.6659448003687436,0.28595964249355876,1.6397174287734626,0.5587895504242355,0.273955850880581,1.2941592562680284,0.5372926686897439,0.24564922355459665,1.097959693133959,0.5364833552488215,0.2264946180693789,0.9926009435816717,2
-0.35378104637033275,0.07250896983536173,-1.445137451090853,-0.5597873475098973,0.07101188611789212,0.9494732920464516,-0.7664049818460432,0.10437587723419509,0.5920502277855025,-0.891763303537684,0.14550302117899844,0.3885624821655716,-0.9580718465690637,0.170587711613923,0.23636336898785135,-0.6942947985588885,0.10723216887743126,-1.4524767781326455,-0.8227990137735914,0.19810500096808456,-1.509155384552598,-0.8284291503803916,0.14420634258666581,-1.304356994783583,-0.7899968755970894,0.09120248434769318,-1.0669137459571847,-0.5504767790292802,0.12758130425300968,-1.945251727061217,-0.6894415458344516,0.2125571388117937,-1.4607408879013901,-0.7126554634180187,0.16277923893251525,-1.0089813291380891,-0.6690522183443212,0.1215152207592633,-0.7966434206806918,-0.43514958045781127,0.15006472889557645,-1.9001839544912627,-0.5498589319460615,0.22517562813342565,-1.3596952902023443,-0.563405958753563,0.1731845296782972,-0.7852658665327797,-0.5200083614670661,0.1324875580493253,-0.5182203536621115,-0.343450530346739,0.16816465751365592,-1.602781347573195,-0.43977069813608305,0.21712160256490187,-1.2795670895593272,-0.45209501016151127,0.17161213845705742,-0.9083609022248941,-0.41398226308897085,0.13860672161334564,-0.7083629303908722,2
-1.979159904661249,0.3944391742804642,-2.999033855509975,-1.9353712172620285,0.4743851393550677,1.6189963289146765,-1.981314694136329,0.5017065285477934,1.4932571923392277,-2.045657035861175,0.5138119981858343,1.3923354327991448,-2.084075189080303,0.5031802502773047,1.3465645757596456,-1.9906190195853688,0.4796771216320962,0.09203076609768912,-2.1215239991063166,0.5035225789663689,0.3061892045086687,-2.2066114430688937,0.45212151521677085,0.8017217695008106,-2.277286864807929,0.39496086153643206,1.1004748099007111,-2.0685804868389566,0.4653906570486436,-0.34897274798490113,-2.203192689025229,0.500428310258905,-0.11818364619012532,-2.262566226016172,0.4630791029490567,0.34394252956515897,-2.3170636727641454,0.4236561834304542,0.6084486907784559,-2.14082616428745,0.45419795920172273,-0.5466252554463867,-2.2385794738153306,0.4952014096345001,-0.2759896066538978,-2.275014330938373,0.45708192288590244,0.1550794637967441,-2.311519794169985,0.4156666506372196,0.4046325454569479,-2.1973095251395267,0.4415970691288774,-0.5420753442970527,-2.2370740297798397,0.4757531429513019,-0.21372769900920605,-2.2479639121453396,0.4450007028519207,0.07416198935999846,-2.265772172327948,0.4048205372942856,0.23906321423830149,2
-2.106776903781164,-2.3188650136502353,0.4541205110561167,-2.3933418290086124,-2.3540745338923306,-0.6529355635628076,-2.5747490236535997,-2.3485298107467143,-1.3998053339790193,-2.7574065044704907,-2.3539575648291406,-1.9647140943362496,-2.940534277929362,-2.353212420919602,-2.391472473584959,-2.058387090866293,-2.2304402957291147,-1.2604858901027334,-1.928718639523874,-2.1825231631252864,-1.3800800376457374,-1.8488679285620881,-2.145926561764631,-1.4671352069409158,-1.7688864376677043,-2.104789859765063,-1.50370778757898,-1.86770430931598,-2.1808254628915194,-1.5565991249886784,-1.7628260879549575,-2.1444578255725575,-1.1824016376048292,-1.7101676838936473,-2.1278611064902666,-1.112313202192595,-1.6499169214709675,-2.1043694463013276,-1.134559242101918,-1.7554494816937354,-2.1515272965262553,-1.6024565491263736,-1.6711262067339894,-2.137402857707297,-1.1702789929670319,-1.630599013878518,-2.135337994261969,-1.1332025342646013,-1.579557635688272,-2.1268180259590643,-1.1824688431957529,-1.694480465108381,-2.140091546224576,-1.5173868357816087,-1.6276163819170877,-2.142630738375533,-1.2722001721837153,-1.586004122881652,-2.1502541442063854,-1.226789722697638,-1.5394126956484093,-2.155547866095707,-1.2287284102343083,2
-2.221311522082166,-2.2370483954258877,0.5606439291229075,-2.573881190705606,-2.2888382069325193,0.6948418716016854,-2.7842907767714373,-2.2994309095409715,-0.010235980352875013,-2.9210434727739774,-2.315105936609463,-0.5651936028302025,-3.079600607409404,-2.326293907858817,-1.0163040789175817,-2.246018926836045,-2.2240415946268954,-0.1096551382884013,-2.1656779723738406,-2.195797303378886,-0.19832791372408826,-2.1081259299312674,-2.1724688186092624,-0.27994473567354616,-2.0340336627938496,-2.1460234671708567,-0.34902006527710205,-2.016801959511986,-2.1802415675867532,-0.738397870711898,-1.9413054683572095,-2.1806711333123516,-0.498024031892794,-1.8840428532677285,-2.193046355005347,-0.562002227276735,-1.8005685242478668,-2.1985782922691484,-0.6581754680603815,-1.8680232290901677,-2.147752089494317,-1.1535939026425512,-1.792320217989898,-2.1766380689551306,-0.817772214404998,-1.7265842963301663,-2.2053880503515724,-0.9628255426682927,-1.6640142420388209,-2.224385354317729,-1.0995810962581924,-1.772972070933155,-2.1215754176714414,-1.2885589609293353,-1.6914030780749736,-2.1608427153970444,-1.06535425829938,-1.642026573531334,-2.19494205843234,-1.0931193593261888,-1.5972003722815467,-2.2266709652882644,-1.1304226997560918,2
-2.1799139311907827,-2.0770761080116915,0.3486506429499624,-2.4932028344405985,-2.1591252775764267,0.3329710931754592,-2.6797386934412115,-2.2028895156295714,-0.2987836152404161,-2.8285187854362466,-2.240120595795671,-0.7906644680411559,-3.038383816969993,-2.247735725624605,-1.1975242972955653,-2.1724256964922177,-2.099124702451933,-0.5440118556042309,-2.0938726583150387,-2.0880505790972235,-0.860301277101375,-2.0254664594160805,-2.0681157888600064,-1.0582073548703572,-1.9409832521131027,-2.045032356063964,-1.1684258719072411,-1.9482314943663925,-2.0494327430151373,-1.3158029845294603,-1.8492983301140618,-2.06539337210641,-1.3070379483353367,-1.7715810595906778,-2.085618309343837,-1.4297230743217169,-1.6782716445933243,-2.100030834806079,-1.5131504577752803,-1.8037334491128656,-2.013976626118022,-1.7830285967248667,-1.693624532908673,-2.058511389468538,-1.6345002799795034,-1.612383877174762,-2.098013206795325,-1.7050361602468709,-1.5325967432619605,-2.1246775115226897,-1.7461918579447802,-1.7127607425254197,-1.9887382642496136,-1.8892957520885292,-1.6127527756686801,-2.034990935811162,-1.7364666879683186,-1.5532404349356075,-2.074101872757328,-1.6845342570485267,-1.4973163543865482,-2.1074302541246976,-1.6619414500585727,2
-1.8039113867225658,0.07146760792998323,-3.3889522007106008,-1.6604148294547427,0.08105638024933512,-0.7630871651217482,-1.563312574050137,0.13136642197286022,-0.7279807609225494,-1.5000293474188364,0.1748591783734254,-0.6002512254413919,-1.4453093746509695,0.19633756373914926,-0.3945464475006556,-1.6982620049197803,0.22575432190960665,-1.6367023780415602,-1.6529398364225514,0.283336525861768,-1.2068703411514068,-1.5429488821882609,0.25347486917990397,-0.5746544376849619,-1.511279873314559,0.20317159441741364,-0.17366441760059273,-1.797761499177707,0.23459868614773657,-1.3301188068889933,-1.7602953487739752,0.2978967710688336,-1.2545370391409258,-1.6676009579554132,0.25850263138308327,-0.727166598604658,-1.6561012375077306,0.211133748417186,-0.29839784190501933,-1.855086405228757,0.23172692963403838,-0.728393465107895,-1.80986197463323,0.296801516621479,-0.8015374694357428,-1.7402344219631232,0.2558003311221767,-0.37422156867465667,-1.7276014859009259,0.2090973452213202,-0.0159049421639656,-1.8861744820204693,0.22201870818174585,-0.22045202641304504,-1.8486554718976829,0.2849008990936684,-0.2609745159487471,-1.7904254277780638,0.26522761093602293,-0.07052228101306204,-1.7711169909761744,0.232023620386835,0.10320299703143962,2
-1.950474034911039,0.2346392023864717,-2.4400419504298,-1.821048548520714,0.30818345066521696,0.4663396041043466,-1.7675968763490704,0.364506743712931,0.5625374408690388,-1.7314478472014616,0.3930668314593647,0.584170918400124,-1.6527213862534984,0.40399326993281187,0.6447353162894359,-1.905960248100588,0.39595080900316726,0.5440185016102368,-1.813742062136996,0.40999046112267956,0.7696889187786408,-1.8145000303671899,0.3339202043313313,0.8853845839024769,-1.893305715513243,0.2862728854003676,0.8938919595946017,-1.9717361854880233,0.4031388554040208,0.6604230644467064,-1.874897505496191,0.41069027929385077,0.7349651421673,-1.8801223988451825,0.3440158940321174,0.7962863932594971,-1.9602144021879773,0.30722252208633727,0.7569634725796727,-2.0110994353735685,0.39938217039211305,0.7160036329876913,-1.9329395744795326,0.42845903428400767,0.675161516053077,-1.9287524388032302,0.3685132673087709,0.7944335939761237,-1.9890638257078204,0.32218145823410027,0.8153794550306955,-2.0306570822944345,0.3949119762937495,0.7209776165794367,-1.9599240655053154,0.4108306904273277,0.6469162497070826,-1.9396121080219888,0.3657221409431749,0.704376486843786,-1.981991770608108,0.3301367627148714,0.7235900081164695,2
-1.9736680739690429,0.28670623068623097,-2.920364916062182,-1.8502629562548607,0.33839097191194134,0.10112303119681977,-1.8065302310621278,0.3763396050146836,0.0043326676040828715,-1.77304947986874,0.40064769798176375,-0.05548177989428092,-1.6851209631106023,0.4088288535487789,-0.03375164824910509,-1.977919738346477,0.39887227591686314,-0.3323059155904376,-1.8712446739249087,0.40998996233393153,-0.0942902010706747,-1.8847800717856014,0.33512103971296503,0.10073937793381126,-1.9771380177544213,0.28264302734033314,0.17734411434571046,-2.0392178853030005,0.41068203321097374,-0.24598497146089623,-1.9401945327529797,0.41382149528510026,-0.07862864093927743,-1.9560817461141606,0.34963650589156514,0.06029436592416257,-2.0421453117442367,0.31079947215207754,0.062078592289940136,-2.074456750908089,0.41205821882713956,-0.02321554525032673,-1.9854844064626063,0.4204016621261139,0.003012916372194077,-1.9890597609604277,0.3654967498499579,0.18276445492457957,-2.056148910425789,0.32395003664108013,0.23078684981405928,-2.0888730947015604,0.41390343605087737,0.16968674760511096,-2.0111636539612605,0.4113549831735933,0.10451591320579383,-1.997773825087033,0.3645971319970388,0.17980196132360146,-2.0423738154307016,0.3290336995115364,0.20729245001930638,2
-2.0978495673875233,-2.259485690003966,0.32194628432171507,-2.3923551133628944,-2.3162552236642973,0.07119817965231058,-2.5390534140587246,-2.3303168204551414,-0.45750555079953426,-2.655985442411963,-2.344806767088375,-0.8893647426207668,-2.8220817400908267,-2.3519039269789985,-1.249208212136365,-2.0371205386226414,-2.211972236622938,-0.5005277552151786,-1.9128190336013806,-2.1782108850043667,-0.6732420489058465,-1.8215117656199717,-2.149583816141002,-0.8138113997755908,-1.7274680503203075,-2.115089185194574,-0.8817646753706038,-1.8380593592887056,-2.1596409643488195,-0.9069735180969294,-1.7294287830481971,-2.1425641747138644,-0.6781980242886454,-1.6503885948586687,-2.13907553742702,-0.7055486530872949,-1.552582363339105,-2.12523579588056,-0.7612505113707084,-1.7184544517471625,-2.1247159859578444,-1.126109402224861,-1.618772414874854,-2.1247509026712326,-0.821053066284818,-1.5505701502734464,-2.132552154643374,-0.8627955730071285,-1.48740568751525,-2.1293179279757983,-0.9156268507105438,-1.6530573881590416,-2.104020272348575,-1.1727643350832664,-1.566943246326855,-2.118284347918496,-0.9312156073467791,-1.512436807844289,-2.137201974250425,-0.8837767924168192,-1.4651311062810666,-2.1509372935200877,-0.8657881947179702,2
-2.159070644590547,-2.130853487883502,0.5473470864815577,-2.5131322479485396,-2.190816715911674,-0.03220368819045181,-2.744107315989591,-2.2233896342007062,-0.7269619236322444,-2.9027207132736708,-2.258044440475899,-1.249975430282846,-3.1096721679011186,-2.270116393835825,-1.658399780966787,-2.2275720725633246,-2.154193069553766,-0.7784933147386022,-2.1539660508524063,-2.150102642687766,-0.9625438524372736,-2.0961072231669933,-2.1387540600140458,-1.0808366545403056,-2.0278492593528137,-2.119718663805732,-1.130113962059855,-1.987414324170839,-2.113844369152046,-1.2460483297352825,-1.9149950424182647,-2.1347946200918995,-1.0432714128739604,-1.8670316999548857,-2.156268062001403,-1.0785888643238761,-1.7976908975363215,-2.165959245193183,-1.1302898721072538,-1.830329532722405,-2.0854661183018397,-1.4462033570357737,-1.7587612551659682,-2.1288345189464213,-1.1624280003006684,-1.7083504851874347,-2.1649578383418646,-1.224186867439136,-1.6595937876203686,-2.1847919859848277,-1.2897683356927452,-1.729151673285294,-2.0650681989530777,-1.4340519609684805,-1.6644697319588333,-2.1135932863198548,-1.2544162454998888,-1.6252687123460725,-2.1515591492860033,-1.2434490539729544,-1.586828376429607,-2.182976134054272,-1.2424039789979928,2
-1.7185744830153251,-0.33090851501838464,-2.4660930348744032,-1.6217319880857106,-0.3894340842760264,-0.7629716024240647,-1.43041406427688,-0.39767346568845324,-1.3782070713661585,-1.2175578885396017,-0.4033166361971253,-1.8146952386205895,-1.0405556141706453,-0.43432775752334696,-2.0627398297911372,-1.3931511771205793,-0.20547845813793977,-1.656687526149191,-1.3044924493650227,-0.21357303553997997,-1.4792930326898133,-1.4141455406177592,-0.25590340155365343,-1.3363918265178207,-1.5410574129868162,-0.28670999355162524,-1.2681581840792118,-1.4866787137961262,-0.13999483986723207,-1.8373506648381328,-1.4368615762884567,-0.1504092299426984,-1.380893589737931,-1.5208046688512746,-0.19428437610319896,-1.242795820512935,-1.6271465284641535,-0.22678232763662984,-1.2348060554637048,-1.5829451184325793,-0.10357798023759639,-1.6118666862724884,-1.5504353515939766,-0.08951033254457165,-1.1897718290964194,-1.6118320919659512,-0.13369667272328903,-1.0500212395309803,-1.6924001238904234,-0.17002492996665108,-1.0382920562855589,-1.6787724897968346,-0.08545492890448589,-1.307945359314379,-1.6616118477063546,-0.07405697700603972,-1.0768639665977575,-1.693088394481702,-0.09781571631627854,-0.9820768577976725,-1.7391550321107727,-0.11495121381649344,-0.9448158995768119,2
0.4008136040922116,0.28289359420205834,-0.6973725679878232,0.28386798479220476,0.22421744249821612,-1.2256933656737188,0.1118187048011256,0.20642522707847602,-1.2553472212196022,-0.06994477541184978,0.22375136174002894,-1.2037499650477472,-0.08683411697301409,0.2526084756560764,-0.9794147822818854,0.20551249874656646,0.33338983013796764,-0.44714324161772834,-0.053729923843813844,0.26120078001383773,-0.6473718407664856,0.014029540809294517,0.17390526401794104,-0.7380268382635433,0.15838393777644802,0.14181960176754424,-0.7251172647407291,0.2283084848039377,0.3737608107774492,-0.111848248875146,-0.034247154110706175,0.2943306639676883,-0.30035368137441154,0.015149276002616256,0.21606996027370312,-0.38569524245605014,0.15512292844902714,0.19753261685329465,-0.42125494213323267,0.23995701409642925,0.3987684537488366,0.1455341689977882,0.006070342395957956,0.33390705714616026,-0.022110584368126282,0.03885359083442872,0.262394378594192,0.101923974257611,0.15862976710287302,0.23894332931288648,0.18758442773787415,0.2452661168745084,0.416404228627736,0.25563015202088046,0.06259334880811705,0.36731708254755346,0.13499412382477144,0.07794691559887404,0.30875462294713385,0.2097452525077987,0.16379928934002766,0.2853604505210836,0.25972572198990285,2
0.3948877165265989,0.30387269758749585,-0.8185122843556338,0.30368033794399557,0.26154591479853906,-1.7521465757595647,0.16606067885934442,0.24179985796497405,-1.7632979509120856,0.001809233419110278,0.2598116922800263,-1.6432491976481771,-0.031682686156446524,0.28752899838951945,-1.2945622908223007,0.3057297074788145,0.35560248738469324,-0.8773510505968152,0.04268829286344561,0.2874221044967169,-0.8967270330319568,0.10016317280925471,0.2012143586742137,-0.8315751466440816,0.250676599252955,0.17105320213904468,-0.7820183006505523,0.30092047312175196,0.3886425499997105,-0.3939221020780385,0.041358510325113375,0.32097649225848573,-0.5987933927552244,0.08867528768354445,0.2452447308566666,-0.5979803609023437,0.23094069824322233,0.2246760111110485,-0.5692973987111865,0.28479479867729696,0.41077479051321564,0.05552283670803702,0.065877631722112,0.35067092972948194,-0.16860903035832606,0.09906531764924566,0.28338580911778316,0.0023388613126722035,0.2180392770054414,0.262387847613785,0.11993115678366804,0.2676524235137422,0.4278695154251374,0.29001490791823287,0.09437782698778524,0.37704057439286665,0.09014667086620122,0.12087952417086543,0.3204481465916431,0.14808925394089237,0.21770973790438083,0.2989335761226074,0.1976530558933629,2
0.4109268180907061,0.30432687079554516,-1.017875154960113,0.3404301136616448,0.26386954485362624,-2.0497773587988197,0.21611721491929195,0.251931291510433,-1.96610056582952,0.069786660772893,0.26580872946774897,-1.7414323110149856,0.04652010002959754,0.2857404551042379,-1.3300605288632743,0.3592605207502243,0.3688332459794351,-1.1973488333100712,0.10814240696279726,0.30354245804364804,-1.0598038003284134,0.1533296943464328,0.21788247587362994,-0.9510151753693746,0.29703525142656373,0.18187644292554342,-0.8919041331177153,0.3404106852227048,0.3935328270497521,-0.5363688292394866,0.09769566884183896,0.3189335037916535,-0.5371353413982113,0.13767011132235168,0.24440204280460365,-0.4714209108558353,0.26982700381398567,0.2189657307182572,-0.456737442217527,0.3094145096776479,0.4068258874635365,0.1042105477000704,0.09869212458938442,0.3398060713823958,-0.054917680621272336,0.13091679647147447,0.27340266912265576,0.08004623579766948,0.24439283471145554,0.24671985414879938,0.1459618932347557,0.2797284032853392,0.4155134843268877,0.45434740807064167,0.10749674864345245,0.36078507820439254,0.23438845992813814,0.13128376410250137,0.3059337563901752,0.2165398061499167,0.22061165542451389,0.28267267160615706,0.20452910090579662,2
-2.054413542738501,-2.177200138831448,-0.2506590882142621,-2.2909530374951426,-2.229196440756834,0.45351570602728264,-2.381068916283101,-2.2461276599979487,-0.020065533953249004,-2.472436723667444,-2.251787230550855,-0.484240166498534,-2.623993666077814,-2.2469484394226162,-0.8713161277758541,-1.9066536455261431,-2.122916268842017,-0.023024926111855068,-1.7470716988289885,-2.063170996346491,-0.3860695107494998,-1.6593587607960254,-2.0235583424363606,-0.5779579060297183,-1.6107519241421722,-1.985170140362961,-0.655061856928635,-1.7358032417241158,-2.0734836491244795,-0.6577211343692249,-1.5883125363527515,-2.0280388501092683,-0.6710295005821101,-1.5104754174268502,-2.0101161269230636,-0.7012813244610565,-1.4704083517178559,-1.9850111165069126,-0.6965423179907787,-1.6333967831752338,-2.0373736329279235,-1.1721890514135898,-1.4904345084580435,-2.009754858443996,-0.9855348627676038,-1.4261201318968395,-2.0065324964216726,-0.939729971290543,-1.3987524995937712,-1.9917146474867706,-0.8753343193954932,-1.5739254408923784,-2.009318987293434,-1.4158646464177995,-1.4534316561737206,-2.0007882990345776,-1.17921270041813,-1.3900670663090902,-2.009270815069617,-1.0787097346702759,-1.349650966917165,-2.0079247938902802,-0.9887254200450013,2
-2.124055945589375,-2.1032682449108195,0.11043455639257999,-2.491276047888778,-2.1603779885165095,-0.12978519352160592,-2.7257464447708655,-2.1938170850543157,-0.7237792911080116,-2.899550006040079,-2.2276894256622795,-1.1790567818889233,-3.1190301029479874,-2.2372829446616413,-1.5322893022545911,-2.2190384960626197,-2.1256492011344585,-0.7304139449032462,-2.1811032168285287,-2.136019342387707,-0.9010023464699071,-2.1444772811821053,-2.128247958994981,-1.0318070177941772,-2.08198905882314,-2.1087430931189197,-1.0842428917497888,-1.9787825860634738,-2.0932623674042623,-1.0404966024379392,-1.9485564474850996,-2.1143591118316394,-0.7646519491609817,-1.934354949592511,-2.125274318428011,-0.718017257975585,-1.8824964263559005,-2.1200470985213986,-0.7448995741334185,-1.826969465488762,-2.073764689783519,-1.1437156067421654,-1.7940454443722924,-2.1043299911680813,-0.7555331587365653,-1.7702962670500866,-2.1268681717208144,-0.6947656716726942,-1.7356586099225777,-2.129820242390666,-0.724500322370972,-1.7321569035269977,-2.0650929975955052,-1.1244682577196898,-1.7024267975311613,-2.1024284601828582,-0.7884156791309594,-1.6896561060772077,-2.1256548050779522,-0.6633924546870998,-1.670210476881792,-2.1377680453906516,-0.6263560213267833,2
-1.9458872672514649,0.021132270585581873,-3.310648009603972,-1.8458370880767037,0.027342184428259433,-1.1165827005652564,-1.762432665485574,0.06814347945274425,-1.185189485026104,-1.6998821108812128,0.12084164767405631,-1.0945512688902652,-1.6669409577018015,0.1474680391628333,-0.8748455959245809,-1.8838925646881506,0.14175121859759,-2.1470751881622308,-1.7570512542121062,0.21019090172673785,-1.4783965320202772,-1.7009603372350268,0.16386011168502332,-0.6786113387815144,-1.7301247764438223,0.11005490862007411,-0.23491919435885053,-1.9420600458018251,0.16892065414836907,-1.7758723154567548,-1.8118102105319112,0.23491079179785548,-1.49237501259441,-1.7699704162845291,0.17421474090731612,-0.8856667267915719,-1.813865956582061,0.1256287738995457,-0.47788949878451703,-1.9722188243828587,0.18472620800274608,-1.0003639160593312,-1.8727179459372094,0.25954880948204173,-0.9698503449639228,-1.8476217832985344,0.20260834818125337,-0.5446272092561361,-1.8801113006180787,0.1495803024177343,-0.24566850512349248,-1.981895345475152,0.19055539476520233,-0.35619020364129234,-1.9217516311667262,0.24434716452695726,-0.5528761005761512,-1.9048264019160381,0.219236545895254,-0.5029676213871707,-1.9260540242640096,0.18580103467781792,-0.423025170218916,2
-1.9157903237228333,0.1611175581099187,-2.335418927203103,-1.7871315437204984,0.22458631463782883,-0.47390292506924764,-1.7253374698933999,0.2722709914652794,-0.30472508668790016,-1.662551735745911,0.30728682370767224,-0.1820367914905587,-1.558884086822665,0.3182964808731296,-0.004703342065283193,-1.9131132366325059,0.31951340877507545,0.034051326937706905,-1.748541393980525,0.3166264350870691,0.4286176534758069,-1.7543347678975652,0.24425106117605055,0.6697366970612564,-1.8359724283315542,0.20097477456421567,0.7425110708789725,-1.9576076803854567,0.34198098551098477,0.4641079054327011,-1.8082921728536034,0.3347310483273269,0.42519056102820607,-1.8210970020942665,0.2652703168743752,0.4110764933878925,-1.9059184331451595,0.22671873667517461,0.36938720406459474,-1.975046611454011,0.3527154688494673,0.8340026861047204,-1.857028775758897,0.3676439744418188,0.6077441650775902,-1.8473212137569097,0.30750176086967523,0.5980468385089033,-1.9064257840077892,0.2641790132290277,0.5930847750862561,-1.9686242879477562,0.3589244157540366,1.0151988566218464,-1.8894727927547779,0.3801855238523796,0.7354478316073316,-1.8618102796743707,0.3391486720358208,0.6563539899004901,-1.8960873443439257,0.3039777675547036,0.6253881100519597,2
-1.9285036006234098,0.2577365952215111,-2.7976167640062517,-1.7950400696209259,0.29302994518790165,-0.41288029693920963,-1.7304913207618502,0.3321901208364659,-0.4196453797973722,-1.6770137357008916,0.36498679930451294,-0.40609660134446735,-1.5807266437084897,0.38207985502712816,-0.29931888169871984,-1.911445358681776,0.3761109555984296,-0.2267192589860259,-1.7637398965667732,0.36664970923060547,0.10154370288320469,-1.789991182896885,0.29268306290362145,0.3197837171229882,-1.8959559420009817,0.24526605528395973,0.3830420532726653,-1.9712987094825811,0.3927480082962381,0.06772717099664395,-1.8234802046553393,0.37874677745974844,0.12215353396453957,-1.8390336239095648,0.30984836801874027,0.20101585213260675,-1.9383698019936035,0.2723794187910336,0.1843559840293599,-2.00380259911969,0.3990124917785734,0.3824782204196581,-1.8736601591800461,0.40193379567997867,0.20986703464118536,-1.8705771150958714,0.3407084936032206,0.30541530886065243,-1.9451571657228763,0.29991925480127074,0.33737775218416344,-2.012508795162826,0.4048913513720338,0.5782626513547406,-1.912841291824237,0.41373461048681304,0.3359849650878872,-1.8894282090966952,0.3651070548181624,0.3261796343246324,-1.9347117485727696,0.3270857704330629,0.32513456107173594,2
-1.8987668153965467,-1.9586359510150086,1.6442874581066698,-1.9364252089745,-2.012122458267762,0.425012421026224,-1.8606962318233484,-2.0039590265537064,-0.3242306732211607,-1.8266516834242135,-2.030275856236889,-0.8704399713864048,-1.8896599197457407,-2.066426668268266,-1.3681859519786375,-1.497290248785353,-1.7842642342771005,-0.8651779588004074,-1.2587512830184178,-1.654657899141736,-0.9538214318659909,-1.0908083874940437,-1.575004510866159,-1.0487034153627794,-0.9390589808517025,-1.5119397740710276,-1.1186244996966108,-1.4585009089090535,-1.7063292146370237,-1.5710100364589445,-1.219168102291655,-1.5907359690842287,-1.2561561316671737,-1.0401188377672255,-1.5281727000744636,-1.3652698923685693,-0.8697577844403297,-1.4762707023752666,-1.482359616609292,-1.4613791094623585,-1.654460413590686,-1.865390549369039,-1.2492312698727477,-1.568413372657281,-1.4141684412437312,-1.082213886849757,-1.5178767765241201,-1.5979953999575534,-0.934124401414676,-1.4750297487846444,-1.7687782447501363,-1.4893249475427752,-1.6267659551369216,-1.835841727059238,-1.3252224320324157,-1.5749860568523042,-1.544160175091249,-1.2069487409358095,-1.5418852258941993,-1.5602306432718915,-1.090471983848697,-1.5109999531506524,-1.6089489493000289,2
0.6983331429026242,0.36362048125219837,-0.10144331944337326,0.639920737492593,0.31232070207339996,-1.6349962355773424,0.5449908176321138,0.34155262548588944,-1.3717364371456915,0.4276806294777042,0.36351526674962054,-1.062531662415824,0.28008910774866214,0.3586958190457461,-0.8641069219806923,0.49821044859134456,0.40169155160106756,-0.8993739555638995,0.49291219054708474,0.4546592380563299,-0.685457709662541,0.5059726782353317,0.5261048670564843,-0.6655453439789594,0.5093816020522748,0.593205552378064,-0.7060771755978315,0.5246217355140035,0.42898371110748795,-0.26723268549857715,0.5169135807890947,0.480292851870732,-0.21289820671228216,0.5299819032189393,0.5613523363376468,-0.386749087429498,0.5372984217833023,0.6374967481631729,-0.5659077332436521,0.5438320960266259,0.4485608478641384,0.3024210177082732,0.5224149300048735,0.49599693266391615,0.13690675368938354,0.5430927887518131,0.5700184546983217,-0.2526680594759495,0.5487698065670391,0.6470249151836175,-0.5143190676709136,0.5414244108633044,0.4584945487207667,0.6202464814026,0.5176126230032908,0.49760773058193686,0.28990386907403365,0.5343890259282775,0.5596872458796016,-0.10344044224399758,0.5302506363474209,0.6283080907195853,-0.3803295379987539,2
0.8250100744033415,0.32413515335020876,1.2041481755733634,0.7854621922501975,0.2866083968649666,-1.9058411842735963,0.7176810817078881,0.3172392258497362,-1.6241550379535143,0.654552993962611,0.34753048725695007,-1.231895839837723,0.5160778710037491,0.3469018284957157,-0.9209416968641894,0.6892104049203982,0.37792307387112234,-1.5845065231946303,0.6274881019881773,0.41832422352442855,-1.3928591390036076,0.6113826047930874,0.48080983022078994,-1.2776297471111013,0.5795083389867469,0.5387576814775474,-1.185515353418812,0.7041428460396496,0.3997572139153698,-0.8135302849383027,0.650938902211406,0.4450816682143434,-0.740794555364286,0.6285216204093788,0.5136139603151028,-0.6737903149977436,0.5862155696727318,0.5792655030970132,-0.604887703403778,0.698014097999005,0.4109257820795596,0.014622399311582825,0.6322521086299058,0.44078423826982693,-0.043270312390544304,0.6053693749620517,0.49986052130734476,-0.12712421920274694,0.5616909934216414,0.5618811787919626,-0.1603304321469707,0.6819457941139456,0.4093444994972597,0.5125608051539563,0.6135390570121646,0.4252720099709506,0.42139869320552326,0.5809361719474556,0.46242152068630715,0.3146079211666465,0.5401427709834145,0.5037206419172329,0.24013797062544565,2
0.7631701938978178,0.38152386819032946,1.5262562729396956,0.7232183752898695,0.3270577390059912,-1.886851689210721,0.6430220240810158,0.34460072925955654,-1.7244824058876305,0.5589516501958259,0.36839850889626763,-1.401575144524348,0.4340393082008346,0.38081845578727996,-1.105560830103889,0.5987796762212214,0.4111155502779633,-1.8942412427202973,0.526042721885141,0.4600950378321415,-1.678388041742531,0.5087160391444631,0.5274997988172349,-1.4415768150692025,0.48804546434433227,0.5893783524720559,-1.2552643899910123,0.6030292549282954,0.4385954840395969,-1.209490432923091,0.5381566837028374,0.48847230386064416,-1.215803635504797,0.5170012183112065,0.5662024416129049,-1.1047779086804277,0.4825137424036518,0.6390791821509427,-0.9565995578951683,0.5953081857672222,0.46082403744063766,-0.36237454353820236,0.5334667687536752,0.5033642683519223,-0.5034411176061727,0.5197017200450202,0.5761594933854352,-0.5919101441621842,0.4912753978611504,0.6508682541540289,-0.5789393462210122,0.5762856850512369,0.4735749902119876,0.2153830649594873,0.5117538022168904,0.5070116432673919,0.049394179936190705,0.4928732699590759,0.5649477951287937,-0.09122409913627298,0.46714572669721055,0.6261856613061537,-0.14874379817683447,2
1.1230204553053662,-1.9601700748465836,-1.558856305331169,1.181119916941253,-1.9651367084234121,0.6928521217946298,1.0891678107072114,-1.914150112344049,0.10319625022419862,0.9427371298864368,-1.8630491344177684,-0.41162968778177356,0.8382982168019144,-1.826487610665549,-0.9677943407801748,0.7801403442980762,-1.8694735493072718,-1.3035310965722522,0.6314878868108942,-1.7934097060912533,-1.932445285426341,0.5573615767506778,-1.7415978198045197,-2.34041275305851,0.45544979092678617,-1.7057672531610357,-2.5128184496042176,0.7437988558012013,-1.8426495513194099,-2.317214622799037,0.5188450171936965,-1.7177344206079903,-2.524454539271469,0.3874626489457471,-1.634200425259215,-2.7000216623810473,0.2656737178129629,-1.5704107468653585,-2.7862298019184824,0.7508166018487653,-1.8086641722884234,-2.7346339920045732,0.5657550633848409,-1.656729936347715,-2.801155619994198,0.5803394019203053,-1.5617784117992544,-2.5084139560691745,0.6225568260777099,-1.5027138860764766,-2.236192983411091,0.7797377737045853,-1.766468605547666,-2.687166570978697,0.6360409437799519,-1.6518348915751924,-2.6869364619055043,0.6272068589221871,-1.593641862448301,-2.3755228414410032,0.6522011080682035,-1.5507797127669858,-2.102986167042608,2
-1.6377053313733372,0.13812615087863708,-0.7974321203902218,-1.48315315772998,0.14715489625590245,-2.2066455079617695,-1.387040711687299,0.19167361733256108,-2.21309618001619,-1.310978396800097,0.238715185608574,-2.0850790011794578,-1.19448476857779,0.2639557920975389,-1.9513909313093765,-1.5482119547361763,0.2639470643584074,-1.908555059996657,-1.5217402910481213,0.32726086058901366,-1.939615765083647,-1.5162616668569917,0.4043820242316276,-2.007088291187936,-1.5002483664934363,0.47812303709851595,-2.0084676865987783,-1.6336209944043478,0.2742701936101316,-1.3468087222107519,-1.6135124762769462,0.3409839826878857,-1.4589894805405188,-1.5800254851764828,0.43069115597245433,-1.553414434850243,-1.525798029432437,0.5161127720447028,-1.5847601567039449,-1.6680963062131442,0.280658504671844,-0.6478004472102564,-1.661415000433868,0.3470630321093349,-1.0564734095597699,-1.6338732655124295,0.4361812964682742,-1.342470670913149,-1.5781187814526483,0.5187772563570551,-1.4247729006074104,-1.676716458264927,0.2911441355532759,-0.13101372778245962,-1.6452141835668903,0.3499513984864072,-0.5363967916753117,-1.6155218854397737,0.41817690819601505,-0.7848214075730893,-1.5729241975798753,0.4873805147751076,-0.9109783039198276,2
-1.5360442331914095,0.25089767852802647,0.28251330670756875,-1.3648558189648683,0.24593627710557364,-0.9487317342655869,-1.2277641745296044,0.28581908642856285,-0.7028529332535334,-1.113483138863579,0.3125861754566378,-0.47062604852599915,-0.9749076033069832,0.3139685174490614,-0.2833704655153561,-1.3592429789739198,0.3509648089404209,-0.03907034545623874,-1.2773946112076242,0.38076717655990294,-0.01401837635846639,-1.2176152816882726,0.4405347106970456,-0.09087923466464021,-1.1641088696019586,0.49799770634733914,-0.1560639968419483,-1.4397583862369006,0.373598047738641,0.31836234370728655,-1.3755897236430275,0.4033013793617539,0.1620590632647541,-1.306513353891117,0.4792460389722726,0.028446935758475584,-1.2423350067592074,0.5515130704061221,-0.05785483276878943,-1.4862069007019263,0.38741873529049603,0.49516971552854455,-1.4431332251398692,0.42170737990563656,0.19082789111334,-1.394224190124667,0.49186394244935616,-0.09607102300428624,-1.3395861698479583,0.5601512496080102,-0.22961780244388613,-1.5133867765767752,0.3951120855702195,0.5324619857620186,-1.5067352282373376,0.41935549141714606,0.2906082251277998,-1.4792691276636494,0.4736686963029758,0.036263715397623235,-1.4410938089362355,0.5357092116158562,-0.12477797538167953,2
-1.5674114542725033,0.3019567766229214,0.27964613497737545,-1.405378436506054,0.2944029692631267,-1.1413375386666424,-1.3022490855730973,0.33379700815472246,-0.8445793048977996,-1.2098181828292884,0.35947841988624646,-0.5231716839880124,-1.0821593280532604,0.36626790818685545,-0.26247674410750876,-1.4448576103368986,0.39788779730761825,-0.19031847611228975,-1.4061495199490868,0.42718296108345793,0.00977260932952484,-1.3877649912463965,0.4826867397897078,0.07231734283249497,-1.3634705728558056,0.5352495925757729,0.10924622524626147,-1.5350148877144267,0.40896194247479534,0.40201677987820844,-1.5057009190554536,0.44292045934809704,0.4083092096078175,-1.4761713206002078,0.5112473869005985,0.39497868511545725,-1.441446124053712,0.5775929488637671,0.3810796575811961,-1.5859685165151294,0.41235713755534453,0.8091100528886336,-1.5662326102634627,0.44606911490217666,0.6115853673500484,-1.5432533272305824,0.5118527337639305,0.4401843660247212,-1.5069405471774922,0.5786966024366996,0.37350363604772435,-1.6113492121931716,0.4097341105384097,0.9730711655473767,-1.6046711121112363,0.4391798905633961,0.8689107437028685,-1.5900024940914412,0.48673728974720076,0.7644931821066783,-1.5613868846749916,0.5381543218900103,0.6908173985635401,2
-1.5963901957303077,0.30830239790562736,-0.030561455634532844,-1.436812505935954,0.2984760977366458,-1.1841038770761452,-1.318294744565763,0.33491288545193537,-0.8256579833718396,-1.2084635394733434,0.3549468000822399,-0.45844052924605166,-1.0777914642467106,0.35516490375043364,-0.17387189344154277,-1.4639260395396891,0.39392720406837195,-0.2539665441598232,-1.3932048412457065,0.41934574288035276,-0.04657343419750769,-1.3585953409583225,0.4727890330249854,-0.02224044407650792,-1.3196760269958994,0.526198874828379,-0.021132826332536252,-1.5400639189479606,0.4080247556328508,0.3331576607446439,-1.4940012520263672,0.4401529023021914,0.30036956084104055,-1.450359048682165,0.508708067329081,0.18918085944028873,-1.397011577746125,0.5749591120121094,0.11365969704785311,-1.574510854803656,0.41360490734437544,0.7647838747717544,-1.544335473952484,0.44333289646173857,0.504652909264649,-1.506155220314904,0.5122113973356731,0.211260980243855,-1.4538243006888816,0.5767116887683584,0.07628811555775544,-1.5804367102302217,0.4162932797882033,0.9581141915565267,-1.5672020840184167,0.44119393868617207,0.748387933473898,-1.5430567040037089,0.49394243298593427,0.5372133170840758,-1.5077768233336133,0.5503440783202799,0.399446021522829,2
-1.5861894702653998,0.302398501857375,0.13474910283748295,-1.4260447471985016,0.2981670516340133,-1.1329318423692796,-1.3208521833426414,0.335416800993092,-0.7869276604501594,-1.2200172391355666,0.35664959729252904,-0.4518680613747861,-1.0896592750736964,0.36069332033101925,-0.1924425656466322,-1.4555454183534453,0.3929487367079207,-0.10944094783741508,-1.390115422597133,0.4167241092208129,0.047258802275674895,-1.3573863493943512,0.4713343978948184,0.04781462483118819,-1.3178729197043249,0.5260951104483832,0.032862430410674895,-1.5342421228755458,0.4072579912668348,0.433894333189201,-1.487573920825206,0.43658329607717344,0.32872734970425205,-1.4419130629329657,0.504880736751157,0.18756590322058267,-1.3845812929839532,0.5730166815598845,0.10183078761593652,-1.5710128467372746,0.41182309542862605,0.7951035497217471,-1.53783508236695,0.4425275966292448,0.4796444857967909,-1.499098060899716,0.5109965446311041,0.18983969100186832,-1.4443894622441726,0.5780440830868845,0.06494109958406528,-1.5779104161670792,0.4118444320055949,0.9327399227114302,-1.568545668982248,0.4368632106604515,0.7064186579899381,-1.5472229253476257,0.4897353710404355,0.4948467394509293,-1.5130152731659787,0.5489180710581297,0.3587923279780246,2
0.41427714596483234,0.7814416941817384,0.5981281730524556,0.38997938533270105,0.7695734164271766,-0.23833512516298877,0.3777666842754397,0.7469732371400946,-0.1561747012290717,0.39409358028648395,0.7266232906709655,-0.030562981280523264,0.4087570720584061,0.7149969117965574,0.054172526886326886,0.37511733169807376,0.7130324336072394,-0.35806958800734695,0.3887517343662828,0.7004538536668802,-0.286112432355308,0.4112981393655636,0.7390791131831939,-0.20942684425903094,0.416567886441044,0.7784543468876682,-0.18981591513565188,0.40290819546349116,0.7144386227746682,-0.23745861303496163,0.41887250213948474,0.7058481262684919,-0.3103727811762859,0.4454901995741001,0.7519649970896881,-0.25850636858011833,0.44568553390266874,0.8047022661905032,-0.21310251649075287,0.42457718049983967,0.7227793616072767,-0.07856956189178667,0.42798413190101003,0.7148573589609852,-0.10346397995373248,0.44190756430415745,0.7545817205795079,-0.08826520826996401,0.4338425886656686,0.8017723886820981,-0.07035835102232577,0.4375789796677158,0.7302610076059497,0.027861269228707446,0.4292995736747618,0.7264963506073316,0.06321851529724824,0.4287339488526452,0.7582702648631181,0.07718364446846436,0.41534262299866825,0.7974649780154579,0.07704919886173364,2
0.4274987672503035,-0.9934213232007942,-1.4436606401788328,0.39663164281328606,-1.1045522224216369,1.7439295624027893,0.2525774908151239,-1.144444183946534,1.4798479578480288,0.09354981764056963,-1.1842679134654266,1.1342242942211798,-0.002299169444488568,-1.2335493660820895,0.6617975152025138,-0.0471129321044096,-1.0299657680707313,0.8528077496056053,-0.2930324178438691,-0.9649678583032283,0.4179879185759152,-0.44445582061810984,-0.9110250901694815,0.01758214681402085,-0.5878262464153039,-0.8659272638825416,-0.27329937367043156,-0.07261837308546544,-0.9827328891289523,-0.129210632298047,-0.32664306727869774,-0.9254629183144092,-0.24052083965269608,-0.4913145682592901,-0.8861224582609738,-0.5444197891671116,-0.633655053957858,-0.8525295872543192,-0.8542244462051116,-0.053543670289002324,-0.9364992764850467,-0.9769283858512494,-0.29695783735075554,-0.8971432189939551,-0.9456399526890586,-0.4278375351138398,-0.8685108152879464,-1.0678047574263598,-0.5398020310125858,-0.8451061401776279,-1.211090270945869,-0.007936504393547665,-0.8923115862437548,-1.3888437422296924,-0.18921897408083913,-0.8716601155233134,-1.413883388608884,-0.28529064819230443,-0.8580044197277961,-1.4682867743152963,-0.3732020644422231,-0.8427557895917446,-1.5367216644328825,2
0.3623575652918446,-0.9493924849363695,0.8875298206546886,0.5276576134081578,-1.1043651421071021,0.9811865172206883,0.58669325102083,-1.2057309983213245,0.6420627331819067,0.5505899620930828,-1.2902196472293106,0.34687356031129735,0.5761314113852648,-1.3538780414459337,0.05976433731673523,0.10924020708119657,-1.1635223275743138,0.4609258215863436,-0.08323258528682996,-1.2226391327926418,0.47514582462638955,-0.19617074311264268,-1.225639005019576,0.46071096429696534,-0.31395651007752523,-1.216860055363053,0.3904938215412145,-0.048241192294446386,-1.1192473104769425,0.06865867855439525,-0.25401188684028186,-1.199905951962521,0.15575481270710492,-0.3627806002609372,-1.2233715263164084,0.16761083662861043,-0.4616325240822847,-1.230845898707849,0.14648117372775346,-0.13284172459901814,-1.0843726719764781,-0.24832608242259555,-0.30546331234234664,-1.1707040866606737,0.01942283286872438,-0.38937886192986104,-1.205330055544641,0.02610511429391501,-0.4650257417526939,-1.220463880655127,-0.007904911024494364,-0.16932442042546458,-1.0568851248383404,-0.4267242778524196,-0.3008353190908759,-1.1361304317217678,-0.11985560033554034,-0.35453211969937365,-1.168889662095911,-0.031579110494532964,-0.4035314840523244,-1.1833591243853059,-0.007534599687668908,2
0.3450691889272158,-0.7778985309901758,-0.9367303704133515,0.5998313778213007,-0.9118155378822272,0.9701255090180934,0.6976764246086541,-1.0257046951840147,1.0345857831405678,0.7068743398761966,-1.1164136961302455,1.0669702803311765,0.7420627475222654,-1.169313777266493,0.9536897615605261,0.30811049019955355,-1.0522467349628388,0.4502027401916384,0.1780119183889014,-1.1431174920918015,0.34104913566536155,0.10742439901246895,-1.1654634472133043,0.15839784995324216,0.03319336981880251,-1.1749202934465919,0.021800914222270932,0.11697371415081377,-1.0262166078666943,0.19586648752757818,-0.020255929503813556,-1.1302161512262416,0.1033856670354836,-0.08849451095787733,-1.171493726623489,-0.08908226612808813,-0.15545424495306226,-1.1918748278781612,-0.2557069213421745,-0.0063047800263872555,-0.9998015156369757,-0.019563833874369038,-0.13314093107492295,-1.1063071149117825,-0.06815628120150989,-0.19152762726690697,-1.15850068342683,-0.26323091077548133,-0.24621600622633966,-1.1854363909880665,-0.3911096012350447,-0.08009521632336047,-0.9746149835325021,-0.10916855428305126,-0.1683127920436255,-1.0755381692114607,-0.14418161635418797,-0.20622336148052217,-1.1213971723537768,-0.24204339226181232,-0.23460769702597345,-1.147570763833295,-0.32288994267257204,2
0.5559025916882301,0.9677209955085312,-0.10467044869383892,0.5713610433854476,0.9681162013289846,1.5089288555460239,0.6298125370652553,0.9436707711080344,1.5782703196523122,0.6684018450261403,0.905715807251991,1.5773372907522087,0.6933255036595699,0.8721006121437693,1.4872028710488319,0.6137098883075542,0.8795000337786893,0.875406260705814,0.7234130216112076,0.8573625686214528,0.8545141250876837,0.7681481644061315,0.8570179226144358,0.8638591590313404,0.7896567294474794,0.8504113908400722,0.8633783486477792,0.62644530175614,0.8684313325287305,0.5375107689026233,0.7201873714048906,0.8531902340508548,0.602795945754427,0.7672424971792748,0.873375449468717,0.6617475550036241,0.7838760944392432,0.8897883753736594,0.666731954220293,0.6445670909363901,0.8674359681382389,0.1764572927245528,0.7237368669277959,0.8670729206540511,0.30891488829973945,0.7714473855946793,0.8990447297608164,0.337573671966242,0.7873879219697565,0.9276875418020514,0.3323135543810687,0.6589787302188173,0.8706132964414521,-0.027446944425932464,0.7241058250622203,0.8695898024759979,0.05546041366479752,0.7672662767254923,0.9010497143576155,0.038438984378505604,0.7841321875201059,0.9334015285424119,0.0162141540281001,2
0.41977131029614273,0.8809017145242608,-2.7202059264223455,0.41279763314703777,0.910989607685901,2.3604082944146434,0.46068315128645443,0.8665131682779937,2.077872355699563,0.516553963205071,0.8144051830959351,1.7288722578459708,0.607349711509907,0.7738573726654001,1.377875117293646,0.3711209861776377,0.7991484908702104,0.7945474679546146,0.46068571351103127,0.7560745351405834,0.5342809601572415,0.5415791950445649,0.6951956863774393,0.4233932506411415,0.5983475332840066,0.6417485667228848,0.3970162597089998,0.40834668704333266,0.7902714270877156,-0.004476916593606266,0.49463642207214314,0.7300503164090302,0.23745922308263784,0.5773342373987501,0.6805750785327337,0.3268919490718432,0.6190047752053053,0.6488913872652453,0.2842334054626197,0.4622997119569314,0.7891309618020116,-0.6264662408096155,0.531566422257672,0.7486120288727586,-0.20997465345234592,0.5987328350533384,0.7099688286303697,-0.01843874134897981,0.6386149909846749,0.6794927722165378,0.007275769820333971,0.5152194367090125,0.7916848080389572,-0.8847716895648641,0.5880552019687684,0.7805428894671108,-0.4646556359795795,0.6262293787293216,0.7731245153136778,-0.21442490923882246,0.6462995313228459,0.7682420938669764,-0.11020696143423928,2
0.41207885792854704,0.9162340427783322,-0.5870961136901011,0.39932627354031913,0.9179168678131426,1.9276142172662332,0.4629080835556911,0.8822206868973952,1.9972357258648408,0.5230720476918228,0.830143410005269,1.9568625908334223,0.5763925982004823,0.788267559589063,1.8266402182884132,0.4014212122979706,0.8203589089998924,1.0713309025187967,0.45539150937083894,0.7842304117826189,1.2024848773175558,0.4727363254552078,0.7506419880123427,1.242315375253522,0.49112304188435385,0.7216658548128185,1.2251903355034488,0.42485258285839644,0.8133810430852262,0.7000489092086033,0.45975187516668004,0.7760115584146865,0.9978246134947301,0.47692138739990175,0.7437015647742786,1.0720413203878476,0.5072810810329706,0.7177749907019212,1.0347625834523597,0.4519783086303939,0.8112464903735692,0.34991431400970635,0.4859396726574255,0.7785730419059009,0.7998215808177143,0.4970647429692857,0.7515272626864485,0.8581157100928029,0.5205618277790744,0.727252169243396,0.7797781012001631,0.4754956404058163,0.8092915574732343,0.1464364884670232,0.5028442532184967,0.7817980715882371,0.5261554388206293,0.5041258113038805,0.762847385084518,0.6446778226291822,0.5129495119453036,0.7428340028631238,0.6543965097596285,2
0.4323449577903097,0.9101693900425009,0.5942726926528731,0.412944743479672,0.8670829155624843,-0.310279227714762,0.42032258392264366,0.8368535819029347,-0.1356446362261016,0.41768110636999906,0.8147112196170797,0.024936788695219,0.396526621686325,0.7993993221340691,0.14328173953657303,0.4461808141453393,0.8025951223376029,0.004437335532932672,0.4244817859690666,0.7776616133657028,0.09751173841868567,0.38815161643918306,0.780259693524088,0.1600233777956132,0.34486065474033056,0.7800394780898419,0.19140714320113789,0.4501662741976496,0.8003137698065196,0.29058158978888293,0.4212823017504405,0.7782522473803276,0.2502583310680427,0.37714739052787805,0.778287498618383,0.27240847563684656,0.32846322188925037,0.7784658885968969,0.2913243526255562,0.44352806880332907,0.8026825941724983,0.49221990537230126,0.41450574842009835,0.7827351298900065,0.3896701905623431,0.37436923259748883,0.7845989274740773,0.3416752956722342,0.33126377411168423,0.7872028864456274,0.31434420186257,0.4281488394463506,0.8112814693471282,0.5709823543357008,0.40091594614177933,0.7956096480230822,0.4627189091029045,0.36627312908749865,0.8010918615637603,0.39623092436080004,0.33019190324486886,0.8066829647895939,0.3538042828781595,2
0.4108661434739933,-1.2291983910771913,-0.21158692939156007,0.6485769247482086,-1.3152965440920854,0.1811175656017722,0.718852254481096,-1.3986155513526213,0.09600717151544384,0.7234584585368449,-1.4627753237851369,-0.0014918791330381,0.7973253446279545,-1.5084429812440059,-0.1737108333150174,0.3057119735293118,-1.3326852897332453,0.0372159417248766,0.17888684097333157,-1.3533369978280434,-0.1718810676881115,0.11051704725220586,-1.3578190017691363,-0.40143995571819224,0.04513211746701707,-1.355851850104935,-0.5797296281887032,0.11931868403364009,-1.297099030085349,-0.2481813209315435,-0.01713038344124551,-1.3244862589528108,-0.39118825638792387,-0.08453883276021196,-1.3471873343562404,-0.6540073285819819,-0.14792459707623826,-1.3605280840424958,-0.8486758500521547,-0.000128615622671601,-1.2690077779748345,-0.47772241015791755,-0.13448156352360247,-1.3132575940695639,-0.5794511365020641,-0.19176061312461604,-1.3499868138768338,-0.7431543392664076,-0.24078697474943436,-1.3757140450219454,-0.844932522196309,-0.07157090657515051,-1.2487128014954123,-0.5707906439469894,-0.17687854136009765,-1.300119733741495,-0.6939081154962379,-0.22192804535360522,-1.3346143140661109,-0.7994796941782706,-0.25789971386948035,-1.3585253505164314,-0.8681698211429395,2
0.42852790209531605,-1.1450749855173639,-0.051090338474199776,0.6613880818865197,-1.2394999300134963,0.5280104008746144,0.7280381167545297,-1.3313291707671568,0.3624044133582135,0.7388526526539136,-1.4030273217688694,0.16565759496957227,0.8180540800538447,-1.4543524088623443,-0.10894867634022981,0.3293256139896473,-1.27476950337331,0.4265429485669765,0.21944304712064144,-1.2982355554410185,0.054887754450339984,0.1719884988019077,-1.306253298289313,-0.30511190447580433,0.13847988648452406,-1.3068529121315702,-0.5427862326361131,0.13746532006423404,-1.2424936718731416,-0.005592802981971312,0.01799334506739456,-1.2754267926952763,-0.26076442128305993,-0.02217345010002054,-1.2995951563915105,-0.6000974016210824,-0.0511699752107517,-1.3142564254237041,-0.8246294496846949,0.010617520776424319,-1.2141351583911766,-0.4117018841943446,-0.10824538650294435,-1.261526727992771,-0.531271125960924,-0.1355212062578391,-1.298579801899087,-0.6328116800628778,-0.14422928248880357,-1.3218258600019481,-0.6989828274778962,-0.06867541682790418,-1.1876892196153448,-0.6287828238537622,-0.16550707050150737,-1.2374695751260405,-0.6886625425384357,-0.19092266984203252,-1.2697754419767253,-0.6792636858470116,-0.1979587706211573,-1.2897902476120773,-0.6750250582059034,2
0.5491840447068443,0.8894566732920116,0.20218275985200262,0.5530045443182022,0.9095577491654677,-0.06223407246263291,0.5932121545697642,0.8848209991359784,-0.03936773582277839,0.615110892475734,0.8584316359424425,-0.0429603261376809,0.653409250874444,0.8469678720917515,-0.03772612992356749,0.6839700228423469,0.814053109015392,0.4365832242097552,0.7132674154379263,0.7818910925544521,0.3362952867696024,0.6885532743987579,0.7650952794062219,0.24138193210689468,0.6589631365326677,0.7454769371621203,0.20610346749125155,0.675369564901267,0.7974915407789831,0.5991526767791071,0.6830341959850837,0.7696786440798941,0.5210843775138748,0.674218919676041,0.7493026019983698,0.42082076064125074,0.6631400804143393,0.7277112322831162,0.31395019221385134,0.6630901288603666,0.7941418202961628,0.6044728271400158,0.6638575186075253,0.776775653845261,0.5633794697984966,0.6619226902554367,0.7604058301725515,0.4902786598114232,0.6592857640067344,0.7403068227123712,0.40870920744025685,0.6410016533431683,0.8020861900727765,0.5363459612915601,0.6473744781219163,0.7890857138607253,0.5450967300338578,0.6297731558258464,0.7847454577358557,0.48391347322440215,0.6128406919480018,0.7753697613948971,0.40939779962274714,2
0.3561812004623664,-1.6762853234148352,-2.1119828999034294,0.6757815721148728,-1.7108003597522279,0.5260690202344357,0.9658641363451266,-1.7707805885100458,0.2644112848636192,1.2069648111564673,-1.8048283964027958,-0.013539254845101835,1.459171655104496,-1.810636616118207,-0.3004181936623208,0.6113477262337931,-1.7761188555424643,0.2444285492615927,0.4746174719114971,-1.7767313326324858,-0.10168358533626169,0.4717612316572672,-1.697749804106537,-0.38151084397968893,0.5353010662550539,-1.6277351364268473,-0.5679109579690274,0.38975354642181903,-1.7695938400651552,-0.30349173081992703,0.24825509296797696,-1.7765645654365594,-0.4353058446775471,0.2671980653035285,-1.7092191141867028,-0.5269229365941721,0.3477299377120011,-1.6421877673768848,-0.6650592328617277,0.22319447527503872,-1.770052397220446,-0.7728005705504097,0.100021026504138,-1.791417491111611,-0.8464025531824166,0.12765054816855287,-1.7251663625188691,-0.6608266070808283,0.21860286655588052,-1.6589314103793962,-0.6013081384120351,0.10015071746067943,-1.7762481580389882,-1.0033429348419218,-0.0033268812379239417,-1.7980215092432095,-0.9895416506804323,0.021295849740985764,-1.7406665187642674,-0.8048844836967111,0.09348255853568883,-1.6812156863704135,-0.71035733045363,2
0.2452407753218939,-1.683163362311049,-1.2058038651883445,0.5460643452719123,-1.7434260428030801,0.3939235841965322,0.7367414992587143,-1.7931565094231874,0.1921084902105563,0.8905155505721383,-1.8357647694216583,-0.013832350944241362,1.0564129517643757,-1.860239076709645,-0.2628524178517292,0.29239998433510145,-1.7636731113924522,0.3128045276310308,0.19839441011719144,-1.7735353437296129,0.05651826885728583,0.14662046687105057,-1.7614090656039914,-0.32486265272330767,0.07931803510446873,-1.7553480297583037,-0.6116505306061787,0.09702218180508679,-1.7369948653537979,-0.13482465159768361,-0.013603803562824377,-1.7581513008373146,-0.22763131653031746,-0.07023798006169936,-1.7720506351417304,-0.5925140555314095,-0.12538577758287728,-1.7830041636848755,-0.9336109791586138,-0.033612388948304796,-1.716482149542061,-0.5321900864256182,-0.1422178506477637,-1.7506168335919534,-0.5488424677281473,-0.18819379528006974,-1.7783542984801397,-0.7758856571553487,-0.2325712549733758,-1.7943739734291038,-0.9884560863434655,-0.11713923271721402,-1.7037762040424815,-0.7376167390078451,-0.20440543589261365,-1.7355336957649392,-0.7377133502579645,-0.24215810048995418,-1.7595275705614841,-0.8203655811575635,-0.2719677785954215,-1.7750302774608293,-0.9279096238682608,2
0.21423060102376434,-1.5351754503902229,-2.3011395809619044,0.21073531217426877,-1.5466768821536094,-0.0798611632688182,0.18155035145124943,-1.5935859965882295,-0.20990884880278543,0.1506454110242027,-1.6275766853270166,-0.40359124983333977,0.17148719826752137,-1.6427735575403672,-0.6077929857912435,0.19070908439917802,-1.6261421601012562,-0.2431468805571753,0.21227664459778386,-1.6587422308048152,-0.3632473438585619,0.23108770723124664,-1.6605452989689813,-0.4056193305318238,0.2418240953257969,-1.6555900682837696,-0.4304195022628459,0.22179805389368978,-1.634685301774852,-0.5427276784085988,0.20591185659502192,-1.6237463287933824,-0.7622594029181528,0.21475034666807655,-1.5678402092569093,-0.94018860982061,0.2204005946915078,-1.5175700006757837,-1.0254512802349451,0.25764773106353905,-1.6388465762942561,-0.7522488215212586,0.2505262904598634,-1.6391655236912932,-1.1342581691077107,0.26670042078892897,-1.5967228164212826,-1.3460103859393615,0.2774736105913081,-1.5528090514066926,-1.350514651024703,0.3070353077654261,-1.6494951293524691,-0.7836597436533357,0.41621305612704584,-1.7077831685415512,-1.0964911671381516,0.5263766504079714,-1.754232717413417,-1.3101805862765892,0.6099261354142793,-1.7873870330804367,-1.407194067577688,2
0.5704606103007849,-1.692427677745561,-1.098768502154221,0.8655090505019454,-1.7183734766543843,-1.2034875935680847,1.0396401277276677,-1.7683851138872095,-1.4208088551086036,1.1141652460529927,-1.806267685327849,-1.6426047452564607,1.205948879182502,-1.8399047194175342,-1.9166008782415749,0.566644873024833,-1.7197612121936916,-1.8917483802787578,0.4835531407482634,-1.7343354113263296,-2.473944200551219,0.42515112438833136,-1.727032735664263,-2.867346104697802,0.3328926587311232,-1.7106891909664972,-3.0366673562034037,0.36379882551361686,-1.6895603815942273,-2.3194045981644433,0.1928072224420108,-1.678187572535877,-2.687087701058745,0.06983877079156338,-1.651250177336973,-3.038725060193446,-0.051802541821093326,-1.6182914879316028,-3.219569318845044,0.2409716975101375,-1.656348783207776,-2.3740316964588066,0.08749784364291047,-1.6451875198188808,-2.7811208934744722,0.00013080772777972205,-1.6151427707797705,-2.994875614608019,-0.0791608921899012,-1.5782793913197868,-3.05091988986449,0.1760511654248994,-1.6241321386284264,-2.1756435042743347,0.08854824893295053,-1.6074599263975515,-2.5922057307631516,0.06287331531832281,-1.5816614575491026,-2.7695192503920834,0.032353548009959404,-1.5491647292748207,-2.841523633760522,2
0.7150132173407225,-1.7289962676058812,0.7405945902872498,1.0387592746197536,-1.7819323608646125,1.5982881112772802,1.2449476028705924,-1.8073897974659592,1.1265677140143004,1.3711473780498034,-1.8374093335246091,0.7553156015863114,1.5055549797771537,-1.8555385770532684,0.34414509872881127,0.8986013535812387,-1.7770146682320038,-0.4126005117801097,0.9665230310980005,-1.8268518705818844,-0.5832572436160904,1.0231954862139478,-1.8433258350117985,-0.5670227800097201,1.0485686373190077,-1.8541654784735153,-0.5858167884258161,0.6681196107623083,-1.774899504803315,-1.2965843258236678,0.7017649928865092,-1.8369663167588206,-1.3018191572251057,0.74835676350562,-1.8800650634736147,-1.3398242343732405,0.762731728440312,-1.9143122684483207,-1.3649817462117515,0.4988501359991099,-1.7637976690884247,-1.744377358807939,0.44701105792889406,-1.8182746264517156,-1.6042961432991851,0.43441911427450786,-1.8593373965702846,-1.766416108891847,0.41705074600788733,-1.8901678294856654,-1.8630883373148128,0.37884481111149965,-1.7457796572146376,-1.755795042068397,0.3025560426601783,-1.7858948520573303,-1.7107261314925042,0.2822600229823543,-1.8144051996758346,-1.8301290204505873,0.2514651727981236,-1.841320664888167,-1.9168707062331234,2
0.7039144297604965,-1.6876460554310595,0.09316208602321266,1.0302806961803672,-1.7455378027493038,1.3680893615736047,1.2488528276695452,-1.7852752883671996,0.8277746396501247,1.4043790087310637,-1.82082457235084,0.3868174914561697,1.5549473492466135,-1.84343312827219,-0.06637238527048579,0.8895322118055521,-1.738908132555675,-0.6646999215286408,0.9281711249136835,-1.7847326523336866,-0.8830306814996132,0.9615358769057947,-1.8004481803523764,-0.9291454581524402,0.9654382957416567,-1.8130869846015167,-0.9870617902243389,0.6628165479646392,-1.7262957259019196,-1.6402982321429282,0.6697299441031054,-1.783309626576075,-1.7354120769494155,0.6956002336910383,-1.8268152041837318,-1.8825177069078378,0.691150450714744,-1.8597855226662965,-1.9720931847883845,0.49549279640905225,-1.7097109299635425,-2.1051536149837173,0.4246526602660414,-1.7599662874619186,-1.9945210072948047,0.40848565408988957,-1.8031888420566577,-2.120972641511827,0.3859209277561454,-1.8329165346398222,-2.205260092952531,0.37517095579531395,-1.691452998892879,-2.1055364403657197,0.29500667585163964,-1.7285541998961689,-2.1079167357657114,0.2620900318645905,-1.7557472544158972,-2.2217524379582136,0.2168511275812056,-1.7784417195295548,-2.3009849177067396,2
-1.6900908619874908,0.3785310196815317,-1.877058914740519,-1.597215692346516,0.3527198035645849,-1.783838373683584,-1.4687805792610336,0.3439017302748312,-2.0949656528976406,-1.3875461440466548,0.356795527513783,-2.1206062956020872,-1.3275357066751283,0.36460495077025573,-2.0403187681430324,-1.6568980110534435,0.3596942351430729,-2.6979229193405216,-1.5769332431611545,0.38706039419354354,-2.5598944476883325,-1.512047348885934,0.4259310731664163,-2.326253045095315,-1.4624383602744502,0.4569541559594716,-2.1320825323561876,-1.7184860043867658,0.387929675244863,-2.2634967987749697,-1.6368812382505031,0.4205927998536612,-2.0296917364216527,-1.548371856798214,0.4489251734892323,-1.7107637687418011,-1.472317078859046,0.46753384133474246,-1.5153633203327581,-1.7273107208050584,0.41294884620278854,-1.4325260679655518,-1.6525157146604763,0.4408712003603646,-1.3805187021253555,-1.569646534317626,0.4613054520262059,-1.1371447527650234,-1.4925570614974846,0.4753518426578732,-0.9739187251280744,-1.7073182173844632,0.43238917551618145,-0.745309819911025,-1.6412996092575634,0.4460064565059212,-0.8906473796905877,-1.5693013889463259,0.467278634893124,-0.9130900394047764,-1.5007672263969156,0.4868920191164605,-0.9009341499391357,2
-1.742165240721067,0.36468496082282603,-0.8437611704015708,-1.673202215716135,0.3694753908167235,-1.493828332768747,-1.6367989789045083,0.3672979375978369,-1.3910572750542574,-1.6517483640491588,0.3741181396824446,-1.1038223097545246,-1.702509853083227,0.3746768846713655,-0.8158724114870942,-1.8348790317038188,0.3601229464774901,-1.8026828816259257,-1.8242819175547595,0.3886587627365412,-1.3257355584964337,-1.8028025432015968,0.42354801438470796,-0.9548069371692278,-1.759974895382247,0.4573658968097744,-0.7467166174422856,-1.865491485093333,0.3726619551019994,-1.146767147645945,-1.8659704567881428,0.4106792820473936,-0.93597878364846,-1.8299883514658668,0.44912630286751215,-0.7152513775886742,-1.7670740721061415,0.4782540321480888,-0.570751312095422,-1.851443052725618,0.3860784762025238,-0.2910646642175,-1.8527064929548256,0.416408095352961,-0.32905834189240435,-1.8101208420563597,0.4567068184593202,-0.32868893908770774,-1.746369109870115,0.4886549554177402,-0.2887285370779642,-1.8117534565983766,0.4006609609943969,0.31121920984974827,-1.806283939375072,0.4154134771001755,0.1720792714537328,-1.7666133355881461,0.44951000996048546,0.04777080863805342,-1.709583953316037,0.4806089542655864,-0.02663493254319173,2
-1.843452956646301,-1.912856394178444,0.28638149085693165,-2.1138461007239124,-1.9276733796419405,0.775542319655214,-2.3168083336830505,-1.9363237467326286,0.40955152701905506,-2.4447317468925216,-1.9499013818427697,0.0906400074207742,-2.5572566572945057,-1.961077273775031,-0.19284694779223854,-2.055873746873022,-1.902864533543593,-0.2805802972106758,-2.0804934314911985,-1.9306540487470976,-0.5928113226539422,-2.098238291701937,-1.93979826171206,-0.7093171352080663,-2.0897447492130676,-1.9399135903137814,-0.7465304389210738,-1.8751721806771606,-1.8971401547504747,-0.973613220813476,-1.8730469951979263,-1.9376276127048435,-1.0008978811210685,-1.8679948048197965,-1.9715259567340078,-1.101010326860254,-1.8350434045114854,-1.9933077510413797,-1.1516524522099083,-1.7294125650191692,-1.8945748912603335,-1.4200853246760068,-1.693944608905795,-1.938280253119363,-1.3045027945548882,-1.6623726825383438,-1.978052256518423,-1.4494726812348846,-1.622655227476826,-2.0011677705982374,-1.5269586453426425,-1.611855677774123,-1.8912171011953918,-1.5405308957953066,-1.5529541558210838,-1.9199054499335473,-1.4680820278627975,-1.5100980136959548,-1.94672686057026,-1.5665590496444204,-1.4577575057529923,-1.9650344276243132,-1.625147018338024,2
-1.8340989532364167,-1.968974704399025,0.909217813002959,-2.097267932354518,-1.9783450413723938,1.5511259204777472,-2.289151093577077,-1.9754054132394936,1.074011847321887,-2.3978715830544903,-1.9792675456809397,0.6964687671788569,-2.4920203934143372,-1.9862214906868976,0.3226235225846038,-2.067234114924459,-1.9269390384848495,-0.5688495964568671,-2.0849190249191025,-1.962706961877334,-0.8872767015188224,-2.100450964568586,-1.9739188581908849,-0.931953947753836,-2.0876756984909832,-1.9768561970945333,-0.9095920541755629,-1.8936458977362138,-1.916443577601805,-1.5387422259432308,-1.8976831499146334,-1.9707886846779443,-1.553056653980182,-1.8975798808153623,-2.0119510043047186,-1.574082757538611,-1.8685468789978925,-2.0391205716361607,-1.5551555801799444,-1.7481756355786464,-1.912855874785873,-2.044235964622091,-1.7161190885545954,-1.9724755223803851,-1.8897266839391393,-1.6924745442802573,-2.0190140140119217,-1.943719420912587,-1.6554422564376488,-2.0515193007422368,-1.947137795892256,-1.626032565774675,-1.911425557913286,-2.0778261355566263,-1.5631349732984907,-1.9531747703000915,-2.0133510634851035,-1.5248515468089776,-1.9871658594451378,-2.0645719054260585,-1.4771937808508173,-2.016308705911047,-2.0748970323174047,2
-1.826074735176155,-1.8781573121240063,0.7423442626723165,-2.0045740705673385,-1.9148889521759822,1.2585017822943585,-2.082693658984131,-1.9336039834009062,0.6472508049760316,-2.083299181619249,-1.9428678231406546,0.20189364014863412,-2.0368030737368548,-1.945315191912029,-0.18518027262202402,-1.9726576321802851,-1.8767646476167612,-1.0223029645187145,-1.9370600213221596,-1.9000118348934196,-1.345073944535092,-1.9089884905697614,-1.9007040361611363,-1.3891654921055745,-1.85843462793772,-1.8930541411891422,-1.361760186828065,-1.8277712861363484,-1.8500876854172832,-2.081693733620828,-1.7697093028884898,-1.8956961117134685,-2.069666400222952,-1.7130275649228695,-1.9175772829619262,-2.0052148985693012,-1.6342872130369956,-1.9274586803865166,-1.8990978152170956,-1.7022058789099046,-1.8246641245497108,-2.5620635851908173,-1.5903556153868899,-1.8707135388988032,-2.398012459616093,-1.4958602688847586,-1.8954724984870772,-2.2664641203926177,-1.4025877586633573,-1.9042695255421136,-2.129616831154967,-1.5950182427343922,-1.797392369310461,-2.534931409970633,-1.4801460769751669,-1.8267622476513095,-2.3598222035373886,-1.3975964612963896,-1.842323672803581,-2.191109989577524,-1.3198603905864263,-1.8464863222396952,-2.050760040221436,2
-1.7601319281853565,0.4126466474307192,-2.2061748526533163,-1.682236942974016,0.39515695668018913,-1.0478194067566071,-1.5674230254176047,0.36885020155189424,-1.48380652437301,-1.4915985501613778,0.35900782966799316,-1.6250064133839182,-1.4532399561312062,0.35318719015455363,-1.6321686948205383,-1.752704786544367,0.398047095400649,-2.6259399934268757,-1.6546387010856587,0.4196006239305858,-2.346212384089523,-1.5622995042583718,0.4388712346309418,-1.8461578927078863,-1.4904821221034112,0.4427469644792298,-1.4654953973026559,-1.8106748387529636,0.42018383851014,-2.3151613249686034,-1.7037037226117635,0.44963002937404634,-2.0547950949109746,-1.604365596301517,0.46427780468165053,-1.5641535365637997,-1.5247940429661033,0.4673819451145439,-1.2391321958500072,-1.826814769131142,0.43877091128764284,-1.5087798462620485,-1.7465870556890375,0.46786443909068953,-1.426103924456714,-1.6601130754221662,0.48278378478929185,-1.1078027574976477,-1.577153415991047,0.4879344234741558,-0.86997444721621,-1.8233210852135144,0.449647597198437,-0.7808458887497645,-1.7796078502623005,0.46995740810353803,-0.8176102321693177,-1.7170313110408668,0.4877314405771628,-0.7464147513638872,-1.6475984389693965,0.5018866776125709,-0.6708884162772241,2
-1.804698600980429,0.4439917119138895,-0.7062383723118195,-1.7778846725987871,0.43900514488898923,-2.1100173585460245,-1.7485626054524068,0.4135447188586054,-1.9013237088825536,-1.7021658306930172,0.39725655760214773,-1.5248302139041638,-1.6363999085133119,0.39226154464540525,-1.145883811405321,-1.9078710811595043,0.4524835982826993,-1.110694451018408,-1.8748555503180313,0.45463030830894535,-0.3513680997077856,-1.8514766683125488,0.47605579835968437,0.002042929616718868,-1.8082346910203875,0.49983206158548343,0.15622973926399641,-1.915916955769328,0.4503327507726134,0.12213188322881059,-1.9075390504876497,0.4608867108726012,0.47718286670001353,-1.8661771615201366,0.48338093600822213,0.6024704635808555,-1.800523913765838,0.500208244529233,0.6192706132127105,-1.8912417106144455,0.4478986579135855,1.2355084798038183,-1.8870296162745026,0.4438773100226193,1.2271975964484108,-1.8477769589938406,0.46117873097582307,1.0797897433738555,-1.7890690630280577,0.4766749511241139,0.9620155658408663,-1.8601618365678056,0.45249614414830147,1.8196565072191027,-1.8406678592877062,0.44173114372172484,1.663292535084263,-1.8021992096129182,0.45129884570648426,1.4672288574159826,-1.750604293220983,0.46275885966998154,1.3055593193218245,2
-1.8131739892675296,-1.4551940191302712,0.3809784563752547,-1.9759539347561808,-1.5464468328622376,-1.5116031839298834,-1.9925276621069454,-1.6139473057860556,-1.5246023248308203,-1.9936069303894004,-1.662806047492845,-1.578104672962383,-2.010873806620364,-1.6967617616089015,-1.6072572626140953,-1.487079484010429,-1.4779629646686285,0.028752667840650625,-1.3582050246967423,-1.4423746549606034,-0.09803983495504845,-1.2585832550677378,-1.4098206365313222,-0.4571503347363141,-1.1545067410152812,-1.3832827220527417,-0.7447289904536188,-1.3914891059291896,-1.4277662918459009,0.172307951359067,-1.2679359723288932,-1.4028263937773044,0.12041822490854313,-1.1698253232113358,-1.3885748422790973,-0.20914234532317072,-1.0545183612799378,-1.3714555271945656,-0.4856109816775074,-1.3532323276047655,-1.3919408211258377,0.06989989703097493,-1.2288486292811356,-1.3824628233007425,0.008090376397815187,-1.135903343537218,-1.375881919058651,-0.31282637995097134,-1.0280172253034507,-1.3631052379471802,-0.5446408168261456,-1.3550519844044195,-1.3645878268413338,-0.12332333247864631,-1.2431945941302796,-1.3662099414278799,-0.174350611168558,-1.169155308529338,-1.367929095116205,-0.37044947218714713,-1.0857875441120013,-1.3629227326375768,-0.5398781600270397,2
-1.7894665496065714,-1.3872015868967398,-2.260182261032956,-2.101978602548597,-1.4440706013042979,-1.7825516302874729,-2.2591786412450428,-1.4978309390185984,-2.337600433952247,-2.329197348358813,-1.5497256919112863,-2.7305680000270898,-2.4232753760785,-1.6035162328815937,-2.989411856747618,-1.8795978454673314,-1.3145361000517113,-2.337718248390914,-1.9317925212564087,-1.2592239157901093,-2.7313155673703866,-2.0166687847764524,-1.220118860488968,-3.0603749788563985,-2.083769417389498,-1.1893369089266426,-3.1573434899893047,-1.6890971378748718,-1.2737289932257443,-2.4652861320935346,-1.6892035627139013,-1.224808591721153,-2.5305257319496075,-1.7441301583533793,-1.2047767238017306,-2.795109920956567,-1.789497606084146,-1.1793414516420555,-3.0045524066800384,-1.5464028773211558,-1.2580001584896867,-2.2179396737754105,-1.4963894302160219,-1.2226253431131997,-2.4307426391929394,-1.5115227876322026,-1.2202333110528347,-2.7240901323257907,-1.532527788586131,-1.211702051600993,-2.8733519310308804,-1.4446138040258087,-1.266086759049326,-1.8324909700295913,-1.3697124819053499,-1.2557057626899653,-2.043748471321797,-1.3486060261924353,-1.2542269018045216,-2.226922675148221,-1.3474189171172717,-1.2498266441285213,-2.3620702424167286,2
-1.9130012360532993,-1.335553877478962,1.053746328740311,-1.9639272165562145,-1.4138063940612084,-0.5059385038486544,-1.9001766929414114,-1.4586969001103447,-0.7848662123278749,-1.852900171773086,-1.499221049090408,-1.0607974017000326,-1.8195895412153296,-1.5398941943551139,-1.2905592339640959,-1.560862910962673,-1.2605559056008124,-0.4130848966073703,-1.387956276796377,-1.2100761405965172,-0.8432096352525498,-1.2426527381098065,-1.1735321037902602,-1.1929827663536603,-1.1106499069791882,-1.14413816369189,-1.369569107760137,-1.5352964154252449,-1.2077132621147653,-0.679581598456643,-1.3846404094579812,-1.1522226411366452,-0.8294049180079077,-1.261563474181442,-1.1227090863411837,-0.9849517935890595,-1.1374442349578529,-1.0950409875021232,-1.0875036837309442,-1.5436214601909526,-1.1688011942164085,-0.8895658873874667,-1.4270477304939153,-1.1247971078069894,-0.9068190309885344,-1.3023695157228607,-1.1028868360998483,-0.8492669905761503,-1.1800650436925522,-1.0770644715568751,-0.8008477216572517,-1.5812818251720782,-1.1489244978132187,-0.9890617883076086,-1.4760378683622288,-1.1245459561829374,-0.9595170240866036,-1.3826508056033717,-1.1065850402037671,-0.8718000312076776,-1.2881916568362983,-1.0843287367068466,-0.8172484689242125,2
-1.9613795193854557,-1.3884563426351877,0.04373044988983784,-2.11812620409077,-1.509844371005158,0.17168735874678934,-2.1675903650480763,-1.5707810421634243,-0.379399695064539,-2.1585200797754323,-1.619158457296946,-0.7812351291723452,-2.149349227913086,-1.660074857802297,-1.1402369820896792,-1.7477109063644036,-1.4853599429284599,-1.0307570026678992,-1.55748636509557,-1.49399118506247,-1.121817815242944,-1.4307465645049788,-1.4769471651648163,-1.0816249837328804,-1.313720194079659,-1.4540570179066787,-1.0526920627131102,-1.6073605327606346,-1.4222393240852271,-1.5158779970232816,-1.4214078371042425,-1.4454081069654576,-1.418917638844021,-1.2811030190234107,-1.4533329967190098,-1.4623907749726273,-1.1438841840938814,-1.4545325847762864,-1.4971930103150421,-1.5325476168982588,-1.3732780406599396,-1.6488921597722768,-1.3706108749332695,-1.413949532182666,-1.437390727158479,-1.2362037552809784,-1.4373777983749587,-1.620433285147765,-1.1158893865967108,-1.4506556413792397,-1.7409252562759345,-1.5051660444850563,-1.3348834969001218,-1.5404339238823004,-1.377686263493639,-1.3766425331598817,-1.4140617361078154,-1.278504322747958,-1.4002113155653955,-1.5288627565140542,-1.1884327651758362,-1.4148456626219053,-1.6135585032261788,2
-1.9356523150796943,-1.457489425461321,1.2564798732297962,-2.1035981617289106,-1.587313469874464,0.22621514522400762,-2.1353510471335277,-1.6581051935587656,-0.26550982381016314,-2.1263141744430927,-1.7204655795712238,-0.554185526955221,-2.195284649576177,-1.7697432453004083,-0.8221091285117496,-1.7252951941929762,-1.5206112720471134,-0.9703828061880447,-1.506546643748137,-1.5033538239541768,-1.0032729946654484,-1.3589347526054742,-1.474052639461301,-0.9766616793404502,-1.223029151185667,-1.4428507017721135,-0.9279650737298233,-1.5878070789564454,-1.4488004739351132,-1.3147237753695291,-1.3728090127113555,-1.4548526172040703,-1.0053479230421893,-1.2225475942857338,-1.4526883795084526,-0.8873036313507462,-1.0839968675563245,-1.4418484024842426,-0.8566293819209762,-1.5119313073542975,-1.3930831475424308,-1.335750417281726,-1.3281773442467215,-1.42141051935279,-1.0124148757347482,-1.1898911466188056,-1.4379324875236401,-1.00865706682224,-1.0677171903650111,-1.442231616573126,-1.0500074907754446,-1.4756605589647966,-1.3511343483070852,-1.173386087633205,-1.336764222043774,-1.3806375416641352,-1.0036371645792752,-1.2368729641128493,-1.3968213221610686,-0.9974604218337632,-1.1411784424681304,-1.407892890226081,-1.0147835477035858,2
-1.9687736548875479,-1.4180601134405122,0.636585761064786,-2.1215590775236444,-1.537123556480468,0.105139016643781,-2.151418906115577,-1.6130925401748502,-0.4064698009414169,-2.15647382525464,-1.6778168469945174,-0.7764465329378692,-2.2108781500152714,-1.72990165613282,-1.076942750287797,-1.737648663416566,-1.4861971459422612,-0.6535839283846235,-1.5451243207436407,-1.4762791966206397,-0.8857847205713526,-1.419534025374288,-1.4531923547012238,-1.0651597872575749,-1.2920487834929286,-1.4289206891151478,-1.1542001021107233,-1.6077426060824611,-1.4181282579865218,-1.1637874715040888,-1.4207712184010497,-1.4225990680011025,-1.0712673206644834,-1.2837076483123835,-1.4251121225852241,-1.1647275251465585,-1.1459703506804448,-1.420248493487532,-1.254994316360954,-1.5364009979574604,-1.363742171073307,-1.417666869909158,-1.365064008176858,-1.3831878504342787,-1.209404008469029,-1.2319646576332715,-1.3970068999107894,-1.278644748704892,-1.1132484225124752,-1.4013196572156361,-1.3507447548604343,-1.5038005107035006,-1.3211469124768846,-1.4343285051215573,-1.3654556886022933,-1.3442601256637519,-1.2888151650641235,-1.2734359069331,-1.3588039931203266,-1.2732186372156216,-1.1906488055585163,-1.3685318787740297,-1.2812796072497548,2
-2.113865721500438,0.28632674531975594,-2.389498790020052,-2.292239804398581,0.2929621864167362,-3.646412231422553,-2.489456664445547,0.2987771290071447,-3.516952245306265,-2.6370729168169142,0.3014977023399458,-3.391884188228345,-2.7252532040551367,0.3159910831408992,-3.1455410655407112,-2.589770700555441,0.3687318744656883,-1.2757010758182583,-2.5975503445726256,0.3868903072304722,-2.1187886557012576,-2.546056875452723,0.3664256675532968,-2.682632926910026,-2.5251185185900122,0.32258449577445575,-2.8071360425129313,-2.425381566740422,0.39281995229490463,-0.460282807074139,-2.4604949961797167,0.4069904556732835,-1.4915195236803722,-2.4057142005493737,0.3754784501222785,-1.9462494508392314,-2.379717841670232,0.3352811698048678,-1.9726261168399069,-2.29504752226013,0.4158107214076812,0.049971171917763305,-2.31664869077834,0.4275966173387939,-1.0937939763773294,-2.254472892693521,0.39778861224570966,-1.3948165608057097,-2.224451644396887,0.35817517847684843,-1.306784717345322,-2.193330583706445,0.42747015694072105,0.25087757051852655,-2.188559152596135,0.43483544323030787,-0.6370495923179791,-2.1484929605996546,0.41226180347098124,-0.9545455003422407,-2.1356084482763,0.3820412688327637,-0.9787441796185323,2
-1.9954946005119054,0.44393622951729145,-0.864132215206024,-2.029462178702124,0.5379415445858633,-2.2638965766525923,-2.102549822821051,0.5869096727189811,-1.44168403940726,-2.1265344923498515,0.5921442833693766,-0.7009209230301612,-2.1278245202713983,0.6003040342077391,-0.14834712722148685,-2.277870873537865,0.5398721276198462,0.0726784132192399,-2.280438975050682,0.5562021525874328,1.0246159681691402,-2.237034265610077,0.5481617572023862,1.2838909991469254,-2.2314265180438264,0.5311537424256657,1.309653815418099,-2.2310240279326727,0.5162085603804824,1.6162972263918174,-2.240481640467891,0.5145095345350075,2.1075401266617293,-2.212294661158651,0.5220591920563792,1.8190050661202213,-2.1748905677795807,0.5237507051075306,1.4712327213666911,-2.1764639967186814,0.5037443652117077,2.71670010130337,-2.1778815018060853,0.4982237282071218,2.7317040611493977,-2.1340449927688936,0.5082061521603998,2.165440437553135,-2.0959973578893005,0.517432062620513,1.6852793797629213,-2.1238599482182017,0.5055170751066183,3.134282085586851,-2.1079440547662633,0.5051361332484264,2.8966912659479407,-2.0705919854816317,0.5008983100560043,2.517147955767897,-2.0436179156683543,0.4966621954874934,2.2032789845824814,2
-1.9882008114913015,0.35296039232121834,-1.1352809361402605,-1.9858533837254007,0.3432041583788232,-0.07847419285373812,-2.0031575103564445,0.3256329161055601,-0.2642401555081039,-2.0307362134730154,0.3046642491599938,-0.5229813999949178,-2.004848701678418,0.2941449463791522,-0.7617967071414025,-1.9993822507321337,0.4187572136875529,0.2135611015822645,-2.065479429782911,0.4367173080016667,-0.14027659654434665,-2.121074510258717,0.4952007593907434,-0.47056810940753035,-2.1435021534452274,0.5534993305862602,-0.7080430477044194,-1.9868918973838539,0.4264465225613596,-0.2554725658533655,-2.05771677314556,0.46016564141740046,-0.4929601961555398,-2.1026116855762997,0.5336490889675477,-0.7988740314274854,-2.105812990702711,0.6072422673666975,-1.0296566652673729,-1.9766216307928015,0.4352292954519765,-0.7486988003664995,-2.032442990611088,0.4736777776578451,-0.8904373999793945,-2.0585575748711498,0.541364068201882,-1.19711127271453,-2.050361314634575,0.6077372270692055,-1.3937785613419778,-1.9697578959420545,0.440566133658697,-1.0392187682949896,-1.9989785238554558,0.46982532614437106,-1.1356199090007213,-2.0022074547328708,0.5235727898703094,-1.3316870819784807,-1.9772984835618999,0.5825518920294915,-1.4884124365323936,2
0.7638640625915073,-1.2952409371610516,-0.6971024383592741,1.0938135225796919,-1.451798406523066,0.8023124367445176,1.2085909269252129,-1.5871419402545937,0.8049103855753398,1.276303636896354,-1.677783630496537,0.8193253580508459,1.439235114399141,-1.718911045772151,0.6852185584115323,0.6689032593448432,-1.5020800948286035,0.05828510967003954,0.46670044213251904,-1.4949204285000126,0.16129152094701096,0.3428856416657026,-1.4791896672286462,0.06882488138840447,0.21350301570371893,-1.467894637622552,-0.07808873021843145,0.47553824095226177,-1.4372789024224335,-0.2730745006898275,0.293236520407553,-1.4526086790519757,-0.03733200492368529,0.2086976475571331,-1.476498231906302,-0.21869097689696287,0.10484541147840343,-1.4754619216238631,-0.4705758165381342,0.36693427827639125,-1.3843579522326634,-0.4096040322902302,0.17415716302083478,-1.4182322864995005,-0.3219233855879784,0.09982741261129408,-1.4508388115093347,-0.3722560120112561,0.027770341502384534,-1.4557199444407478,-0.43826536076246425,0.3140330555838558,-1.342459267144704,-0.40441522149676296,0.14746761097333455,-1.3828758063102626,-0.4641274126518846,0.07725905916685762,-1.403186748338523,-0.45706011905580973,0.01445670476732703,-1.4130859201791712,-0.449938588964945,2
0.8061503810417925,-1.379255867522402,0.020929479870092027,1.0673094433214876,-1.5082419586997435,0.9147150215861005,1.148818688845233,-1.597002207813492,0.774169156297196,1.2086992950544886,-1.6713535280045977,0.5900546675562655,1.356959109036938,-1.7135793188241333,0.3085566723456984,0.5751084004250021,-1.5069561739352586,0.4663202277450976,0.4035244283473441,-1.5042603725036845,0.43923289423621303,0.3052229036066544,-1.4839109468364886,0.253678182818264,0.20134544698437298,-1.4621387942974902,0.04539841077539371,0.38198567978861353,-1.44300419489426,-0.0922369034901066,0.18422455927537904,-1.453343495065248,-0.043329468835640796,0.07161057493182042,-1.4573867813597046,-0.25915079260603807,-0.03386411563178579,-1.4538061719911783,-0.48024641621078473,0.27936522928919766,-1.387637282902808,-0.5532327443124501,0.09447332185244607,-1.4218647547694887,-0.45769392364164607,-0.00013508071288827772,-1.438885171827566,-0.6855822837769282,-0.09061656233422635,-1.4433668747573136,-0.8744222435335158,0.23558330953531892,-1.344313288191883,-0.7713356732343872,0.09199098781674392,-1.3826092213376873,-0.7930784754084562,0.018184039901409085,-1.4002364805877363,-0.9490961823625566,-0.05374004215761146,-1.4098734558679555,-1.0741511203151701,2
0.7812170029713561,-1.3671749313195685,0.31443535375215015,1.0441458450311496,-1.5059013063192175,0.8029733245496059,1.131419817166422,-1.594470775036907,0.6025189975244395,1.1911455697570195,-1.6679354252793406,0.3826851791652859,1.327127689315413,-1.7118157080274872,0.09597968591271888,0.568057382102724,-1.4998935030799265,0.23581873177294166,0.390957005386528,-1.4989476488514442,0.15106239643394917,0.29472453232157775,-1.4784257299855599,0.01026255839512279,0.20484983394036374,-1.4565125379949346,-0.13224372308477433,0.3767244767963431,-1.4379354256041808,-0.2887108077660823,0.18310867818687301,-1.4507826362652527,-0.2523812473947274,0.06924430927173858,-1.4531291758283684,-0.41290352094305266,-0.03615077876679253,-1.4491225840723871,-0.5554502722885374,0.26953791911495734,-1.3815609866863654,-0.6911911986359051,0.08598460476646347,-1.4156488949282322,-0.5694865728187003,-0.010997379384325125,-1.4347220944458285,-0.7969606776321841,-0.10559535671555421,-1.441477831239599,-0.9610287405868619,0.2182005660592089,-1.3350069167332452,-0.8582471131769767,0.07363998824309871,-1.3793565349644346,-0.8478116908911684,0.0028002459906303575,-1.3995938453856345,-0.986467471374538,-0.066270360230172,-1.4110777187376429,-1.086965591363205,2
-2.130094236771847,0.3040309646803556,-3.410672813704495,-2.1990512392672064,0.3069062804613967,-2.951809481727552,-2.2200242733043547,0.3163808586980339,-3.1205348849171504,-2.1760426280106238,0.32050226454443165,-3.1506295432196456,-2.143082363274408,0.3303986317059759,-2.9619386493279203,-2.3118837019865905,0.4172300832553937,-1.7230081604616005,-2.1237690834739107,0.3787939682727759,-2.4842011690690673,-2.0825754577429065,0.3222579850291845,-2.805513606095342,-2.1307439100529004,0.2773233260782216,-2.7818950908210685,-2.233763382844794,0.4327961959341608,-1.2000713862851706,-2.058189741278158,0.3854620960463458,-2.004593376492744,-2.0283951913995364,0.32546109717844784,-2.165969731615933,-2.072913512068493,0.2866668693211452,-2.058394824530288,-2.1676124036212174,0.4503512958288854,-0.7466631686246992,-2.0114499433076873,0.40969091706965516,-1.648042511207036,-1.9766417036704342,0.35471534311828734,-1.7041775176725928,-2.0090602220002753,0.31962057075505634,-1.509940069089819,-2.1234828331169715,0.4629041200408015,-0.4624872435474802,-1.9874047249081945,0.43907363318280357,-1.1667775667642069,-1.9402440144092958,0.4013939574542342,-1.3243325896422322,-1.9444913959878165,0.3769231187368313,-1.242439929600409,2
0.5820797994012781,-1.175446262808961,-1.3780130980858276,0.7126147701552963,-1.2760083559174222,-1.3392207062620758,0.6782045672546032,-1.3097451385707168,-1.7050991120644978,0.6021526661579233,-1.3558379356125547,-1.9984318956924727,0.6052008563483456,-1.408716588486656,-2.246086734570803,0.19351459521050698,-1.1234152756233289,-1.3339720792733452,-0.0017404896065141228,-1.0415441514470705,-2.0134806461495405,-0.05012601754881093,-0.9605535068107182,-2.536243565235994,-0.047017552022413936,-0.8900096024306907,-2.7356860385861013,0.11347226454628558,-1.0453493346907707,-1.5170968095369892,-0.06698895755612912,-0.9766266077065485,-1.8449137758470806,-0.1282462299913567,-0.915130599760472,-2.1831174887068747,-0.13220165774723974,-0.8611767701629905,-2.358125934360962,0.1077902131638688,-0.9923870496992536,-1.5353567180566037,-0.04322219905614656,-0.9318902344181665,-1.76170914836037,-0.10280447842969066,-0.8854451487094613,-2.0009814766614467,-0.13419683685358078,-0.8466440780913462,-2.1263622389910752,0.14759556834646498,-0.9599000711637729,-1.4360844516179936,0.04779652663585358,-0.9043543010045235,-1.6891873488377989,0.0037900681051228863,-0.874939949973456,-1.8756349618994472,-0.03379399351167956,-0.8582686851308916,-1.9843643268079385,2
0.9027420372093992,-1.1520888851539655,-0.8111800540968099,1.0117600435102434,-1.3115436997612946,0.5538759854712351,0.9253279423986444,-1.3902704818935023,0.26026657941657955,0.8471170798822854,-1.455615570186928,0.11177727885785958,0.911182289659895,-1.5120740222476474,-0.16399507101829897,0.5540280546511289,-1.2178522674095682,-0.8603643722980914,0.3277440914257611,-1.1338108422370592,-0.6061433372906345,0.20352935266471703,-1.0651668625877557,-0.5913526833092828,0.07544966854501187,-1.0115172175957752,-0.6809725224489404,0.45713305906479335,-1.1362353949073103,-1.239862103874859,0.22923386126269377,-1.0691539402730035,-0.7983620936091395,0.09280177706466597,-1.0262592302359772,-1.0074210489592736,-0.028104852277724558,-0.9817809154476234,-1.3342941561955541,0.41421914881658606,-1.0749329132577214,-1.1846259573362905,0.20833574940463861,-1.0306326008121884,-0.8470156369866837,0.10545286503826988,-1.0053399561626608,-1.0818542197569,0.028708125093653527,-0.970599414441028,-1.3501939101988416,0.40805011301117994,-1.0336991108920552,-0.9525464918653872,0.24217849576198924,-1.0149225031768205,-0.8417672260484588,0.16442017808168474,-0.9931962176439743,-0.9221858628197002,0.09286830247524255,-0.966477843067787,-1.047740959510494,2
-2.023380032049328,-1.5196487372679013,1.2019624846576842,-2.2325955346576083,-1.625937291561115,-0.46811548702437766,-2.315824134153755,-1.694412623433897,-1.2354157256430773,-2.3662902582031036,-1.7560840889937295,-1.7314654117060058,-2.468738610833916,-1.8035437848141995,-2.1350135966034247,-1.9094072845351775,-1.5784338840507475,-1.9816454880954504,-1.711455746453363,-1.56479100571561,-2.182734052844427,-1.5732162926582374,-1.541162731539652,-2.2423131004251045,-1.437810698682187,-1.51560398335275,-2.2185566261169516,-1.7520842436827244,-1.5087496572954198,-2.5072455083688654,-1.5493915750989373,-1.514022801891842,-2.245254066418039,-1.4015176655979877,-1.5176619772787487,-2.2728633396383167,-1.2574409179603687,-1.5152060400431056,-2.296631063419528,-1.6583367974651662,-1.4543716550756927,-2.49829513673189,-1.4776021422383394,-1.4820736528208291,-2.1096857497250823,-1.3396863803522654,-1.5012718925399777,-2.1905671107229545,-1.2183629303455967,-1.508995890632332,-2.265403332137047,-1.608313435628267,-1.414160456399392,-2.2251778607065624,-1.4653113182862776,-1.451026196653023,-2.0292270216314052,-1.3644522307668414,-1.4715683257836003,-2.06149954889721,-1.2667141810437805,-1.48195775449229,-2.0915609444141854,2
-1.9930123863845932,-1.5343974520404906,1.3541135732402172,-2.1841814344862387,-1.6574176861139764,0.34224147463911175,-2.2357798524357535,-1.7209363184856832,-0.22140255032049078,-2.2660357378914466,-1.7752811401091075,-0.5731721486470163,-2.3724270520068576,-1.8197575536670823,-0.9180959016428738,-1.8440346264833314,-1.5859006747681592,-1.1898798747304635,-1.6451704073459412,-1.5726101428266,-1.2841675870168936,-1.5131154820174735,-1.54955854807817,-1.3013419297747024,-1.3882065617110044,-1.5230613966762585,-1.281985154435162,-1.6893782551954424,-1.515577088058605,-1.7540306602044209,-1.48061697321701,-1.5204996801802553,-1.5104333412228423,-1.331914038409475,-1.5245455201430522,-1.5379643623354275,-1.1872711359358472,-1.522204167814798,-1.583547162669222,-1.601627918337976,-1.4606510377346904,-1.8655361865771436,-1.4177307539232336,-1.486424330190628,-1.5630868016584116,-1.27862363267551,-1.5069562548668798,-1.6719583373124816,-1.151549067352553,-1.516145369469971,-1.7763057235917703,-1.5592428415410775,-1.4238945686037217,-1.686793574101982,-1.4193725676846958,-1.4553300240760616,-1.5487004594593552,-1.3230895146258166,-1.4738841700764178,-1.5836247165408455,-1.2273803068521167,-1.4845723643376563,-1.6281851471963726,2
-2.1026082464611164,-1.4427035445961391,0.4293935233789229,-2.2762819213646535,-1.5456064588344913,0.13896072957139385,-2.2842508159206854,-1.6259675972578216,-0.38169726683805966,-2.2697291805358857,-1.6909110962570546,-0.7155368878582685,-2.362371359620987,-1.744680025997124,-1.0276259796885132,-1.9527162493132244,-1.505716900348739,-1.2867863159296389,-1.7722060592219937,-1.5078951708076194,-1.4899936744457485,-1.645765142407144,-1.4853254574349832,-1.562891532330616,-1.5151894042339318,-1.459364163205001,-1.5686832501364303,-1.8021797605985175,-1.431697087620951,-1.9292537678836263,-1.6009675810261075,-1.4399373517591623,-1.7182784819984789,-1.4566226079263578,-1.4388756604111725,-1.738482313653195,-1.313266174426444,-1.4303901704670163,-1.7689178666896865,-1.7192493650205745,-1.3701508158850417,-2.1069643039360866,-1.526675993022253,-1.3963292888349816,-1.8402147081418267,-1.388774366349971,-1.4090165649671287,-1.8551320331411296,-1.262598274285324,-1.4094495463763719,-1.8776451207423746,-1.6787291215601938,-1.3244647701510777,-1.9651425951408485,-1.5240386267112433,-1.3571198242727065,-1.802470416280273,-1.41726413620393,-1.376377655353564,-1.767585738644496,-1.3132779923090514,-1.3867182089320922,-1.761925023624098,2
-2.0828376559691746,0.36030256280435824,-2.6918998187327503,-2.1619538705379977,0.37867537928803163,-2.9936300957205235,-2.2041754542175482,0.3792289408781233,-3.178348511801298,-2.1657193830729415,0.3813765699064539,-3.1935635523168986,-2.1294348125371187,0.38445965447147684,-3.0297538881715447,-2.361599942719966,0.473770249976627,-1.9677191786808992,-2.229060335825155,0.46172607703813384,-2.173577113228419,-2.1755773676991494,0.4011887399669812,-2.2303959055585265,-2.200138354689923,0.34597696702911707,-2.150209517415333,-2.2799885093222025,0.4822176197481575,-1.2097125861641818,-2.1459406159174037,0.468123898791073,-1.7029033511995804,-2.0938240774601886,0.401301553766462,-1.7780282862227417,-2.116069892879748,0.3496846622639661,-1.675356476573456,-2.188978815151119,0.4856629858509017,-0.42267784974219547,-2.0685265319149364,0.4742839394486934,-1.215383461259787,-2.015431181202,0.4143271004699211,-1.2845057994413522,-2.0205995571512725,0.36124402717282544,-1.1219311246171126,-2.108589049308982,0.4869407417568378,0.08437284915998348,-2.0103867457145275,0.4774850037519472,-0.6207020041189719,-1.9601034004994438,0.4361193042302936,-0.8168382832414812,-1.9581027710227263,0.3962400162988371,-0.7922430072194078,2
0.7864303527304447,0.4998397232792494,0.2550628719269392,0.7851760447129393,0.4984110774879598,0.4880701155306124,0.7876475549123704,0.5098060929963907,0.6607703194873406,0.7944953949354295,0.5199491283859607,0.8191550449013717,0.7901858785838919,0.5194776550973563,0.8919955724850555,0.7545697625101165,0.5119157221508235,0.3248174678516987,0.7878912231718774,0.51618557830647,0.5085633981921083,0.788150061811435,0.5345428626960678,0.6300173938744699,0.7656178265292752,0.5524432081980846,0.689025476335193,0.7547234442297691,0.5157298455604582,0.44709165682218077,0.7642696198851548,0.5181508727994167,0.5693841436927545,0.7528046095200234,0.5300449092326797,0.7278127690310231,0.7280438205939714,0.5359961568496894,0.8146059106579574,0.7550288628711103,0.5166198785203546,0.5265454087067893,0.759531753307539,0.522178439454459,0.647346692538929,0.7502714610541205,0.532814570748809,0.7555054710584755,0.7308221028983597,0.5373723010439236,0.8193431773988795,0.7514745053277783,0.5147636718028722,0.5371852110999665,0.7555781173238219,0.5242950114843318,0.6835596084334604,0.7464355814032917,0.5341574631619759,0.7432387818739715,0.7242965693850282,0.5384875306744112,0.7706000660730363,3
0.7908992716152498,0.5179668180857149,0.4653702197815147,0.797497432085285,0.5060942610769359,0.36134188081938434,0.7827813172396986,0.5054662366979241,0.43601047155125144,0.8064777792039641,0.510092028374326,0.5190802884731005,0.8159397619918163,0.5146455013475504,0.5440468263881963,0.7525675996112604,0.5041202254198337,0.07666456628896255,0.7845206834487285,0.5118211767613836,0.2119011654911966,0.7964965736490309,0.5339463124299908,0.32019058376698645,0.7808757215138593,0.551274555945757,0.37279195812800825,0.7520329257572789,0.5083997642362474,0.0861206443097331,0.764448556498058,0.5196105073291813,0.22769960737311062,0.7645963713881067,0.5325690584617969,0.33256611430845495,0.7469035284233803,0.536103961982047,0.3849621166592832,0.7538099958518785,0.512197107104714,0.12793913395896447,0.7663270840317833,0.5258048615435958,0.286395653888679,0.7625165574688307,0.5345054494350551,0.36845437340024634,0.7457264262297927,0.5365541421668468,0.3879661476784978,0.7586804206820871,0.5142722859864403,0.1557902496721705,0.7641810128128235,0.5259025915005888,0.28503545590673574,0.7572314716478938,0.5315116921815174,0.3543101946520174,0.7470021359979855,0.5328245605281554,0.3819638797742383,3
0.7717618752002846,0.5082467289894054,0.6051693878568191,0.778343487373455,0.49100884490137703,0.12261878318061621,0.7690627104674298,0.49473274563277475,0.16016390167192074,0.7870274492846325,0.49934878446677194,0.23241602492955218,0.7792020016480757,0.501929140635941,0.25577104762378744,0.7429673260479676,0.4926182473304186,-0.2595207580105668,0.7699101560288213,0.5036188451947352,-0.15514605795551437,0.7598286807548325,0.5261909172569396,-0.04394202629351303,0.7267760031308195,0.5435860418170307,0.031464829477967526,0.7424396432964899,0.49700908703292845,-0.20540355134280727,0.7511991545325976,0.5138951883579244,-0.10364445111304157,0.7313200367670046,0.5248838119382065,0.013280373450936318,0.7025727390796133,0.525680780364812,0.09980399593064097,0.741697699679948,0.5009184271139338,-0.069540237721428,0.7566661514484865,0.5221547692996381,0.05103373420524954,0.737061518625615,0.5311836379486731,0.12516689593128513,0.7081433697161712,0.5329979117103545,0.16098373988681985,0.7403043560293364,0.5042708358160526,0.040442141016058024,0.7433720430994635,0.5244687893776557,0.10645064843904463,0.7253399461634962,0.5342822286937936,0.13703514390838603,0.7028953489744999,0.5385180616530761,0.15296234196279335,3
0.8244842277251643,0.5218623225083961,0.7839177144656346,0.8473498945638437,0.5163800425398459,0.2104910595207025,0.8573367749161185,0.5088357779609175,0.25657563633600966,0.8975854690611964,0.5111780271827817,0.3030929016804464,0.9068122672846253,0.5149164607743066,0.3131332311432335,0.8176600612609629,0.5058888987580635,0.23143888093388187,0.8691512361688649,0.5099901232674399,0.219869509384604,0.8803951825513661,0.5324184379438179,0.22779301405601837,0.8614159582344023,0.5498209070059086,0.24662992818015966,0.8103789282391098,0.5084284871254489,0.26082243377641307,0.8407178150058496,0.5194555461291036,0.18128981159024635,0.8440959493153263,0.5379337319639684,0.18609669566331843,0.8194762615810052,0.5442649316308502,0.22611090276003368,0.8086527771033962,0.512036922324921,0.2545751176456475,0.8380978421718411,0.5242282234050905,0.25053790992430447,0.840176435100861,0.5431738269154324,0.2483767964175245,0.8159149310578881,0.5525428739891656,0.2660987444448807,0.8123770857160687,0.5142631119221894,0.22942944837172508,0.8284130678690154,0.5261982291240598,0.2731108110053841,0.826956746482745,0.5409840714857038,0.29010927381491575,0.8048037155460711,0.5498092597974508,0.31097870841739494,3
0.873071371757159,0.5316556768207261,0.6688736330394964,0.8989703720766841,0.526463869811624,0.033735078852503736,0.921192824376307,0.5136582406859355,0.09342834665564374,0.9637047435032584,0.5096664680529168,0.15633457687390795,0.9774222879952378,0.5089746134033342,0.1835475038616979,0.8869554689428081,0.5074209474846902,0.06935983676385894,0.9434643055820418,0.5069532479751813,0.07024948260933436,0.9614672668944257,0.5299735003662762,0.07329359547828056,0.947749536976781,0.5473800750262361,0.08602463142079504,0.8737390787833091,0.5090354975172395,0.14690672406632757,0.913399349465987,0.5153620710728544,0.10537667450937589,0.9199303245602495,0.5349564299263672,0.12143360836316029,0.8930765395494069,0.5436798768114293,0.14561433124248113,0.8636654515839374,0.5118731159761936,0.19510463425289035,0.897200461567158,0.5210149998881537,0.1844537813377551,0.9011653742807075,0.5380382097358472,0.17068840557708503,0.8755055619089663,0.5472441658996855,0.16612055838365777,0.8581324609483425,0.5132488044434635,0.20528982940694476,0.8768034658575409,0.5203702135530779,0.20905184450942557,0.8761705703681495,0.5364800622765794,0.1939876091606331,0.8551036192283772,0.5481382151117018,0.18390400803676246,3
0.8500616901883976,0.5409888117664031,0.8287607669440668,0.8776375798162644,0.5238007848395276,-0.17019027348930102,0.890582492349346,0.5126122933000326,-0.16366900803647869,0.9246783361800773,0.5094538268733754,-0.12610480268486918,0.9326481763039403,0.509338706888168,-0.10631569629849444,0.865005272945827,0.5061987513095161,-0.35240660863860984,0.9102968740683935,0.5133751531058088,-0.37322037981243245,0.9081021921425284,0.5351246684053255,-0.32536765939908513,0.8772295720778499,0.5489152192782282,-0.2515578329826831,0.8523216324681289,0.5075443692406956,-0.2513417276939529,0.8762407789724241,0.5190211548940468,-0.2605979251161601,0.8668196269246033,0.5385420137576469,-0.19286024892241768,0.8343140086486224,0.5461623019603373,-0.10743750146930667,0.8404524253468302,0.5106286891738714,-0.09889403830164559,0.8613846278054044,0.5227611883747779,-0.04673652518958838,0.8521129586429567,0.5422827325830993,-0.0020800822081043866,0.8212161665355912,0.5528515658354238,0.040829767365704255,0.8299913778643342,0.514414770671835,0.0069750906076760325,0.8391988937521945,0.5279986864615428,0.04697129127900415,0.8287660721932762,0.5453781492814432,0.06507228525545192,0.8050404864006464,0.5560104700417304,0.09002075813720059,3
0.7929894343730342,0.5634819443974678,0.7342897623345874,0.8094887182234268,0.5305412951828268,-0.11869691633811146,0.816719674341664,0.5162687572892594,-0.1026883626067338,0.8418866080675816,0.515582896166042,-0.029805272378334274,0.8389878795082116,0.5178104763070189,0.0028109321250140975,0.7761058707862093,0.5158170226178782,-0.42355144072337797,0.8120307354097793,0.521973273544003,-0.31093006082840063,0.8124005821934797,0.544767850279375,-0.19259970627689232,0.7819589941432228,0.5635071444413767,-0.11338127878007546,0.7744082229136415,0.524090121177361,-0.2834941773544355,0.7860863989749387,0.5317787105965804,-0.19010425664469674,0.7762761892037553,0.5454379131105186,-0.07768575320551069,0.7451040719010931,0.5506799426529165,0.011306465612907388,0.7715116233933292,0.5318744840367096,-0.06219661398359138,0.7813036242740943,0.5390290168440268,0.0521212533018291,0.7706932939636209,0.5519524845913518,0.11364798074035601,0.7450589449677718,0.5580963155940533,0.14348724828181342,0.7674415587138697,0.5382352284989625,0.09499673556166131,0.7700240267172964,0.5438353402662635,0.16746737852488766,0.7585866146425483,0.554198886954479,0.19039374655984664,0.7396024148418274,0.5603163908259253,0.203310466370373,3
0.7684271049201873,0.5657410737768954,0.7170485130451898,0.7816157952603447,0.5451947078758822,-0.02143666077032163,0.7814710245330261,0.5364571925432463,0.02827312774878533,0.8034588003401225,0.5289403757514887,0.08440445318906752,0.8033596234869648,0.523914318895157,0.10564815594732277,0.7583293598046913,0.5277239402851176,-0.11283331192064465,0.7904023772266348,0.5270958339860641,-0.11825565042706848,0.7825136454229128,0.5466413758516462,-0.09705757752329444,0.7492474105543347,0.5606960299824048,-0.06104221760378224,0.7523505678100103,0.5299928116839224,-0.0402883116398691,0.765114848106908,0.5320179007070232,-0.06325703853598585,0.7484387914750763,0.5451234955301181,-0.020973322001336524,0.7159558836882672,0.5484007725737777,0.042540943735238014,0.748398350978768,0.5337145196376359,0.047570944643392954,0.7576992763292502,0.5396781451115614,0.08778174320927654,0.7415309343540343,0.5512961150788905,0.13064966192326063,0.7115947810903122,0.5560795288651639,0.16659957103596998,0.7451563189217657,0.5377137402842078,0.09527923158365591,0.7448926651408818,0.5441479252694253,0.12544338940869493,0.7298727225797383,0.5549217853331005,0.1428483177595057,0.7078262494761893,0.5618105663938883,0.16299423890874365,3
0.7821481249739866,0.564330540540307,0.7245748388369467,0.7949615728757902,0.5367932813125528,-0.16340121938353785,0.796947870464399,0.5274797525985899,-0.13450461431446248,0.8186804813792575,0.526387847710012,-0.064994266013922,0.8165592712146873,0.5275243849480417,-0.03007544087013511,0.7660400810484703,0.5253199872448355,-0.34503717984195476,0.7943351590989347,0.5287238804595683,-0.26236088598371105,0.7905243840230515,0.5482287119931899,-0.16809491583623765,0.7613388996432896,0.5623050885872705,-0.09380260606481797,0.7616943329994029,0.5302879735643831,-0.20305526828209353,0.7658117118003748,0.5336537411175228,-0.08368696355843028,0.75215996618359,0.5447819181431606,0.037137179464609996,0.7250915089181298,0.5480124318385673,0.12096418367350348,0.757569468039074,0.5340738907088236,-0.015333776496355749,0.7658067510626395,0.5403185257131835,0.10898424682843524,0.7517689732082506,0.5504743252731151,0.1862493676910038,0.7261690413734456,0.5550508070132817,0.2179204795144004,0.7535516553053548,0.53645718017136,0.10706901289214164,0.7523242706790612,0.5435356675523907,0.1639750022799754,0.738159911554941,0.5533522826239284,0.19183278035293164,0.7206278850404697,0.5593354515372515,0.2065698782555047,3
0.7763303626868747,0.5552442311282134,0.7366898021130943,0.7913968383520786,0.5296538205458553,-0.4477408385700049,0.7892735808013734,0.5226470855088313,-0.380225221225693,0.8138688214344774,0.5235501303218563,-0.2592558636592871,0.809412250180102,0.5252891675541926,-0.17299691998336375,0.7615720124712622,0.5151183515649115,-0.5741950237441279,0.7924561633155025,0.5219982129814031,-0.4860702241320251,0.7830791582438933,0.5426233632612879,-0.378708638549264,0.7478868201318543,0.5580488537676269,-0.29059762993434685,0.7599961381490118,0.5202604026171673,-0.3452139067860905,0.7727947355983906,0.528862690723504,-0.3070707909701899,0.7516002459214173,0.5418870742569943,-0.21700809770958168,0.7140892608222512,0.5443327640736821,-0.12801948868690025,0.7547257047697795,0.526114239355354,-0.05814019745500236,0.7685056117608875,0.5363002596480431,-0.01985657838732876,0.7468069079944465,0.5484182066731909,-0.0009243467040443893,0.7093018082700917,0.5542228603459585,0.019445843183555186,0.7460568697835036,0.5316316223754544,0.13108552978773944,0.7474992199707144,0.5411837478599331,0.11286946817901408,0.7280535233319054,0.5526487215782633,0.08097531335798513,0.698727844893612,0.5597378814198336,0.06740461663973345,3
0.7657115268824406,0.5507067669243819,0.7553874609536354,0.7754308821901407,0.5299017184891435,-0.30101386123609947,0.774906734339132,0.5255352208587721,-0.2577728455540622,0.7996146685613447,0.5234155965559765,-0.16134079614036556,0.7992939593013286,0.5236314868547645,-0.09528947207910887,0.7612208802711085,0.5134420328672381,-0.5574149704538601,0.7892186584359352,0.5219680362621485,-0.4681838457298317,0.7776392159788367,0.542591940435279,-0.34869784469104803,0.7422982166369683,0.5579519596319688,-0.2513878804784824,0.7571989182117796,0.5169892758641105,-0.3859836242421315,0.7615891674074462,0.5267619667127719,-0.33591652754016194,0.7375300365723173,0.5381803723694503,-0.22511722990746735,0.7014058491676677,0.5405200962691019,-0.12160549887636947,0.7499655770501713,0.5226921352945244,-0.130229153609728,0.7522135759283096,0.5347753356521351,-0.05365459300810982,0.729309847932294,0.5450372081093842,0.007313477005714126,0.6957370444410891,0.5498148411689762,0.049766234429880735,0.739565210430925,0.5287819286675585,0.049323599647948996,0.7333323020432588,0.540332343785058,0.08076251796822119,0.7117012999707878,0.5510225313450805,0.09073822710650825,0.6855697891461098,0.5575975545361495,0.10054147850418912,3
0.7884979569768871,0.5216770255300142,0.743644566823611,0.8060701970181262,0.4907771429570504,-0.7464789884406724,0.8107829038476522,0.4908445825382634,-0.6027409374893563,0.8073393053582238,0.4954481391432349,-0.41473330783380913,0.7895771622046249,0.5010344732395123,-0.25953463253262815,0.7914067224171488,0.5009826267881493,-0.6424178264653586,0.8055168833605478,0.5094072886153899,-0.4778212279272512,0.7967013641375109,0.5377001315678269,-0.33373055390507267,0.7636289379817639,0.5645000132006512,-0.2436490319013826,0.7720804894212735,0.5080561837711329,-0.2660680006325281,0.7734871033970608,0.5106747447079208,-0.20774910141493838,0.7492214348071833,0.5244345740567932,-0.09601930505030891,0.7079670987155059,0.5347044333311974,-0.007471701546129002,0.7513730411401537,0.5154520618301074,0.1278514227169312,0.7503593136727298,0.516851110914006,0.12889441795623507,0.7319838497419552,0.5298832927989361,0.15137009952222186,0.6987499040769601,0.5425543085573782,0.16960208592916967,0.7294457038045109,0.5229260087804881,0.3545173096340487,0.720831429470954,0.530022687807311,0.3167195302095293,0.7023699844259335,0.5426099968239156,0.28437505415634007,0.675304382308775,0.5523870219099449,0.2660674940925327,3
0.7812450066406081,0.5318669367154647,0.8641199319166349,0.796366297149603,0.5053624663483494,-0.47826290941441235,0.8038466404983247,0.5029172464114181,-0.3154097826411625,0.8054177590865396,0.5014095971532042,-0.13696747286701066,0.79090468196792,0.5006569241258911,-0.016265301023117452,0.781198174385913,0.5107746778343631,-0.29677800793075965,0.7995439102009141,0.5116692955876146,-0.1274542416228604,0.7970943123844422,0.5426775072076422,-0.03942885503666307,0.7684949986328645,0.5734140367762233,-0.006125743768306526,0.7655881156819819,0.5171810353434458,0.010082114452964405,0.772221958601309,0.5149026860958495,0.08705853100152457,0.7541074066819772,0.5297363640428845,0.15959293939206215,0.7150747013578548,0.5422679929656353,0.20064042303185575,0.7501697606556949,0.5216365872412452,0.29367835397733205,0.7569820379692066,0.521326313880906,0.2957928371605868,0.7398911407600818,0.5307177294161275,0.30302352470516486,0.7096208385702587,0.5391805325498534,0.29747645636972764,0.7340812026288338,0.5259500097091485,0.43421548366661566,0.7291181873214071,0.5288737630667777,0.38707165176319164,0.7151850130487275,0.5350647284411173,0.353449534604282,0.6960534296180887,0.5399364361705604,0.3249666232857468,3
0.7537827416607721,0.5219466130724585,0.8940967980202009,0.7607395832396254,0.49620346367033147,-0.24384855605676403,0.7515168255255961,0.5016603087780863,-0.10626607915831064,0.7443678749707491,0.502508382228665,0.038863504428284436,0.733234201454173,0.5042113208126168,0.1272681799273331,0.7260553451047067,0.4970389743409578,-0.3028179821437444,0.7466047819707479,0.5041929510436945,-0.1370090835101631,0.7425971724449572,0.5385596667161945,-0.01981883210718952,0.7117672608509888,0.5709876560001584,0.03488311039698678,0.7192394617396232,0.5068063277638811,-0.11649951705208074,0.7209354882990382,0.5134170580744589,0.019373428665393193,0.6993764153908344,0.5406235315447843,0.12324210607915827,0.6553407646798577,0.5626058551375939,0.17658485661158305,0.713298253997197,0.5158576775507658,0.09435662364742317,0.7094105334230945,0.5246054021764761,0.20134493156831257,0.6911659724339222,0.5402412842844184,0.23472839772817325,0.6587543533050153,0.551858732547782,0.23879921014912692,0.7052726258156479,0.5252252586333376,0.21242666007360078,0.6988582829036392,0.5377913128557483,0.2645679995019406,0.6801561710867238,0.5515557649237413,0.2641021041286094,0.654916810788119,0.5603587657187282,0.25038677038081786,3
0.7992132498643005,0.5217047667283132,0.9315205376499452,0.8129727214670343,0.4985274242560097,-0.6665459421125925,0.8061702393870396,0.49463490378261565,-0.5474043927654575,0.8008139462236074,0.49852823967983534,-0.40997979827045455,0.7849081780615237,0.5050015092090496,-0.2993115547285316,0.7898035733821037,0.4957809839116035,-0.454613084469843,0.808339746793332,0.5027993352817555,-0.4114990970485608,0.8025446501057668,0.537209693768041,-0.3529023561885778,0.7706171297137875,0.568950747006543,-0.3107976990051404,0.7749827692622514,0.5058592930742104,-0.19240121263359142,0.7797381955221969,0.5110369040287478,-0.24592516556436142,0.7596235463691826,0.5278978164171011,-0.19265660989125447,0.716856113190782,0.5384742213415595,-0.13445813813629895,0.7610514999073139,0.5155813239828447,0.06684800263818817,0.759281222618692,0.5204582366812794,-0.013321936064791534,0.7409564730407516,0.5334206059518378,0.016644717293016007,0.7036456860607909,0.54303290640357,0.0533850753694943,0.7468540911075046,0.5256309242869264,0.20357056946834873,0.7361174746388713,0.5330737541634655,0.12126746431821601,0.7151397593360949,0.5446563104827098,0.09416035838683572,0.6831447837387512,0.5521580395699541,0.086230910766125,3
0.8596373893131931,0.5390419486960336,0.8791975603641251,0.8935102464989709,0.5193323417791118,-0.31632235731342,0.9116724822628417,0.5136870530099087,-0.14780198220382343,0.9329610423917183,0.510337747070685,0.001269849867942443,0.9353463872049465,0.5092632498326155,0.09628575344015149,0.8736824944375037,0.5111662287216926,-0.07030668214852737,0.9170738826330308,0.5119084647922854,0.0017840499257746883,0.9310314500329073,0.5417923503703757,0.03851545570325652,0.9131671415569823,0.5692899949338346,0.04719475105229512,0.8539287206832405,0.5146359138088714,0.1419650683743247,0.878215375967073,0.5148819412900331,0.09242393429934488,0.8730112910661552,0.5328952208234112,0.09044554010386302,0.8363079468229004,0.5435163521724596,0.09913868833568655,0.837400581838319,0.5181515235974014,0.3028939160674228,0.8575437158399375,0.5215357432942131,0.2400344498115291,0.8520925056859822,0.5384229257391047,0.18298951190092164,0.8187972365075238,0.5491801406167905,0.15108922008553288,0.8239960019849747,0.5224394966856893,0.3630349693517022,0.8304015736154855,0.5267225218703253,0.3023494391165327,0.821308260351414,0.5409008944644925,0.23170939215263606,0.7919473109229033,0.5503582910172448,0.18160481048600044,3
0.8621164919217004,0.548243846434373,0.8977157518242875,0.8938843014301203,0.5230706427638964,-0.4200665523927222,0.9080908839757779,0.5139787777901376,-0.302511528193012,0.9267765524713324,0.5104631080798003,-0.17923450882552525,0.924742418363992,0.5106563031658927,-0.10049441848354954,0.8733056480105711,0.5193510904313595,-0.1817466332150554,0.9079614813763242,0.5175642304059689,-0.06606812808775483,0.9211048288425719,0.5479417974203237,0.000448555217678912,0.9030168770198468,0.5776335513244076,0.025823584227122384,0.8532138208694703,0.5237807346279625,0.05320737726994078,0.8717367915652311,0.5192373507618968,0.09635717652891393,0.8656220185705407,0.5370166602975547,0.14498508570192395,0.8310749869085053,0.551893174344703,0.17653740011232932,0.8364630517717361,0.5277004865486431,0.2517137667895581,0.8489200976138065,0.525888221654052,0.2638569504608456,0.8401684317698711,0.5405564428248905,0.2631149973343584,0.8097696903480431,0.5539154233446028,0.2509421780561459,0.8213765604918289,0.5330851381801859,0.33501193284508385,0.8229162246787529,0.5337833920622072,0.3126788738287293,0.8113417472401522,0.5452271591473963,0.27999106619991565,0.7881278010161776,0.5557533255059016,0.2517129537689672,3
0.8176046596455793,0.5414568555736019,0.9786484348876853,0.8423571133965114,0.5189439683346271,-0.5833450152729737,0.8474148596613764,0.5120798655632774,-0.525143895987442,0.851831051698597,0.5084503828758004,-0.4031065641905345,0.8385982578541062,0.5092759139538271,-0.3100299795911773,0.8171856781117653,0.4978827350807158,-0.7846790956622701,0.8449592868393323,0.5084832824597015,-0.6200694590762686,0.847574648021963,0.5413906216255533,-0.4598752582343647,0.8185411108368265,0.5731856603782418,-0.35791576877141745,0.8062290620411505,0.5055053176587182,-0.5288909588761656,0.8155974524195541,0.514617507500223,-0.3848915404250159,0.7991928737999885,0.5373095457790634,-0.238720654855899,0.7568852490876775,0.5539257250424048,-0.14394334699874975,0.7945274799655607,0.5133969607509199,-0.17831519745959248,0.7970233776301421,0.5224205439727901,-0.07138026436453265,0.782705404520622,0.5364305470687152,-0.0113042284539101,0.7512804955188672,0.5459780273920628,0.01738470206559423,0.7797513498482296,0.5221536672463762,0.05788688733626182,0.7790639824915914,0.5339821875160257,0.104362073917089,0.7658790447346076,0.545241993265829,0.10764473849399055,0.7439670875347104,0.5516911261548464,0.10130348484731275,3
0.8190732965219085,0.542919314642904,0.9896103713828788,0.8417722601228678,0.513107789688443,-0.6939078456014194,0.8447528342678507,0.5060055673872978,-0.6034095179813359,0.8551825858933952,0.507805510279021,-0.4800992865321582,0.8410115376839663,0.5117936995522105,-0.3887067190425824,0.8171191758011302,0.5118047872867232,-0.48779423115615256,0.8466906819203966,0.5143111301914489,-0.39528229094499023,0.8481484772079579,0.5484477049190679,-0.3252814191804172,0.8178835643508028,0.5802539572767655,-0.27874482498256725,0.8012731893941414,0.5170182723046376,-0.19756517830697023,0.8190691823814572,0.5172273540344364,-0.15061290953094605,0.8063765938544947,0.5380220625060115,-0.0837641445164183,0.7673150795377477,0.5541665302144566,-0.030722251985777833,0.7864419650521791,0.5219527780674452,0.09197163163304783,0.7989513746703992,0.524507119577111,0.08475933136178575,0.7850156993997373,0.5410554860033451,0.10949974059447233,0.7519176367235234,0.5553070463425746,0.12717396854097307,0.7706628759085791,0.5290399492246114,0.24725098496638082,0.7686859741621398,0.5358880952160208,0.19470070648090015,0.7535445282604949,0.5483849721087545,0.17003163231211704,0.7282534232394255,0.5588174776923068,0.15781491590215826,3
0.8130618421891368,0.5339212080151459,0.9009380902538616,0.8384192209558738,0.5068567951504901,-0.6141963307843895,0.8440513146033597,0.5018481891406616,-0.5161899340152502,0.8576019259261054,0.5026326313884755,-0.3834980108540625,0.8511460178281457,0.50591992183275,-0.28524563701311595,0.8189156248857549,0.5010547617736727,-0.5098650833434581,0.8494649924905598,0.5066963717699562,-0.4034083158189949,0.8529335057281291,0.5409449009243188,-0.3074970816240594,0.8264219192154455,0.5729833435277477,-0.24594146762460983,0.8032225430769249,0.507842813737065,-0.2390775312684007,0.8185368684375446,0.5093875669975971,-0.1886802549912482,0.8059674190421477,0.5302949751993483,-0.09893661599226639,0.7683115473835157,0.546047471324973,-0.030109486571006556,0.7879187892219004,0.5144494443997162,0.047824256537662306,0.7958260252744151,0.5176026383295702,0.059980648908312666,0.7815262470880944,0.5336166315287768,0.09825607717400527,0.7485563261257985,0.5471563267564402,0.1235647701261824,0.7707186889435611,0.5225232100219777,0.20955558647904599,0.7655380336262929,0.5274808498599218,0.17651919164106322,0.7489352319301648,0.5404272622545345,0.15388374126230578,0.7224546438045952,0.5513418622868379,0.13999099096855416,3
0.8061947201847749,0.5359438258962549,0.9681458789036338,0.8315427099194439,0.5080949627445664,-0.5808713920949529,0.8372896911705089,0.4988255962788459,-0.5251736129145254,0.8503730044194336,0.5000069992552089,-0.44395968890017984,0.8359712797208866,0.5027903008783305,-0.39279277049038175,0.8055069856667547,0.5095981125023041,-0.3097169779682251,0.8299525680604378,0.5111700080508572,-0.2286734544262849,0.836410967535733,0.5417647949691062,-0.19206314504050545,0.8146543286426704,0.5716429351669806,-0.17695709712859692,0.7918768942528758,0.5121906385081877,-0.07573408383072579,0.8054556129374756,0.5111266315623417,-0.02357706927467075,0.7968893354106673,0.530788256010312,0.0019903554298757536,0.7631447513301072,0.5462112382226663,0.016210717820745835,0.7804458251250891,0.5128537254107524,0.13514778745484923,0.792879985468442,0.5142502240109136,0.1520882529713736,0.7831962754880091,0.5321693304303927,0.14793985610792262,0.7516592865380857,0.5477674362244407,0.12881857453235485,0.7696461735956621,0.5150583886169282,0.2341110106272947,0.7711328794845054,0.5195874060150416,0.20017244854641017,0.7606633486549997,0.5343055394513307,0.16432585654938847,0.737772285674078,0.5480405686195907,0.13229574432524033,3
0.7800564064567993,0.5346339434175975,0.9187602669484904,0.802570047518498,0.5138911471892333,-0.39620220119198507,0.8055486396843261,0.5091962321389575,-0.3047168263895123,0.8213866503849179,0.5054433864309901,-0.191737113696011,0.817161511887792,0.5042941652722094,-0.13015925590434094,0.7857912673071152,0.5123867854653775,-0.30549654181116354,0.8135417004945444,0.5132866181030367,-0.1813201090294248,0.8160473082523022,0.5436549988105668,-0.10917205524666908,0.7891465080390493,0.5726161408131513,-0.07423132520175373,0.7775288303670912,0.5140010011818564,-0.08739456889672396,0.7917629157450744,0.5128374531986846,0.0219574638772028,0.7791819093923795,0.5313644843385954,0.09492488449436158,0.7418480079543583,0.5454168718653648,0.13137584393244836,0.7674224959956895,0.5146096291795091,0.12882378406398076,0.7809466808846334,0.5184375258555901,0.19264527503237472,0.7674563912076626,0.5338726029918259,0.1973199705664783,0.734095151511024,0.5458417512355437,0.17900227202519092,0.7552154871319829,0.5163507849182556,0.24122722523582105,0.7572844702278875,0.5232797827391263,0.23198980627728705,0.7434924444926185,0.5364758239570272,0.19635433711269967,0.7176838374750385,0.5479060743946081,0.16214038685524523,3
0.7812348942044893,0.5409358189645243,0.857563289805182,0.8010244920116146,0.5143955368711769,-0.4393918334073407,0.8016522948811263,0.5092439525505381,-0.26020066813007414,0.8150597852134661,0.5062903376389155,-0.08498306094895382,0.8068014613122884,0.5045276600070485,0.024174445539601887,0.7768586769425995,0.521936473889776,-0.1450463767199553,0.8020948776030207,0.5169848872751553,0.012217007810943469,0.8040675844490321,0.5428965001335203,0.07389988427130825,0.7762869786558758,0.5685385323462858,0.09066431074694759,0.763438491557683,0.5241426430319008,0.15725957711961677,0.7769633292537604,0.5149996618146083,0.2323359559321824,0.7641543853879772,0.5344734257989643,0.26456658719941606,0.7228389301963586,0.5505079389585942,0.27629684557547135,0.7500092193475352,0.5247929238587312,0.40041241130464367,0.7609126047296788,0.5185090508886359,0.4252964339399689,0.7482137157306898,0.5349369586405501,0.3856341656193492,0.7128442398163265,0.5502399826222784,0.3450693802660297,0.7384881697018113,0.52581067860834,0.49904113492147245,0.7409504287881818,0.5246070584754395,0.48507932877697113,0.7288450519055895,0.5393385439195642,0.4286065760347592,0.7018378848375176,0.5528215619597441,0.38094461455571044,3
0.7750810878863531,0.5346076248448522,0.8937494904202609,0.7928858819628892,0.505731338487962,-0.5713549856428195,0.7963588307461132,0.501054949846274,-0.4747809575058253,0.8065401333285185,0.5033464386421521,-0.3530122630855369,0.7946055480397402,0.5061032877544598,-0.2659715756698888,0.7733358278738858,0.5065842909480519,-0.4095795421486176,0.7996905398460294,0.5096285014251322,-0.30141214085429896,0.8007399988976379,0.5423524018154724,-0.22105055497063955,0.7738301163324794,0.5742308851374684,-0.17535360606879458,0.7609925656736009,0.5111445782386034,-0.14935322278077595,0.7746488426124918,0.5124125595855671,-0.1296908468319747,0.7594006232992483,0.5324709406020769,-0.06110222428477506,0.721558759734542,0.5477454627242799,-0.0008832019171342107,0.7484762836526319,0.5148957331253308,0.11159185986222789,0.7578601522230917,0.5185535610710704,0.097613381643043,0.7423205963450483,0.5337329821937994,0.12555175222132445,0.7104207128098705,0.5455553956285676,0.1493142342652016,0.7352268783063716,0.5197876187382008,0.2506349082411542,0.7332738165801274,0.5264723462653853,0.21068190276534332,0.7178311210455753,0.5373825594462251,0.19324055033782844,0.6936798228659937,0.5444597585787001,0.1844456654628549,3
-1.3704950972500518,-1.3705024524898968,0.1902650276741469,-1.5217202842641975,-1.4587676440353723,-0.8629515061583564,-1.5606579486530712,-1.5346506880293784,-1.5634670287041639,-1.5973589396711871,-1.6123754816318987,-2.0256219442838437,-1.6722553538924232,-1.6730355305189473,-2.3769712006226844,-1.2178107415511576,-1.4478933320100695,-2.210041285604104,-1.171241545544858,-1.4982863796687702,-2.2998225938285555,-1.1390822875386766,-1.5248215325877519,-2.4134594216132723,-1.0973294450922206,-1.5457578411080257,-2.412165701592662,-1.0910596410215823,-1.3875883041039203,-2.4655538445129572,-0.8948459409943363,-1.4046794298053313,-2.285078185340843,-0.7239820784475386,-1.445872246794655,-2.3307004608998096,-0.5935251685453692,-1.482985387439413,-2.329598102931742,-1.0223792919630965,-1.3429415506071802,-2.1759174004569766,-0.8335694360025844,-1.3537983944547745,-1.9400826589817806,-0.7335363226441315,-1.3883400400477823,-2.0260846035241555,-0.6844344635630794,-1.4156931526781806,-2.0297629589104518,-0.9875804705427691,-1.3156820370785034,-1.7443449527904704,-0.8477036421017446,-1.3325262172770247,-1.57635189864753,-0.7651527890012725,-1.3612333449086509,-1.5502040140705695,-0.7227883330163344,-1.3849254351288196,-1.5214167053042522,3
-1.316787949023142,-1.5106892193582901,0.8854434989004301,-1.398631992532014,-1.5949254241210689,0.9985634175118968,-1.4733666037343869,-1.6426754437501685,0.7201085002829788,-1.5928091670495346,-1.6636056061241535,0.4096453692624334,-1.7264154620239611,-1.6733121624166634,0.07073880648308019,-1.135199354536464,-1.6028794469857188,0.8111495552626653,-1.106814324489939,-1.6456200964221712,0.7441125793173026,-1.0713974717775772,-1.6689845031787962,0.5345843021725236,-1.0168087072790053,-1.6838676386199436,0.3104587522014759,-1.0044521140418812,-1.5764201003757279,0.23534858348154625,-0.9113202482973687,-1.5957302186002842,0.28825110241738594,-0.8193613062265709,-1.6050710433619826,0.045219038577960696,-0.7217933366539537,-1.60312706081917,-0.17626125256403538,-0.9357450453988998,-1.554151450864305,-0.34982023246342553,-0.8056821863318486,-1.5692994597573156,-0.32465546592962946,-0.6815933706304897,-1.5865779237081516,-0.7141541234386755,-0.5599827661384235,-1.595763396329104,-0.9847605989902786,-0.9035083154499889,-1.535648288929738,-0.6647987439775669,-0.7648412008338403,-1.5179714399956443,-0.7255944045719042,-0.6508303917643226,-1.5098951845991386,-0.9259861255681366,-0.539203711526698,-1.5012850483789277,-1.0746851281397585,3
-1.3025336924340025,-0.5603534765548368,-3.2310532036467285,-1.3022944589694647,-0.7148946665907056,-0.11276477053781012,-1.1865082075940276,-0.8257360620599895,-0.08223435279005487,-1.0723112300380233,-0.9125652988533705,-0.00894844951941218,-1.0196293697068002,-0.9765151959409194,-0.03153797072862507,-0.9390627597339499,-0.7234377104395909,-0.7408441355940862,-0.9148343635720554,-0.8600748291461177,-0.445855547570569,-0.9917760733567202,-0.9060965407670033,-0.26915454670318695,-1.074912742936487,-0.9227901441202199,-0.20037003776218967,-0.8775335944632114,-0.6917527877847154,-0.6299188547839949,-0.8233131076547207,-0.8460940410713348,-0.4754329645716091,-0.9028363455676189,-0.90433739050828,-0.41316878415807834,-0.9884707882914311,-0.925758827689251,-0.4224354706002276,-0.8651824645022907,-0.6799573621287338,-0.3193750207982886,-0.8073500168875339,-0.8325108321183126,-0.3476636422835561,-0.8691914490362463,-0.8912047595642852,-0.45666271539948744,-0.9446216015649835,-0.9142172251753428,-0.5295339019820549,-0.8852476480182147,-0.6872557690055942,-0.03920477073090826,-0.8352778522185951,-0.8058620483820511,-0.10622970570880437,-0.8615584186121761,-0.8554299054948089,-0.1909566397507044,-0.900223653094261,-0.8810232129717708,-0.27424693463551747,3
-1.2879468922724935,-0.5482127900787438,-2.5964877677094225,-1.3068629524091373,-0.6951841358545727,0.29486578357266807,-1.185729234633247,-0.8099802227722578,0.47934631376059966,-1.0669965801551702,-0.8944832936095358,0.587836088383763,-0.9940859467491554,-0.9501938753460192,0.6166074107789569,-0.9359021265838292,-0.7201664981415394,0.06632010090477485,-0.8929088618696694,-0.8458448849541439,-0.012783475674478824,-0.9416881661933182,-0.8902674130220256,-0.12080184957059512,-0.9908659527146957,-0.9175948179711169,-0.1585136446411852,-0.8649149150867433,-0.6921122342267222,0.10863314801353303,-0.7994340616217543,-0.8383259860738863,-0.10486836333324609,-0.8626436055689457,-0.8919623060364055,-0.19606256359773597,-0.9462532325682655,-0.91906812623882,-0.18728003076650454,-0.8530569197758034,-0.6790388765305121,0.17938026986476838,-0.8080634847188164,-0.8259426214398033,-0.07329408360027906,-0.8586915234068562,-0.8781489502676603,-0.16371505749057397,-0.9225331204078888,-0.9024500425773485,-0.12667610022162798,-0.8764748194182946,-0.6862348676681881,0.24207171468492675,-0.8353952183169054,-0.8079428099994775,0.11775643735446656,-0.8602904918636864,-0.860594827659104,0.06586783584079543,-0.9042361186084512,-0.8860950402035211,0.06384782965220426,3
-1.8961449718628234,0.6511981907934064,-2.115913526212732,-1.882556365310758,0.6796218297868367,-0.5605817803426589,-1.9215656427119274,0.6875331126549622,-0.5162372796279247,-1.9728544385022924,0.6787520629284863,-0.49279331775246893,-1.9761990983315327,0.6716969621947648,-0.42696522658010916,-2.0611212225308737,0.666265464470095,0.09706620674604592,-2.175058870960842,0.6650386055863096,-0.21243277113502693,-2.1903061699124993,0.7004082497842287,-0.5145928719447029,-2.1572575492928845,0.7234563826301883,-0.6320075713675509,-2.066672582571323,0.6541060572313534,0.2553381954388975,-2.1739041823730427,0.6539833624147102,0.01135132725908727,-2.1795529558914164,0.6864905333372276,-0.15614379393701122,-2.132029919377282,0.7088867603624731,-0.24003799757028746,-2.0547869336882054,0.6537391643520497,0.24718414354199308,-2.13636211487048,0.6586906544138971,-0.018743718140646543,-2.129252331394377,0.6923391735172328,-0.1474968374471391,-2.080294539411772,0.7215112538099249,-0.17856569477582562,-2.0381473424350705,0.6589925761633405,0.19008076291958842,-2.0824708693681675,0.6714534134242238,0.009735407957526618,-2.0662542114270983,0.7078143950690825,-0.10706929724098488,-2.017316128388752,0.742786890404666,-0.16568174525527066,3
-2.01939884373733,0.6253512184192682,-1.5570732048587552,-2.008523624192879,0.6460124876970174,-1.035805973863134,-2.044409037294145,0.6456141825576714,-0.7135099269866458,-2.074503093115444,0.6371883562920945,-0.3433185502297639,-2.068842709259762,0.6319965252115142,-0.02468172507009463,-2.1585688316995366,0.6413327171442591,-0.09730352169865303,-2.1954471890326466,0.635002794153024,0.4974478426222166,-2.1872473069056335,0.6467791543488266,0.7254925694660549,-2.161661052531247,0.6587730321915047,0.80164179440082,-2.1702169151275466,0.6219118017064114,0.8137885881413369,-2.2209775496614577,0.6145774790471843,1.1646472672412729,-2.197180766527585,0.6179903203246596,1.291764847960318,-2.1501517999084148,0.6197665589006381,1.2855556937746608,-2.15060788384748,0.6055558611725466,1.503661298946492,-2.1877443671519634,0.5939929173282055,1.55419357812851,-2.161543993421057,0.6000227618452475,1.4985383735816953,-2.1211203044806926,0.6047117960068903,1.4045202200916609,-2.1266242019102197,0.5986530354489715,1.7909818544788068,-2.1413084307945778,0.5817143479083375,1.7505113395120098,-2.108377189940352,0.588071271920659,1.646865253903407,-2.066734250222969,0.593754918813065,1.531597318201066,3
-1.9432444209658033,0.6331642779607145,-1.5418733297343492,-1.933648052938916,0.64400649753993,-0.35133625573167704,-1.9767217629996132,0.6402791005686298,0.06374093501675068,-2.0390324297449753,0.6289451055463656,0.5496102209681571,-2.065697674633549,0.617836454681781,0.9258033504896422,-2.070408935234182,0.6343771558128865,-0.5147433199910635,-2.106882397854331,0.6317584227415947,0.24961613698636242,-2.0951861857416465,0.6398342263727592,0.7161481910762022,-2.068281326971175,0.6478687699028179,0.936860633036284,-2.0997763016172284,0.6211970120922843,0.2502368736356826,-2.144045596260653,0.6157046968090402,0.7277400906230777,-2.1211302234572718,0.6193084273329234,1.0805201652209016,-2.0754578132682497,0.6205102931845408,1.2334958845164117,-2.0969765660111763,0.609555466187308,1.0065621746961688,-2.134480621018287,0.6011055415675949,1.1768634558171,-2.1069968464291664,0.6070933411713965,1.2603984985131667,-2.0614712920040796,0.6100100021584085,1.274626330498411,-2.0810411682792083,0.6037922315664505,1.438112966819808,-2.0954850704310655,0.5859587249994499,1.466127509948846,-2.061831278113337,0.5949813221605709,1.4126907199678975,-2.019115923923886,0.5991878538269617,1.3523000507148142,3
-1.8938552829616182,0.6244617217917574,-1.5150407493604328,-1.8591371179667568,0.6428549289607091,0.0958125981738785,-1.893684922712835,0.6474992888792944,0.546959223273609,-1.9519595713641165,0.6355542157763768,0.9741915495762513,-1.9633685658550677,0.6244244360704043,1.2872576145256516,-1.9582647587638844,0.6276798049410571,0.13153686837456793,-1.9811406797671267,0.6204404072605025,0.655164066858139,-1.9752117051795757,0.6300762303267543,1.0210575454754134,-1.9665170712598274,0.6403783083349955,1.2022968077035943,-2.0024949346511014,0.6183983084787589,0.6691956357486144,-2.0286939738758516,0.6080416155277739,0.8869889605394203,-2.0099519262434784,0.6037969969111819,1.2248423479465684,-1.9867385918230378,0.6016426992109561,1.4400613411692285,-2.0140367178515,0.609109734626145,1.0995608057036017,-2.034961703824044,0.5953560095047397,1.105754799111184,-2.008358015124831,0.5951757449021624,1.2884890942940215,-1.981523861754882,0.5950028100196011,1.4315005257782916,-2.01095583517596,0.603752668414369,1.3003496299025332,-2.0241094902598222,0.5903564355258479,1.3311345395062952,-1.9952412627691534,0.5948141734332317,1.382204496742834,-1.9676279529641736,0.5933632800522531,1.4218087227517944,3
-1.852237941054577,0.6387840045545962,-1.7064962170053057,-1.813575971532848,0.6658760540968067,1.4885965437403228,-1.8675851351953254,0.6654679746738444,1.7182938610063558,-1.9375500527973035,0.6418561776359386,1.8523363785080833,-1.978785063659058,0.6228707066992557,1.9111889914755353,-1.8693675733479547,0.630021732823332,0.9518280319442616,-1.9211128335942975,0.621729526779734,1.0618580778992652,-1.9416442571173163,0.6188116306306437,1.256411957382252,-1.9608250152288373,0.613107939509214,1.381373051034761,-1.9229941356134548,0.6288545343533911,0.8252235043340234,-1.9712575690813665,0.622745183978381,0.7600826463988405,-1.981612227831246,0.5973515588544333,1.0192206609423244,-2.000081135880632,0.5775033131357402,1.255455204225359,-1.9590396299057318,0.6278059449591303,0.6412730494905464,-1.99241798990812,0.6203493774369888,0.6584846738779944,-1.9875102271548635,0.5942836388249165,0.9278223533716629,-1.9990112272428537,0.5752909533686258,1.1583383589114233,-1.9800983920177897,0.6247159786063969,0.5107079411823601,-2.0084179985704664,0.6141583577846083,0.7603923520895638,-1.9892044175039567,0.5995995011026337,0.9699457319113857,-1.9840165405851347,0.5817846695914768,1.1131749217242948,3
-1.172839365571377,-1.5927126517725205,-0.21799257990074547,-1.3017392071651925,-1.6414606607698163,0.15664923577349224,-1.3884343776874304,-1.6706948285573773,-0.5225447225877191,-1.4828305210136217,-1.697755779558518,-1.082081955558876,-1.5895352230159157,-1.7214823900498255,-1.5769057548689869,-1.0379033706360508,-1.6469443597901348,-0.7410221691249111,-1.0423011648681832,-1.674858843436136,-0.9310892812097524,-1.0501294077988286,-1.6842579303315084,-1.147510906318001,-1.0354236641419867,-1.687682637919628,-1.2929878362877856,-0.9174957553505232,-1.6207704297133765,-1.4601444928389498,-0.7856199752698462,-1.6574103998231875,-1.2935086094793513,-0.6606642063067188,-1.6907121528481837,-1.4797186642933038,-0.5468365397918977,-1.7133401237675505,-1.6549002121190142,-0.8535054223138904,-1.5872333687516031,-1.8574409871342559,-0.7008392825257878,-1.6180918819405261,-1.8337625734281635,-0.5752989086047129,-1.6530744787262417,-2.280288643886964,-0.46648574208890486,-1.6750949420967705,-2.539199464149793,-0.8256344241610306,-1.5435934586051678,-1.8892189584628127,-0.683458283714343,-1.5315148174217532,-1.9092802854806612,-0.5704030252892351,-1.5268929651632213,-2.1034803383799403,-0.478685586657791,-1.5234630407994045,-2.2551424464498644,3
-1.1982071894550705,-0.5230436987809893,-3.2586793377463605,-1.1780714442447058,-0.6898407783196454,0.39587986442982476,-1.0311793218816625,-0.8010117866788431,0.4089108502179447,-0.9004471546172905,-0.879067780960919,0.37295939872405764,-0.8335337638643999,-0.9346307257203829,0.2635063298785069,-0.8345805361462998,-0.6943022804912756,-0.11510176565114655,-0.7601973803532227,-0.8295726502334437,-0.2518704855352278,-0.8064713478782595,-0.882228245558709,-0.3862573986499766,-0.8679063847372231,-0.9064744983432604,-0.44610176742421187,-0.7775317505364182,-0.6644187186639844,-0.2850173795159768,-0.6565644159556522,-0.8127296450074868,-0.47601125390713156,-0.7087306663382663,-0.8733867111326705,-0.5323154747650537,-0.785442970923067,-0.9013900226020304,-0.5318891404979607,-0.7657520625530093,-0.6531293366267795,-0.35372082448860026,-0.6527206323615582,-0.7961238866198789,-0.5654433691589672,-0.6903383436255696,-0.8569963993666363,-0.6646473184420578,-0.7499414056002516,-0.8866204250887934,-0.657641002920521,-0.7860810838835907,-0.6649920352060193,-0.3213665444777492,-0.6979354116996243,-0.7843916013577102,-0.3868306740810843,-0.6998496246854066,-0.838970921303799,-0.4175943292538125,-0.7275031063856446,-0.8726406169414638,-0.43664337959448,3
-1.2165204223263542,-0.5369928979923452,-2.6219198134994515,-1.1974541275834967,-0.6817626106743637,0.49531222628799193,-1.0562574165544727,-0.7862487720546887,0.60136718957729,-0.9276881127819889,-0.865520175144353,0.6370672165809725,-0.8463982937982184,-0.9150184871731925,0.6031944593249864,-0.8195456937579018,-0.6913253461455297,-0.030902025578380482,-0.7660208106959838,-0.826705363115509,-0.02079591226590001,-0.8068642961251907,-0.8718459021313107,-0.02152919625768275,-0.8450818304365354,-0.8991877750557954,-0.01824399433927986,-0.7591495505028933,-0.6657101544727468,-0.10724076348651396,-0.6702571131480525,-0.8163005009196022,-0.3224350425493409,-0.7147809528618728,-0.8746128173547633,-0.4130063794332834,-0.7842851033558015,-0.9083942068418327,-0.4051710622799408,-0.7571479056950632,-0.6557580385087388,-0.06696394840187321,-0.676286856071143,-0.8045491753146629,-0.29041209548254193,-0.7051431720685836,-0.8638062014413992,-0.3932828903789746,-0.7634661757172737,-0.8964197599091334,-0.3691430244039984,-0.7895897627854375,-0.6688525961185471,0.01703139009567455,-0.7263937267497138,-0.7923563317996964,-0.10008021400560675,-0.7329605320265606,-0.8499775722858806,-0.16996358939629133,-0.7691832027999597,-0.8841252656834163,-0.18628123846780803,3
-1.8608969089512182,0.6070036166519643,-2.497719988883822,-1.8578346533144092,0.6375971788488638,-0.2725742447401686,-1.8899785111521301,0.6441225445353078,-0.4028012211076818,-1.925001285230732,0.6366580041737081,-0.5486733293267712,-1.9431460147942061,0.6290344400272895,-0.5892424294497536,-2.0434963368176047,0.6177841964724438,0.05326479990676432,-2.1791591602091835,0.6278232289141703,-0.3811877320015652,-2.1809959992788577,0.627498833451883,-0.679500348415393,-2.160077849583433,0.6101385725255001,-0.7630218414645343,-2.0473715187702717,0.6035015239335831,0.006381946370292754,-2.1849362090248396,0.6121208441511118,-0.25696103136201387,-2.1888100535032993,0.6123330060239195,-0.44172928815048085,-2.168340846783278,0.6005646478873835,-0.5272830511178831,-2.046114196077259,0.5979789817972258,-0.12091865095260947,-2.152646609645534,0.6066646832547172,-0.284013554323979,-2.1382818672691024,0.6056460400730124,-0.3264372469929799,-2.108907971693608,0.593487710283126,-0.3183443381992638,-2.043753535529961,0.5974741681927475,-0.21491127195902512,-2.1036509056347734,0.6068247154815334,-0.25139031952030766,-2.0848880446996763,0.6154116117719887,-0.26713847957494846,-2.054627339105654,0.6140193295060672,-0.26911698059171796,3
-1.9909615065517312,0.5825575747919266,-2.0130224116531874,-2.00229206638306,0.6225289502640396,-0.25233347458087935,-2.0508401275517434,0.6216519331199418,-0.07011266712486747,-2.0898131091643632,0.6127549118946348,0.16834392842611406,-2.110796650917328,0.6078800808867267,0.40857744213187647,-2.1488887553634806,0.6178022302188252,-0.04393708656129391,-2.212342614167498,0.6060827731490378,0.5605903788654288,-2.204340555647143,0.6012781771457506,0.9801985165869125,-2.177196806945264,0.5936175301333441,1.17038786446163,-2.1754846843638003,0.599470471597653,0.548132405433978,-2.2390042894377418,0.5862248281187553,0.9063502595017247,-2.221357786748642,0.5735845259714243,1.195955605914451,-2.188919311274225,0.5588229851561151,1.3074979232302955,-2.179443362840499,0.5787632156132597,1.0552629738500956,-2.233444432589248,0.5692486005901579,1.1875365130657665,-2.2117106505844157,0.5625869353743754,1.2965998287427396,-2.180533032268133,0.5521644127662723,1.311207902528547,-2.176656816620648,0.562219099345557,1.3033289032115722,-2.221999401657702,0.5479048634399456,1.3746282489798587,-2.197362033474275,0.5478800822920996,1.3818874326392239,-2.1657984174364655,0.5405870618538446,1.347231924638235,3
-1.9976539945631187,0.592919268012998,-1.392356869665682,-1.9928572707815497,0.6145225077570159,-0.7879597463491039,-2.033104802700512,0.6100729804232032,-0.545264572543902,-2.084612775176528,0.6036602625437613,-0.2231765661434702,-2.105222147195849,0.6044573382934306,0.06989347394974829,-2.1352358309900805,0.6148108142282571,-0.148650376689153,-2.166207684105036,0.6061481144750271,0.6109717025702627,-2.157837521577768,0.6054015770602611,1.0058036083308861,-2.141891868681679,0.6027495062879018,1.1660382702619991,-2.156984702328811,0.5959610816398875,0.7320512979989423,-2.202467950784024,0.5854125315054443,1.2313242407999876,-2.1903922282788715,0.5844053843960557,1.465408745948406,-2.162634213773184,0.5819436732952359,1.4980802674749982,-2.1502610834487847,0.5789114213573464,1.454676671695356,-2.1892379154893207,0.565947900414099,1.6099763968605456,-2.1692992211503728,0.5689153998066657,1.6071892659079992,-2.1328986825078955,0.5688262433948226,1.5261119369566467,-2.136130142266933,0.5691655861204379,1.7894014155315066,-2.1526581671905176,0.5512292399193447,1.8153179248083053,-2.119382481455227,0.5577429167850316,1.735814878908972,-2.079235919864726,0.5603566601339927,1.6262622223063385,3
-1.965530674412221,0.6064964506420362,-1.5689465815712742,-1.9457335255705135,0.6249067873360591,-0.47193806848482206,-1.98866091728959,0.6298439371079532,0.004931841442599605,-2.0499355680410143,0.6171233678131631,0.5029653068194634,-2.0731015653459104,0.6048074484777605,0.8724513317180339,-2.105895454886583,0.6191520288115723,-0.17771140302135738,-2.128130101594528,0.608944324196371,0.5358795111723761,-2.1155945454870286,0.6116979862503138,0.8684731444352778,-2.097239912535632,0.6150214210097295,0.9858709099186782,-2.121257358421004,0.6021772619657333,0.5549858355340908,-2.1602164306649185,0.5909029067991686,1.0599886588317748,-2.143383446535842,0.5928741056997585,1.263747013414157,-2.1012882848456944,0.5939240939929029,1.2815952493278406,-2.1074277272396973,0.5887292161564146,1.1845784902974654,-2.1378451895168324,0.5750025064859696,1.3516725980357835,-2.1131589666619726,0.5767007769140169,1.3047109766819514,-2.0736017985758473,0.5791962816772707,1.1991006992740005,-2.0845370252676143,0.5820835286540473,1.4953927370513844,-2.0893697829853926,0.5603899711565581,1.4569477427018052,-2.0542060275347334,0.5602972990001464,1.3331063423922052,-2.0126780317018844,0.5613247027161602,1.210991360661256,3
-1.8995458619175436,0.6117754584157837,-1.4513080283996451,-1.887698050839172,0.6305122556296898,0.4804233536289888,-1.9562287061339605,0.6284114243754095,1.2737256347841759,-2.04059284171195,0.5991820115063842,1.9717238359716598,-2.071620787203439,0.5755968613956017,2.472705339741759,-1.9805288456670644,0.6233817620536235,0.8551369694372727,-2.0159239505488014,0.6043183079529529,1.6197716679707277,-2.035376447876387,0.6140310102244536,2.1545660962475464,-2.0545557211208254,0.6225654231023895,2.4067047420828076,-2.0141553527961387,0.6106343747519434,1.5700822466842896,-2.062010352676274,0.6010548649036204,1.8436063599510504,-2.0594065890287085,0.5947349194732598,2.329258892939328,-2.046147724092555,0.5896339342425342,2.6661727070977266,-2.0218822001293804,0.6006564355686872,1.9890522058269262,-2.0621664877888737,0.5864135793839769,2.008940715569121,-2.039919595513422,0.5817377489645615,2.215347914851715,-2.021175558543361,0.581577726335115,2.3977576661840643,-2.02073970936228,0.5947305496027512,2.096945224586529,-2.0277265000168647,0.5731150322490914,2.16734359863272,-2.00106994095624,0.5721333361395983,2.202481951217133,-1.981066173512908,0.5695159537336247,2.2419929361082227,3
-1.9180947923383658,0.612975798726799,-1.904586971585487,-1.890232564527331,0.6268136183158313,0.9234558587918973,-1.9507842820711465,0.6239185026058353,1.3539028358892349,-2.0186722492248554,0.6043893577253787,1.7089326658473958,-2.0361808663030825,0.5874834583319926,1.9604113773770266,-1.9948357094283762,0.6226467502693135,0.8899264485319948,-2.0408670126630817,0.6035838415215083,1.5337448688916435,-2.045605576844123,0.5825165745920002,2.0134183348400465,-2.053626814841146,0.5595396967888907,2.236983969443048,-2.0313133587168757,0.6122543457029058,1.22628537250359,-2.073321124805459,0.5854145310048001,1.5529891751009879,-2.0738541270373085,0.5682516612517053,1.8617060150826574,-2.06209421707307,0.556194477996394,2.0150288517766297,-2.0440602804575745,0.6022685909089689,1.4110456280129362,-2.0665239621947213,0.5714218810007246,1.5199813713412444,-2.055070345707004,0.5592013839584596,1.6436085647051952,-2.038746589038005,0.5499325456209236,1.7084790476068443,-2.040822596963198,0.5960453076856899,1.4520083306313878,-2.039276983813284,0.5706522820735849,1.5776084516832176,-2.0132608797420914,0.5594461914550705,1.6442555641815906,-1.9916437639859026,0.5456336220687679,1.6698432390957465,3
-1.870076278368127,0.5666138545541491,0.10125706610600595,-1.8374361013676406,0.5904195559964089,0.7737945428741207,-1.9094523418385714,0.5843282685680052,0.6951470874057113,-2.0296398201162673,0.5668449863258099,0.6428346085440809,-2.113840232813663,0.555021094292895,0.5044763582295497,-1.9393036199555853,0.5655464444559481,-0.26482865284266444,-2.060310977556907,0.566918130049676,-0.4077176523422693,-2.143490752382269,0.6191543811481878,-0.4416503601811528,-2.1825053844654594,0.6689743974129608,-0.47368900117727586,-2.001248989855116,0.554815953185795,-0.7929316846982221,-2.185489653674297,0.5719728965851478,-0.7790222222992108,-2.3000457702957116,0.6421691545989637,-0.887490516915701,-2.348385744803478,0.7118415900239595,-0.9417982158063624,-2.047601541157952,0.5401397400918017,-1.0764302115760083,-2.211049586481696,0.5578375276921498,-1.1280139244558978,-2.3132764778835964,0.6226461369138877,-1.3330194593085312,-2.3556507867002914,0.6882927485557373,-1.4289210242612072,-2.0790933687813546,0.5164422388712555,-1.0861097690928483,-2.2464079935579844,0.5057502740076488,-1.2489695361960622,-2.3466215310558,0.5471455285347091,-1.4208550573904297,-2.3995447560598304,0.5993489310592311,-1.5040595322929697,3
0.22120273678782143,0.615981450865581,0.3745402390498941,0.16358555355075358,0.6136033021833036,1.0086252853481834,0.1508354328076414,0.6080915328932948,1.0045234203776428,0.14728140600449358,0.596883263068727,1.0232059997300142,0.14923775117782392,0.5884744258168012,0.9920887054687006,0.1806335409892125,0.5854647173335843,0.026195941273783236,0.19326431465265803,0.5858915552352241,0.24187329138932698,0.1458231353752932,0.5843359562179176,0.48685100967443484,0.10195843305816478,0.5765234146014389,0.6478317507444907,0.22524204886335697,0.577412113344915,-0.07833915973716322,0.22081125195081952,0.5780036365797895,0.16119666457602103,0.1812066973700403,0.5742588721594282,0.43478957998646733,0.15142978202668395,0.5644634950362801,0.5794752819986542,0.2576594209646187,0.5721045432539347,-0.044585978221234626,0.25002271539632814,0.5710395565435086,0.2574559612016083,0.2242178506349746,0.5636103153541135,0.5051744338386042,0.21282538411712135,0.548936198767552,0.6292719774522947,0.2770192083981007,0.5678777768512359,0.027932165423336656,0.2768184871618469,0.5697045738411105,0.316041693146626,0.2544832941684281,0.5628643961739167,0.48799847670546864,0.24158230677209555,0.5502538013747432,0.5759992027534748,3
0.14835508062714078,0.6010221875110301,0.2647327940058648,0.08649973925038257,0.5922245835541374,0.17546233419026008,0.05877158350478951,0.5873307528287147,0.14000444200719916,0.05672347167874907,0.587896185138092,0.15112396142319517,0.04608946556979695,0.5884490975743779,0.1455943977634152,0.10017549879288558,0.5746075822965749,-0.1281372196440726,0.0964333986131202,0.5749206967227469,-0.018893213176428867,0.04918281572524192,0.5799266085867257,0.07498697899656953,-0.0024073018725978158,0.5775861703289753,0.12726942389283125,0.14753383443337312,0.5710214072732547,-0.08855585772311275,0.1319525888337024,0.5722170854439805,0.09644670956699776,0.09102611278466981,0.5720276084118202,0.1807631842396763,0.05115243580503183,0.5691037186434035,0.19707861317884348,0.18275521080705065,0.5676029330684134,0.007685216678030957,0.17266989889808096,0.5684800924113527,0.20772724578936413,0.1405101225514958,0.5718808241473609,0.25366057748643484,0.10596954087040822,0.5729438914611371,0.2167418591654256,0.20679132578658704,0.5650705131904998,0.08337286259908942,0.20412500820990392,0.5665424079958807,0.20309778101231626,0.1798821374961017,0.5696819980685958,0.2445401609646911,0.15601955517528074,0.5700065549770078,0.24066016322396333,3
0.14232106778302714,0.5951133122733394,0.35720134314141844,0.0817347996957888,0.6035366625022602,0.39166124451673356,0.05223393329815453,0.5933627329038587,0.40047471829232706,0.0545764113232597,0.5868479892059992,0.4209174519383004,0.04037249631274492,0.5826272955190567,0.4023037572121859,0.10945301447522911,0.5738545367658842,0.23186765484586705,0.09382125460411113,0.5652626501950316,0.27450516816764403,0.0430941969890607,0.5699447853339179,0.2954931233184362,-0.013593175043404772,0.5674511385011238,0.31194890152756616,0.15005527212327247,0.5635840938293585,0.25092088827173253,0.13601328101395477,0.5599644033287962,0.32124836393992934,0.09478588889057472,0.5646795349822313,0.34705211575306943,0.05305113811879893,0.563988910195183,0.34543534709676965,0.17668503483978995,0.5546405021053396,0.2590537587337938,0.17606588846964225,0.5508741283418482,0.36172058504656995,0.1429546955394434,0.5564815606954531,0.3810729592126486,0.10535170697498394,0.5591910422878591,0.35339539869757414,0.1933780958660273,0.5465976747530484,0.2527395222046062,0.19184701267277576,0.5432123223081572,0.3155392456951918,0.1667034335826962,0.5472406258296609,0.3451916509921029,0.1399343038804666,0.5501524701093455,0.3515834243156641,3
0.17784605586834704,0.5965089079416132,0.3540849410659489,0.13066333752426623,0.6035859115603268,0.5059929814300119,0.11804950182118294,0.5926094106833087,0.5292731689290232,0.11893522098206954,0.5802916918179661,0.5539268606777156,0.11800434107213607,0.5739845604638485,0.5420690106989657,0.16813465337970143,0.5764743482855732,0.24609613982556588,0.18628435512226504,0.568034419267723,0.33220473546758444,0.1486371853870471,0.572825533336799,0.3964707256983406,0.1047229448083003,0.5689171064997859,0.44193585440988314,0.20392145464694247,0.563343095111392,0.24769966627585266,0.21208202261381995,0.5610708762848365,0.34461545776612157,0.17903150862704498,0.5610102695848059,0.44765862843198445,0.1451091283369788,0.5538649181025799,0.5055942167020169,0.22812683420388621,0.5519741916229072,0.24904211433578483,0.2411041580314877,0.5499937014962272,0.37202533133968396,0.21319281756674094,0.5510727723892932,0.44697873129088017,0.1825781857159855,0.5477423393263708,0.4691310374096799,0.24493727250623556,0.5409885945322254,0.24506515430391398,0.2540723840682809,0.5394583432039304,0.34703110831236694,0.23290385560085072,0.5404979892120608,0.41300560044538065,0.20888349341442913,0.5373420925782728,0.4468275269606418,3
0.18094046132069772,0.6088089284797312,0.23980609907576064,0.12707079555962994,0.606293618162215,0.33939819619038536,0.10309065564207143,0.6015865504995904,0.35781551540262685,0.10928488097186902,0.5985029495434829,0.40061287696328385,0.11055080327919643,0.5952175426902672,0.39486991317191145,0.15149666195625752,0.5837711846052747,-0.0010943784952051419,0.1571390427481394,0.578078029497649,0.0923601398215253,0.11368350323144574,0.5781072269608084,0.1635805528301506,0.06433204154985481,0.5692352698841113,0.22026138849807544,0.1930099987063429,0.5741781895721572,0.03905357212596904,0.19171472000644688,0.5710321321382248,0.25139539330096267,0.15905335540721857,0.5680674149964193,0.3560030122242254,0.130372632026326,0.5603838581174135,0.3864516741618214,0.22023459232168704,0.5642047870789964,0.11613918524845845,0.22874771633106467,0.558238891186939,0.3094694244533166,0.20301346980645132,0.555662553188189,0.3856350590542,0.17823036355607266,0.5504721289294242,0.3757557485357762,0.23852707001552273,0.5539495404920103,0.17468100980280982,0.2435212903817241,0.550015753732376,0.26698767254935474,0.22660453880238454,0.5427207229222163,0.33019096466183845,0.21359194727694467,0.5348251292250181,0.35407704292624353,3
0.13297639892956092,0.6034737269966086,0.5006647894162144,0.0835467684270161,0.607373131072587,0.21999242101783428,0.06709707285637206,0.5970294012578259,0.21344665415982986,0.05713293042998954,0.5891219989966253,0.2548222915041203,0.035586949458720256,0.5868531544658563,0.27532832966921444,0.11703959807248908,0.5851690731883712,0.07035842605224775,0.1128258160912176,0.5778341217998721,0.2215400733875016,0.06628542037739375,0.5853434203625741,0.32879441606215964,0.011455337965366219,0.5842896335626738,0.4094555450315318,0.158113695052775,0.5733227945766053,0.20913100049922445,0.15242329702139631,0.5702680734468735,0.4335485399667685,0.10710938500772203,0.5719566503586557,0.5972750363523754,0.0659781530797423,0.5664565575619042,0.6875129778396253,0.18380574325073631,0.5606979940215459,0.3369918555538958,0.1879355130121385,0.5559331093662336,0.5211706166259296,0.1544127977401363,0.5571862410275215,0.6451841361511264,0.12369089255835904,0.5533000474039313,0.6970026080651616,0.19615140032047504,0.5507199831862309,0.3970204311714688,0.20352039497617988,0.5499926192140693,0.4910204715514676,0.1779247087260454,0.5496193826783321,0.5707593966795932,0.15387008026417173,0.5457381117112694,0.6291188939157747,3
0.1434186560417669,0.6033158155601374,0.43631857423401965,0.08769725323859467,0.6160968249621909,0.5898571218648622,0.07079312442203077,0.6082833149247415,0.5293734509660484,0.06168270305164126,0.5949714381891368,0.5016179378503408,0.05148049095000742,0.5889994591753659,0.43968109667127175,0.12271712200578216,0.5795433640332941,-0.02096398166229524,0.11257819649185057,0.5752825679594286,-0.0044661281592868855,0.0626823552348969,0.5845815376888805,0.0502957358661058,0.005014198911171161,0.583805873599315,0.11604847206311325,0.1645986817675845,0.5697874172428951,-0.09388351250852815,0.14902889644999404,0.5710171358930556,0.04701127781179236,0.10552865778455153,0.5740773174165036,0.17454768074307925,0.06619869928303097,0.5692350228720278,0.2513902259350999,0.19066771518445444,0.5603021286787878,-0.08109203670971435,0.18862342503736718,0.5569218528985885,0.14008012071704304,0.1539601649097015,0.5602126229992389,0.27185237664749795,0.11761276773298716,0.5587945112983556,0.3158908395273671,0.20393279331926129,0.5500482696693698,-0.04125714933263445,0.20375275614051302,0.5470698687327068,0.12046535227014896,0.17642722223529198,0.5510397495182613,0.21927570455256964,0.1491860618279291,0.5523251703583387,0.2753643855164843,3
0.15918549971036813,0.6091361323571042,0.45440763733294254,0.09893773847176761,0.6055806636773184,0.10007242818106524,0.09005087521181367,0.5946874995498774,0.10477537750945255,0.0965251486172231,0.5909037375075548,0.16490339473450227,0.08833157615159025,0.5914341364782977,0.19441240151929998,0.14630682163428899,0.5848980205154956,-0.19926338375375183,0.13770721606996825,0.5807295904820698,-0.07348744923452537,0.08248465987985437,0.5824302826774987,0.040681489102099434,0.020893892385009934,0.5755137255887856,0.13481265882029164,0.18844153445439635,0.57708713436995,-0.02255027398284428,0.17195526237556866,0.57488666702145,0.19399258702521324,0.12596906273813782,0.5712128142151391,0.3648638588144897,0.0859315695809146,0.5643699831686619,0.44915398037045273,0.21268291622427318,0.568603043258773,0.18667766246878764,0.20946942171905322,0.5605953580130766,0.39492778034615794,0.17323396445163536,0.5578916801682756,0.509709036561386,0.14097185371668453,0.5539759068689515,0.5295938926874418,0.22434226259784576,0.5588645454143609,0.3174601481506715,0.22085659273008432,0.5528303637909577,0.45832070532811015,0.19487674947823957,0.5488464191499998,0.539767775419314,0.17517440157051434,0.5424828777101128,0.5732159596268324,3
0.12106628282072708,0.6076178352348157,0.27231165733908813,0.063587304942591,0.6125654361274041,0.21535246968429803,0.04764988215719074,0.6019488054478788,0.2282473963541787,0.047947128647719196,0.5933639820567336,0.2564250180017073,0.030117136320200407,0.5861088735088156,0.255021898226406,0.10129983119135749,0.5892988011095832,0.12289207299575085,0.09141109050360538,0.5774867154368837,0.16906556708640683,0.03983522144903542,0.5801313403838758,0.17399108427975774,-0.018778801120167596,0.5776612692067352,0.17112606423797155,0.14455604278657794,0.5784354688544638,0.1789337292461294,0.13160820329228595,0.5700876186300078,0.2829787973073862,0.08753172128582952,0.5689093689996574,0.32468091361534385,0.046081878094876606,0.5655703751480553,0.31923270672391113,0.17092347226103033,0.5672014960811409,0.22428296666615066,0.16773720938222075,0.5568670513444928,0.3356813788691746,0.13522614558009363,0.5576220501488978,0.36590699128996257,0.10162999327159485,0.557505785582471,0.3381482900465695,0.18408748823211735,0.5571770909712347,0.23773823015327217,0.1845900731798945,0.5494624083352132,0.30322409954672336,0.16101874448125905,0.5478472353155696,0.3425680394200586,0.13814714735892125,0.5449169336644059,0.34975441217173076,3
0.0961772438932731,0.6077014144861012,0.2671569493771761,0.03170652242944766,0.6162501911564385,0.5829998203545822,0.006244435293104284,0.6136811237440999,0.6213480454734008,-6.762572997675004e-05,0.6061499710995171,0.643965827299774,-0.018364317149079722,0.5991228410688978,0.628280090247662,0.06383420277445405,0.591219121860561,0.38913085270606523,0.05826696436401528,0.5822723440796644,0.43702253796498713,0.0008200345295173805,0.5823754135890062,0.4622016833014198,-0.05698366021255765,0.5745011937164068,0.4844888845283108,0.10809615228429316,0.5772624807697417,0.3617972208484952,0.09815155257421009,0.5752955646397193,0.47725473938310015,0.04551603029535503,0.5715536575532707,0.5647475769866015,0.00755546382857071,0.5630213288499368,0.608407391796936,0.13767115897677298,0.5637481908110299,0.30970085664317887,0.1351858156330017,0.5625983162226498,0.44088722867021013,0.09626326254374443,0.5598542123637246,0.549094022187495,0.06702577875376901,0.5536556704495806,0.5888020127074117,0.15585740598421866,0.5510319013707572,0.2621596733149124,0.15789066891627926,0.5523579892078677,0.3621777650684346,0.13155281799397192,0.5488146317533589,0.4645277393749101,0.11225823452323955,0.5421475633409769,0.5273407692823658,3
0.12107406161774155,0.6004929708050181,0.22004207886590585,0.07104597820999448,0.6165063523645029,0.3471007770554116,0.05506270527859861,0.6007086750035313,0.30864951430320303,0.04745453106373954,0.5916667440929684,0.284635517544047,0.03234046210262955,0.5885190140769003,0.26552864025941175,0.11782077854808352,0.5890460554216699,0.28127412120488154,0.11733929020046448,0.5738867076481224,0.2998873815160804,0.06336429716607922,0.56572905065375,0.31920376836573666,0.01508538454636313,0.5509341234935795,0.33845920852132866,0.1573511899701199,0.5749703942114658,0.2783376912311831,0.14857031518074498,0.567688969215256,0.318215781438763,0.10766041995548171,0.5602840506131089,0.3676172715056097,0.07847309797878829,0.5496435598299403,0.3824942604260167,0.18239516185379936,0.5614652094711977,0.24883224691607386,0.1834837753872421,0.5548026021892435,0.3249701279418826,0.1502973070932751,0.552532214426636,0.3918463214831622,0.12248280663784192,0.5472996300444193,0.40326583072163513,0.19586931822475476,0.5482447059755697,0.21727730621488123,0.19725849870063006,0.5482373548890909,0.3012959284922546,0.17265059421740275,0.5484281499891924,0.38179458262814564,0.14940092505894942,0.5443200003918781,0.4225791990805185,3
0.140906882485799,0.5949756732510098,0.23464633114571537,0.08486268829271434,0.6117771206677479,0.5708793284336617,0.07114141758878932,0.6094265039040541,0.5339456268541832,0.05946393545291435,0.5950111868017827,0.4931529112587151,0.06043963042570854,0.5879332984708638,0.43305738240301944,0.11814974331135882,0.5801521395929382,0.1581319043240905,0.11360266189315338,0.5715229477713032,0.09186817821346899,0.060461885776047136,0.5744201208997293,0.07915986908057672,0.005907898830396005,0.5640809282960565,0.1060272238548106,0.15927017477447689,0.570150693403462,0.041421761203832695,0.14741846693386648,0.5656077403232429,0.0985880413946555,0.1032704760371651,0.5661207175102957,0.16458436841259558,0.07042115659326699,0.5586061635977781,0.19911856258511493,0.18881603485344772,0.5611637835029613,-0.040167250307026094,0.19090920336236575,0.5560486300131304,0.11481691282664265,0.15405620488158156,0.5555340615842076,0.2149899705499739,0.12159191222613638,0.5503898111037556,0.24282809328474642,0.20590284260808844,0.5520682839415865,-0.0739604914883427,0.20845846489030775,0.5479487114223167,0.05700942871899726,0.18318730410783612,0.5504487688357015,0.14051939205683983,0.15968908212074515,0.5485964429897753,0.18429986860265088,3
0.157614182713448,0.5933606375910631,0.25805826540280147,0.10673727714405543,0.6033188428427577,0.36175383639829756,0.09389295337430033,0.5933315195528877,0.2787517672616826,0.09179766674059138,0.5866336802525005,0.2608188483877286,0.08987603207132622,0.5854527137285389,0.23117840522938118,0.1394171822524856,0.569468511055199,-0.21478177668569667,0.14211387388144897,0.5685748568761912,-0.12761932224307737,0.09555902522814722,0.5699858767217766,-0.010774439315147766,0.04687943621818031,0.560824432480025,0.08303772216908811,0.1827026372122817,0.5611472986197724,-0.22266515075771975,0.17575968855241714,0.5653797973966768,-0.047215996577763625,0.13803006935302484,0.557769933384611,0.10660753752880424,0.113786555056275,0.545368904637934,0.18642085918571102,0.21144924199700735,0.5537203450137635,-0.12575674824272154,0.21421190900625703,0.5535434528664877,0.10906222214284683,0.18170237789806132,0.5472592528750796,0.2554185692987206,0.15765336889314,0.5384170849105696,0.29345938464122084,0.2280078213818044,0.5449205411322043,-0.025404654967858983,0.22905720307403293,0.5432120533021303,0.15717592643872996,0.20689778114302415,0.5378320862137299,0.27509023961266105,0.19276706588609444,0.5291321544962807,0.32640578346166793,3
0.15162839841082396,0.5971540686302594,0.1744525195995057,0.09324887426709258,0.6063640211781088,0.6844609616856143,0.07465296257602354,0.6036799459132699,0.711409751310118,0.08145727441865565,0.5977841389679348,0.7306545268114072,0.07998439090823733,0.5927799631928905,0.7027370776975349,0.12210707414288889,0.5806729323293303,0.3299468378904769,0.12710812615980693,0.5754556476549875,0.42774140645909486,0.08584239225442589,0.5774749030158902,0.5121841741843899,0.042290693360196745,0.5680808319304141,0.5659362483606211,0.16674173964789932,0.5684970756394355,0.28151463409443694,0.16345172695735635,0.5670406315491231,0.4353312067073295,0.12760865709232994,0.5619806821325648,0.5310025935552232,0.10265097675568105,0.5516116697069522,0.5634681267198347,0.19646123015949826,0.5568875463380529,0.24358154132499113,0.20129742904907116,0.5563398758311446,0.415669617171603,0.1729209452840262,0.5518960798124395,0.5029410977689235,0.15197518118757403,0.5433887804182005,0.5093270337464275,0.21689951895996432,0.5463261797891271,0.22183102123746457,0.2213228957469434,0.5474190385555153,0.3343209639807639,0.20102714042240552,0.5437691772214408,0.4105887243256591,0.18648884653577175,0.53732261591947,0.4432952792888007,3
0.11478490423155373,0.5841039687689026,0.4265736139042701,0.05885824595693241,0.5823721276960949,0.16675493930287044,0.03761055362526938,0.5761461688163596,0.15113922348679612,0.02682259048410235,0.5732928784066258,0.18669172791296576,0.002370893982973033,0.5731392303729739,0.20581143530367244,0.08757818776363448,0.5693518381808866,-0.07793245171887372,0.07749389796192586,0.5671183937320029,0.06223285034595785,0.028768218706097873,0.5744957773961974,0.1874212267342622,-0.02312705745443247,0.5737231977714158,0.26981997141697955,0.1302096204617893,0.5605014439397282,-0.000869538764028478,0.12050693986062166,0.5639499054198299,0.15490340350046083,0.0668693582972437,0.5680221486521602,0.28515718159687226,0.01930656653288852,0.5640499593937324,0.3607145214324967,0.15745826487082226,0.549906554343562,0.11258610333684105,0.15990959167249325,0.5527888380394265,0.23227271357210155,0.1182297383343161,0.5575363047675015,0.30342418777742486,0.08140144957051605,0.5562110366110492,0.32870554928016155,0.17346264737005454,0.5405866558422384,0.19414211503024864,0.17830920864603178,0.5463223009841834,0.25128454275654705,0.15303434398330767,0.5471600977581698,0.31020547804073195,0.1297253513038313,0.5427884506948591,0.34937677936914213,3
0.12708551595051326,0.5788587483520576,0.4143073898786138,0.06599668514658928,0.5838591848252325,0.17223777152008155,0.04233865803067156,0.5764510992450762,0.11498329306969685,0.04296711256664221,0.5754748826672804,0.10530745989881558,0.02032263074954775,0.5759825894208392,0.08655913390577981,0.09331334703281137,0.5659341700031362,-0.09260371159186392,0.07452440488402634,0.5655504513026334,-0.050338706495534964,0.023063192306206716,0.5710438591020924,0.015530498697446016,-0.028077613370623426,0.5647046991009168,0.07883037605199761,0.13925790467189686,0.5596247119407697,-0.03678333746800086,0.11159427801592246,0.5608251878014864,0.10305855536101863,0.066190938738093,0.5622268331721624,0.200707211726011,0.02926723505959913,0.5578408682874045,0.2413871942243174,0.16766198985982528,0.5521577773096612,0.053855500816841845,0.1552735170859034,0.5500827218610976,0.21539850155154033,0.11586608791526747,0.5540634903528197,0.29054348774788147,0.07783051675827216,0.5543498506501923,0.28538614986731364,0.1842209869779529,0.5441103565830581,0.11933176817372924,0.1767862155723243,0.541853572866706,0.19825750420290295,0.14749611235184534,0.5440502307867453,0.24951141494653165,0.12045589873734361,0.544327633136544,0.2694331420274899,3
0.15770752827762144,0.5695658025782753,0.4160420976770744,0.10907310218173656,0.5826983613894621,0.12172473491379349,0.0904662616798175,0.5730023240911565,0.11181536790600378,0.0934916204576522,0.5650446243390252,0.1515771506588928,0.09539117515298297,0.5632358875854943,0.17379603923751386,0.15596207044104027,0.5637053628936134,-0.1203597482130238,0.1566282666333666,0.5600991890756329,0.0015651884195716577,0.10872383104597184,0.5635499985270543,0.09819482351323809,0.055215219101132036,0.5583193992515433,0.16924522847983833,0.1946392479949009,0.5505225651284922,-0.017146234428248693,0.18660108926484031,0.5540118937464532,0.11833525862459603,0.14593949567848602,0.5523301422192611,0.2300443817363352,0.10998714546325636,0.5429191844168183,0.28844159944671116,0.21817561107820227,0.5386175668104298,0.12551259331197817,0.2235921466706115,0.5395615953274976,0.2786061945633306,0.19171009867156524,0.5383298452070874,0.35210257561749536,0.16089699684411746,0.5322520318997195,0.3615408906845621,0.2305307214090352,0.5263138186945931,0.2183854652713598,0.2374103498285812,0.5272938906712837,0.3278846446210077,0.2154326313455437,0.5261536615826253,0.3891709636537895,0.1918857053384582,0.5199541738321216,0.4137702159025122,3
0.15060315296431862,0.5835313619834998,0.3384499625115498,0.10099638611442437,0.5982514783513578,0.5414032090246915,0.08106234617733667,0.5908551603330642,0.501333918486094,0.08993743535805218,0.5830946639153471,0.4807015900458752,0.0868853351086509,0.5781062042465109,0.434898416880574,0.14083235142280195,0.5704248460905464,0.18584765742006293,0.14843448553744895,0.566417595541049,0.18375995454959818,0.10308013783806202,0.5694869789303733,0.20865370227350577,0.04837651899196059,0.5624446256188169,0.2512296434273488,0.1817021057852025,0.5575782744729976,0.13878611401064733,0.1782279347957282,0.5571601054822274,0.23854034554381823,0.14407215307968568,0.5592977336741235,0.32987471541667357,0.11075003483008675,0.5561133213237202,0.3779079076274156,0.20882291088779323,0.5452185726490293,0.11214110583240883,0.2155885709519948,0.5440679296936723,0.26988577879540504,0.18905121426488522,0.5489804839087218,0.3879772021974888,0.1579898677111836,0.5501682054937996,0.42536290396977644,0.22568554658842813,0.5325487421110237,0.10095475594744809,0.23184237566964538,0.5340693454687142,0.22468285715537428,0.21053042007526399,0.5385025353878935,0.32906329479283286,0.18859029319524093,0.5403909792753463,0.3910837952691816,3
0.13984818821213152,0.5818775597772122,0.37095196803129477,0.08837001390612957,0.5889553054780539,0.47629347714600745,0.0642189675661888,0.5786975601298634,0.448977125299398,0.05982247166910207,0.5710966980673351,0.45068710522852556,0.051704982096971136,0.5676371973782458,0.4241240739136235,0.11711851414777615,0.5681176195081252,0.19251128937969134,0.12529419121228688,0.5660180657538921,0.25224003394253675,0.07961551394987997,0.5746589343773968,0.29591790653497857,0.025906194841074606,0.5734988487580464,0.3389624554344039,0.15819741466357243,0.5565776237234841,0.19084076679209375,0.159849616046353,0.5591738512709808,0.2987791365289516,0.11792163641700304,0.5599040580042663,0.3879165471519306,0.08183041268248735,0.5542338781398389,0.43966578514885934,0.18646480608297325,0.5448848311426084,0.20270931314308077,0.19525536618192865,0.5463250847832782,0.3287146881323737,0.16395187902122538,0.5459680134295617,0.42107629774174854,0.13564303636865013,0.5411965663718011,0.4551010677710052,0.2047058792767834,0.5339615480056423,0.21100517050352047,0.21221101865987868,0.5383123775296921,0.30072430945877676,0.18949896282792938,0.5340305784703819,0.3946798317443024,0.170749904213308,0.5266059792098085,0.4559266648251209,3
0.14369869273428731,0.5794633642124208,0.34289692088821555,0.09452981057807901,0.588436372450104,0.35064142914207647,0.08246143884153956,0.5859051430487897,0.29575065544295953,0.07660508429291515,0.578847121608715,0.27565708319747384,0.07091732299649597,0.5772592911404854,0.24069141027834054,0.12378381906837026,0.5658185900831498,-0.07569563529349467,0.11797144847178972,0.5629148515581497,-0.072914244160414,0.0695267236417634,0.5660718011712941,-0.02189929381619529,0.018734930034688586,0.5559396887559783,0.04454432131650409,0.16465531562194746,0.5562367787716269,-0.1076615066780907,0.15075082415707625,0.5582908223679564,-0.007406138253795844,0.10629972069744117,0.5599275475666933,0.0856929453807176,0.07088029368920434,0.5534739125214015,0.1394069915711044,0.19398608843758017,0.5465989475775062,-0.07555732028964367,0.1953651304636643,0.5468959986261878,0.0890884996450868,0.1569783099519329,0.5486053794821395,0.1869102436624563,0.12097132014367896,0.546534927560232,0.20985842691455373,0.21227382512827334,0.5358356373183703,-0.02899751515304413,0.21197470577506367,0.5362461422377137,0.0940060874295721,0.1848361848372152,0.5395234406100288,0.17875898941627894,0.15998314983692585,0.5396079649518145,0.22026660334280165,3
0.13228408599527433,0.5867365373562016,0.3402438827030568,0.07944651641194679,0.6040694778150342,0.3566835412075509,0.06062552928478757,0.596521283919423,0.3561917119913883,0.0560344586024231,0.5904095204915747,0.4007683190759928,0.04467884091075088,0.5877525709077398,0.41972749214746535,0.13543591058912685,0.5687031697883395,-0.0713962041260658,0.12741498025157155,0.5666263386320902,0.07831295382872482,0.07054859699291009,0.5650046336572214,0.22704145394892944,0.01251802841477176,0.5542571896081927,0.32968183475854407,0.17971663776050636,0.5556557557557803,0.009179865083162207,0.16164977232289537,0.557513267055953,0.24846608987904364,0.11747096510246052,0.5483418102655369,0.4347064457805959,0.0885941637442543,0.5367348037003796,0.5170507589342321,0.2039232836819686,0.5422201921535303,0.13900568877396732,0.19791819738311836,0.5382769748598806,0.38220902070905605,0.16408082157606438,0.5322570993016165,0.5439277831791602,0.13791486308828313,0.524030790030009,0.5847982937497612,0.21121262323341122,0.5288960310916775,0.22973973944007567,0.21122704025989641,0.5264002526501995,0.38859359413332906,0.18557670013484054,0.522656518162119,0.4947971948316855,0.16542887949215812,0.5156206172482727,0.5441387387519054,3
0.11254461069139035,0.5874947967763747,0.20159343505284813,0.06429235812216756,0.5997077961355277,0.3909890911656651,0.0472236423610443,0.5972737057548488,0.4070295672621237,0.03954802807024336,0.5882464176691016,0.4310372638558121,0.0271318357793271,0.5788043139283015,0.4239689752764913,0.11358768480178628,0.5720227453153214,0.08175163862629174,0.11688677752083688,0.5650795947245125,0.11218072299530418,0.06640600767010282,0.5668039530173022,0.15806144624760007,0.007673633216258424,0.5584608315229069,0.20551296066441718,0.15494219920844848,0.5584878326310436,0.10011488783602408,0.15178308160236628,0.5545855001241601,0.19403625092064275,0.10838130105176276,0.5505787017208106,0.2992457427703625,0.07180057284656347,0.5425778418741416,0.35614375092368383,0.17984910139866508,0.5465741537594164,0.1351223192166147,0.1839890262413382,0.54026603971771,0.26996719468371794,0.15206159694707214,0.5370067357968026,0.37932153156217874,0.12310799569868792,0.5319202509072362,0.41717449383173943,0.1919473211719595,0.5348932889061113,0.15800168652677815,0.1968664880288299,0.5322427945466289,0.2681531148070664,0.17559866789672673,0.5300428495617093,0.35031210214350916,0.1564307444173902,0.5252897255519988,0.39522750613654595,3
0.11427850454591262,0.5830949715948729,0.22457365713517924,0.0577145528221231,0.592020315648868,0.3777778763490064,0.03315378242343265,0.5889745559370619,0.33292386175251054,0.03128091038974097,0.5829228831977568,0.31089887003354943,0.01963404732761096,0.5795781445015027,0.27285614331871766,0.09028527515522339,0.5708997347452419,0.025564668958368147,0.09593330412812404,0.5691963476562111,0.03485128488319857,0.044123347159595004,0.5701018994639626,0.08165876298228378,-0.00961756449364092,0.5580670954508677,0.14433715052233637,0.13729541850114513,0.5582008772903547,-0.001716145330049498,0.13425898286433732,0.5601011190972524,0.16136143329923894,0.09514488188631308,0.555201496543001,0.2811680709007954,0.0682166970431224,0.5450609937992233,0.337347059467577,0.1665966502081055,0.5448878955470914,0.005675806942947191,0.1739099839131095,0.5445446774858803,0.194039451819611,0.14414808111595329,0.5412851520986491,0.3194874116424244,0.12017144590406717,0.535590672249947,0.352075977597554,0.18368472930400337,0.5309814105716809,0.024714145957986954,0.18833867522898357,0.5323727244575813,0.14321677406511843,0.1661398191617258,0.5287332088200812,0.24068926720987313,0.15103135781198584,0.523838714471115,0.2922436477807973,3
0.8261605584817796,0.49473925501250315,0.3838936439732634,0.8222630977785793,0.49979699225623586,0.20970508781454225,0.8299646813404367,0.5113835677339246,0.4149688724608469,0.8450895315988586,0.5197014639533183,0.5744127031873287,0.8609567126642044,0.5200021607842035,0.6812763820147139,0.8102481570663047,0.5067116201270438,0.3945945760038915,0.8336212223600795,0.514344050248818,0.46882023887354213,0.8377207950255039,0.5441396354732421,0.5052271958011554,0.8185443606547145,0.573971237282502,0.5075761629906661,0.8007167002164878,0.5122762600731406,0.5331588616224634,0.8103048850650444,0.5144537984904638,0.47156435614982783,0.7979190276860781,0.5364122934309474,0.4836876718153771,0.7592140164978576,0.5548814357101555,0.4796966210885087,0.7874519725054555,0.5197009979368945,0.5711365364465197,0.7911505696096454,0.5235518230026545,0.5352603705294534,0.7787891078895121,0.5380134219854729,0.5100039291309727,0.7499593239299911,0.5485978925815713,0.498509574811947,0.7661721892831285,0.527038856459912,0.5310516105813056,0.765344399322682,0.5337772049235914,0.5782154817418221,0.7569048221221636,0.5474287012597907,0.55887662807782,0.7317864488381242,0.5570229931014373,0.5292307510223818,4
0.8236985692267041,0.5249928100395237,0.6339716954001414,0.8468664038974419,0.5236414690946412,0.41524199468202816,0.8541824030913959,0.5191917075306678,0.5003509429789782,0.8879257759323127,0.5159292372244848,0.5704101299826603,0.9019824697718241,0.5123440611531981,0.5831934293214077,0.8209904969775721,0.5118135309213321,0.26935643678339566,0.8629733699289707,0.5137392688918556,0.35079110452187995,0.8816499141229165,0.5407471788345092,0.3926010802901669,0.8694885058684187,0.5653043055981074,0.40007828940987195,0.8144327631188015,0.5128909299020518,0.2615234286107867,0.8370581566414503,0.5184710426337705,0.2962461895449555,0.8389416977286636,0.5369902345398241,0.33719851265190554,0.8124528674890029,0.5474884262176939,0.3604723158787985,0.8083924819726908,0.5145622702011357,0.24367774959357133,0.8265164536058109,0.5205297617143252,0.3343946290398018,0.8267272820016544,0.5357220726932213,0.3675558769864191,0.8042799787564087,0.544193637939299,0.36743022388928864,0.8057217584095562,0.5141931596822773,0.2129546525422537,0.8132763977353122,0.5209961905774801,0.3144491403206193,0.8085508273628798,0.5350276431450361,0.3478549894624138,0.7906732983530887,0.5460742156746812,0.35254623900961873,4
0.8183117522941933,0.5389516119733676,0.5873862913416008,0.8389780608170395,0.5225265894110268,0.4395538424422734,0.8449669408321187,0.517955178626817,0.47649379096548794,0.8806594419509083,0.5170132902966571,0.523758116902834,0.9020483061178086,0.5187602853978898,0.5018683564952845,0.8057933889512235,0.5136297477727477,0.014953988424188165,0.8546601487910054,0.5177235934109585,0.15952193908596196,0.8809107971822601,0.5475277412591444,0.27449824292423924,0.8754746704182811,0.5736566274728344,0.32083240546092656,0.8025478615075573,0.5160181686577756,-0.05626349122828282,0.8332186624851887,0.5230961345812539,0.09845381534576521,0.8449731660710418,0.5424532705846589,0.21243480041399748,0.8316283573822115,0.5541515101735435,0.26963421919030095,0.8049244779857463,0.5190271075328611,-0.055816077956251445,0.8310461154917869,0.5316835503208008,0.11882293182222288,0.8378794791067292,0.544175454379536,0.21843531375156738,0.8257368350829143,0.5506468033399905,0.24885335025583932,0.8115496951839695,0.521168028718434,-0.031980907590864166,0.8293195925475532,0.532196525510016,0.10336155027646811,0.8311826204478602,0.5386323339241795,0.19138785786946713,0.8269321005384445,0.5412229484439796,0.23164764510448427,4
0.8066785613590741,0.5250856363569089,0.7611352617760776,0.8076507360797216,0.4968658469747973,-0.34274667665118563,0.7981496298896451,0.49957621734402324,-0.26751254322570145,0.8225277308642631,0.505947332128387,-0.14493949093107425,0.8205623369074202,0.5108022043956848,-0.06919633279886607,0.7649077683727222,0.4817537348517079,-0.8541422379492557,0.8054877516429753,0.5008620397844851,-0.7234843814415403,0.8093619903263365,0.5413236668347496,-0.5370575798175002,0.7795606285418122,0.575031150150313,-0.41377485400307085,0.7660633475903321,0.49609077523245915,-0.725231581656829,0.7845577947441085,0.5141758680800007,-0.5694543423768617,0.7695373502541829,0.54149680496459,-0.3945111371587807,0.7275094972923675,0.5583871617109231,-0.2772436564483484,0.7624293495812281,0.5111741531718448,-0.431831979700681,0.7711223587216538,0.5280404047527144,-0.27497821025501706,0.7540997210443403,0.5478382239016784,-0.183590689679753,0.7185095559824044,0.5596269754073318,-0.13704904287640388,0.758125307253076,0.5253161392073218,-0.19797141832355628,0.7605533334104791,0.5427867547737327,-0.11766370374538418,0.7436923836229774,0.5595587718181751,-0.10257692540039894,0.7175212155001879,0.5694693676713503,-0.10085491335395579,4
0.8415991369163708,0.5314597101506907,0.8307178980225883,0.860256135209833,0.5162924519332175,-0.05316741567925334,0.8547290161633059,0.5094972608988027,0.052600713828490075,0.8838987387215086,0.5094054614286169,0.16898364819706935,0.8926250743671345,0.5121029151784607,0.23632193830187587,0.8308035779348976,0.50362238472429,-0.1860257261149052,0.8731646157931157,0.5091035262678518,-0.12289217307795255,0.8817070891323906,0.541773738388816,-0.044997165340857896,0.8571337815305285,0.5706543306972944,0.0067454540887737285,0.8196480024031833,0.508865075041311,-0.08328149463710713,0.8354288443671772,0.515841700980837,-0.09305985240967478,0.8262350827424083,0.5359554703783332,-0.007158985199197213,0.7910167790120853,0.547692650322362,0.07044341381904105,0.809312087524285,0.51503530282042,0.047569528472308276,0.8188706591719356,0.5248549679392618,0.059848649967071704,0.8114595942497183,0.5412353236616723,0.12899391302276725,0.7825675304314984,0.5513427403234665,0.1871794279788516,0.8019408024046211,0.5200754550040687,0.1251859756264546,0.8014417852362483,0.5318745252959175,0.1549287115250729,0.789858575661266,0.5444155209531507,0.184721645445942,0.7655005962874747,0.5518672056783566,0.2071587713396849,4
0.9116332021969226,0.5418011309576205,0.7309595496907731,0.9457263414561355,0.527595937085973,0.21271742213424294,0.9802566361284325,0.518691093401633,0.29851191201451766,1.0369791537379363,0.5151559460330019,0.39189334961074135,1.060980483177599,0.5092355470674651,0.4336066054274859,0.9410351479513268,0.5135652634675071,0.03241149270509882,1.0059528108325035,0.5189989962396198,0.1429822950966304,1.0366576020810379,0.5426944271908773,0.23996926384297917,1.0342239411609768,0.5608613896564619,0.2918124745013145,0.9279442436526589,0.5125913912003794,0.10722932970804741,0.9677682052407789,0.519132626983135,0.14226891722180285,0.9832288960023737,0.5404911580731908,0.2019323251767099,0.9655379971226453,0.5538239763781575,0.24427458956538875,0.9151290720967155,0.5129066560336405,0.1926827304241805,0.9467309652789031,0.5204446006138278,0.2475492587082687,0.9592677787501583,0.5412492351542297,0.23492194820458254,0.9453805528109612,0.5554420676541901,0.2184410146891558,0.9053827204418932,0.5127508247683514,0.24430216168181168,0.926955540836878,0.5200342250255839,0.2942579995974076,0.9352793242193788,0.5392060964335575,0.2699979272298415,0.9236559437356316,0.5548655583417764,0.24399465733633194,4
0.8902664025576144,0.5253751406571062,0.6353080652817458,0.9349155260359615,0.506173588418788,-0.20733350546363125,0.9668705358638057,0.5008835765443082,-0.0753151440734642,1.003417046196538,0.4983328321645181,0.07001100313333385,1.0181954925625232,0.4967186462649385,0.17313940949096013,0.9262991226120487,0.5001541674089569,-0.13317855544244858,0.9863355122191202,0.5038450458919582,0.0058993938348080545,1.0057248824099079,0.5284840584134527,0.10431032466216857,0.9928299274477408,0.5499924262093709,0.157555224565497,0.9025599651905766,0.5009197767855377,0.10211562542174325,0.9471770070725372,0.5044263092209123,0.14037574921728405,0.9532722815569167,0.5257570853580127,0.18978843233412684,0.9271870173362281,0.5409704552377588,0.22789160071115433,0.8824339774305852,0.5045182666347771,0.31233075489111706,0.9146320349811135,0.5086946843038735,0.32552674828927597,0.917509954680299,0.5264011197438063,0.2817291733571511,0.8954858687770623,0.5407862320883606,0.2530832409856717,0.8650510145955138,0.5103816226755897,0.41623345415555174,0.8799964560068809,0.5159496375144006,0.41374678410349486,0.8791564926071299,0.5300942391862803,0.36684364209991716,0.8623853762577006,0.5406847083459556,0.3330857537875537,4
0.8035864895458278,0.5284569032630163,0.9165380796669153,0.826973319465547,0.5035878476049976,-0.44630829720435006,0.8409719294094407,0.49928839423266574,-0.27206477351530844,0.8549227770410853,0.4987044677946449,-0.10992903133359967,0.8564021326633059,0.5029768328303432,-0.007647052251842261,0.8172734611618038,0.5076283355680699,-0.12497201534190529,0.846147860916294,0.5063616845200415,-0.03826432545634946,0.8428447154200125,0.5329250705847005,-0.017212505623015985,0.8087049953622063,0.558149301477943,-0.016628183525813484,0.7997596701558033,0.508204995692329,0.1570746235745707,0.8117840344531124,0.5052511027051978,0.13730788276022135,0.7975059927339921,0.5244076589331786,0.12867834612121054,0.7522788408871708,0.5382549771959787,0.12893527888224743,0.7848498005251392,0.5090728074431866,0.3736690366198185,0.7906888893101314,0.5068952379689013,0.3443292696549054,0.7811314160925873,0.5283644107479416,0.28522406527396277,0.7454717536270657,0.5463780719472957,0.24163762209445347,0.7713967418955732,0.5108747286290687,0.45541337327593856,0.7701417879876558,0.5128689804952967,0.42376171014106295,0.759554221298112,0.5321575061232833,0.35952268023147044,0.7306725304404424,0.5486182884314061,0.307270267449047,4
0.7562431751564446,0.5244184249721786,0.9333604281902351,0.7806784153969127,0.5013861833380081,-0.6429840889922182,0.7828651838662551,0.4988333996165886,-0.4875880464657927,0.7960812681699294,0.4985615951589791,-0.3374022847051612,0.7856917385071759,0.49883223532798476,-0.22263474509455092,0.7560691679405708,0.4985917891997806,-0.2474238119019986,0.7826504271805681,0.4983202123246268,-0.22404608596876252,0.7715620322445503,0.5297233263284362,-0.2234614036258543,0.7282535869972712,0.5594719419654223,-0.22001193184747506,0.7400725123402173,0.5037001524602382,0.05460743380841856,0.7481230633127917,0.5007022416706564,-0.004741390992864706,0.7209082748556576,0.5237470149899237,-0.02004207603644064,0.6648904152822577,0.5412824844747842,-0.017273582749457762,0.722188813431593,0.5104214239979306,0.293283653388251,0.7250607414708669,0.5086746161291337,0.21372711044646914,0.7058858766425423,0.5283368406990555,0.14727964467478838,0.6633550092762996,0.543331810459582,0.11750358600599965,0.7029088683611363,0.5199369839717837,0.3868722950719826,0.6967267248757257,0.5233021102393521,0.30092853483009346,0.6761713759907243,0.5384927342739285,0.21773179416226088,0.6407417357471207,0.5500669307294639,0.16793247323714092,4
0.7467110372949299,0.5547089682635978,0.9012177880668324,0.7664643280132356,0.5285534842082472,-0.548269628777813,0.7738184415262859,0.51636479836917,-0.3656313894322193,0.7923223536947092,0.5071939931613852,-0.19627243312319423,0.7939849595325087,0.5056592520044777,-0.07981591017279284,0.7553296622463077,0.5247205017969634,-0.07791113092626355,0.773337988129863,0.5179046537264861,0.017005947781231504,0.7694423987115003,0.5438858357247088,0.04377089451652228,0.7392509707305689,0.5682883606904057,0.051239296131947346,0.7369075827398749,0.5272116153552446,0.2387769116504401,0.7412065787577649,0.5174730425177856,0.207508326856538,0.7231519810790222,0.5299343125429195,0.18624601580112918,0.6821802351373479,0.5362980112202896,0.19197187990748005,0.7195032534902424,0.5307122389909769,0.46096010052980946,0.7225629756399209,0.522080928707969,0.3987737134077464,0.7088800116918037,0.5379833225743036,0.30966162655524687,0.6753154276476901,0.5522494912507294,0.2566349799064118,0.7036480139595477,0.5359678011814829,0.533405429568271,0.703664365353673,0.5317254959570606,0.4334438228434134,0.6946834356365825,0.5466713665348071,0.32176792337741317,0.6713416302480358,0.5623588080194065,0.25234703756825394,4
0.744399956701935,0.5499357038742246,0.8844855500398393,0.759246054557698,0.5179044496257723,-0.7395136830506897,0.7572986894270269,0.5108538411525418,-0.5532154119397743,0.7696753356565561,0.5111802508813913,-0.36073296266815563,0.7697615013476351,0.5134505887440626,-0.21602075571399698,0.7454279115414687,0.520968936072586,-0.4055451962274057,0.7656666358357471,0.518558565775127,-0.3185155305846094,0.7539614852371601,0.5457530767317788,-0.26848575046485784,0.7143855307961603,0.5712667300632512,-0.23326930890964126,0.7313993248177022,0.524661569896807,-0.04631528936320511,0.7416372854792752,0.5169371766904198,-0.06481556027128278,0.7169361910641009,0.5358005860760813,-0.039588241168209436,0.6675760665486684,0.5498853340368902,-0.004815734254732186,0.7135764736428912,0.5291702863715784,0.2690362802584631,0.7181816212185801,0.5234823562439409,0.19791462975941004,0.6963334564764699,0.5422756503687071,0.14436847952283394,0.6540056746296189,0.5587980248640854,0.12363850869443387,0.6930714438304424,0.5355111047954992,0.420741613791245,0.6865494639467525,0.5355063756639675,0.3208408509493418,0.6676496905046071,0.5520935017169256,0.23220620638807726,0.6348485850108226,0.5671282206435138,0.18161689079727572,4
0.7484449311494523,0.5589103371803451,0.9460929228964062,0.7655789749747597,0.527173188460019,-0.7448106700993332,0.7610776209530475,0.5150214237639186,-0.5875835921698789,0.7715397239807322,0.513045100127854,-0.40863067496778965,0.765041790839595,0.5142323343930215,-0.2660040807739981,0.747110863349276,0.5188800271168055,-0.44377485114460913,0.7679738678674963,0.5143570187562658,-0.3817906882040817,0.7557474246240066,0.5443332484242669,-0.34079048572764126,0.7132394283542938,0.5736625500972634,-0.3054667913538974,0.7293892333780656,0.5260870458551763,-0.09949141893676293,0.7412290582317477,0.5178254542792529,-0.1278116821474636,0.7194115056718129,0.5394133297139175,-0.0955949488421878,0.6694627390695289,0.5561334287978457,-0.052856613735612526,0.7093462881055577,0.5347859468777817,0.21243144191801835,0.714835067468564,0.5265437820288749,0.14021460084139362,0.6953392649157113,0.5448290415934863,0.11335559864886308,0.655017009875105,0.5612893939354764,0.11568699193663673,0.6873521162051834,0.5455435174327332,0.3663158191405421,0.6802844062948172,0.5429589186308958,0.27534986622955065,0.6635529953191887,0.5580358906240772,0.20457417705608602,0.6326738320725348,0.5722703217658129,0.1707397886245954,4
0.7683314257169095,0.5626493527921088,0.9507899728895198,0.7860228261398099,0.5349770157147286,-0.19710177318092584,0.7878616614766384,0.5256024496147096,-0.09096508523531517,0.80325718867073,0.5217147450819707,0.03294519898093973,0.8054404837338208,0.5214907226982844,0.10489421071490669,0.7661305241909341,0.5189969732296994,-0.22443999748045357,0.7993477566359253,0.5205173091885618,-0.11548101442026909,0.8010154784887406,0.5510277606484473,-0.02656923508293943,0.772299452107189,0.5791793563003714,0.0325806986781089,0.7582166860293171,0.5206537694235643,-0.026888636289395206,0.7758897095763421,0.522137624577547,0.007657611634295546,0.7639227770036299,0.541348771784713,0.10504465991336585,0.7263416048976797,0.553853774201258,0.18814762526477638,0.7485877273762572,0.5236490652398964,0.1743890433646214,0.763047561904201,0.5266971234666277,0.18588730968906267,0.7545141157378229,0.54488974628828,0.2324336287830625,0.7259272403102066,0.5584454134462054,0.2754445661779425,0.7379209885895609,0.5268883444682978,0.28405581238539707,0.7405370788257796,0.5337704797729199,0.28617857376398087,0.7296513907852259,0.5471677797123576,0.2946489772638587,0.7062008723285887,0.5565092304259638,0.30543850346826723,4
0.7731885065727359,0.5472433850136661,0.760346660359599,0.7971628457799643,0.5178634638324819,-0.441261477957819,0.8017943748131752,0.5147375023214324,-0.2933628447968506,0.8198049340920549,0.5136621764920136,-0.11995133494419233,0.8333982658056871,0.5155005933651927,-0.0008710702212875991,0.777038676530052,0.5101885810769858,-0.48291127838852355,0.8077124438082688,0.5131541896904396,-0.3186595565601026,0.8095657412691897,0.5424592394239033,-0.1752381463506136,0.7827129518932597,0.5687098146447711,-0.09106149092279553,0.7650020784063998,0.5161522088073823,-0.21410535440272593,0.7777995656859205,0.5157767172517722,-0.11570759458500225,0.7633447210776964,0.5303015816387804,0.011377296573935654,0.7289250029243839,0.5392981432632376,0.09900066532100768,0.750843098957879,0.5221101770249809,0.08427259463327519,0.7604919812989056,0.523307660209991,0.1487250588948842,0.7464769929058584,0.5348195962306148,0.19483600017905103,0.7171699964799741,0.5433983172394665,0.21688270449430067,0.7350383207557564,0.5275070204262091,0.26107000851726386,0.7341708571295088,0.531515940262171,0.27446186252140264,0.7188464497980972,0.5427888009300229,0.2586912254772274,0.6958579462079054,0.5509249565091986,0.24231586013927123,4
0.7809268538427169,0.5442416450951572,0.6582963617813105,0.795705197666972,0.5176013530737786,0.19461688767227192,0.798815629571124,0.5094573438249648,0.28323156883747014,0.8309559300331977,0.5080745778107807,0.38551585755484935,0.8516770257334637,0.5102824477542917,0.42351020702945097,0.762781467827347,0.5089434328609634,-0.07064467075008596,0.8048206353105629,0.5115493368937177,0.08815409311330455,0.8265591936305273,0.5407616816772821,0.23116875036695494,0.8176094963755739,0.5669993607096816,0.2995536668364277,0.7613397558242608,0.5141604816047559,-0.0171460776879633,0.7818629554030508,0.5160876394016066,0.09467971845893959,0.7841402588872819,0.5343640525239152,0.2366456370392459,0.7618385163169928,0.5460971343634746,0.3267766934392951,0.7610702037490413,0.5186387639101977,0.07313776666661682,0.7805620869509184,0.5242917726250992,0.18535536057236662,0.778242213605195,0.5399046261645392,0.2799566835339396,0.7563748669690843,0.5509175988701639,0.32501019908948775,0.763183174990777,0.5212746772153493,0.13483151450282663,0.7715256805004019,0.5303737406723071,0.2206286808247656,0.7653870134590742,0.5446910117240434,0.27132952940405664,0.7489653961088769,0.5556598901832612,0.29454208794527365,4
0.7720909183139961,0.516353916364099,0.7311750828014615,0.7789749853867144,0.49213198784976764,-0.06832459003541717,0.7718608957958356,0.49128186958023196,-0.08052950779289868,0.8001311685597368,0.49681349008951964,-0.023568330999179956,0.8129285586262933,0.503160198752053,-0.0027095402592848808,0.7396342302389329,0.4805722512251815,-0.6612101892174643,0.785192655067403,0.4975286345815347,-0.5264644754531835,0.7976296783822454,0.5331742777663551,-0.35507547599297695,0.779351556924345,0.5630285963875153,-0.2461997617770284,0.7411501971341098,0.48886327565539645,-0.622604934766527,0.7627572008755923,0.5078936910413637,-0.44959871363751536,0.7555482038396044,0.532040543307193,-0.2650303501435248,0.7289821444406905,0.5448604035754215,-0.1486309846809862,0.744432357205833,0.4983858360998503,-0.42068123122992085,0.7598518293046612,0.5202994922734044,-0.2591579221117848,0.7483631112425033,0.5349680697966321,-0.13274757196735468,0.7237878065681645,0.5408421981710558,-0.06635668950239662,0.7490692652121314,0.5071514919907948,-0.23292855903501145,0.7538196017093957,0.5275265808844797,-0.15904090633135656,0.7389012496473415,0.539281061710637,-0.10860684354849263,0.719444873368499,0.5448811387239015,-0.07878922758661103,4
0.7533175695993076,0.5187727354619401,0.722131197205379,0.7625174654303642,0.4994244842801216,0.10376149475116112,0.7512445056558359,0.49531979673372917,0.13334946210338974,0.7787863124893611,0.49766099722209745,0.18493135618612178,0.7865141531898027,0.5018386449364496,0.18784583761851836,0.720890332312042,0.4942896477336245,-0.13649359480780124,0.7582574689997846,0.5014353974503215,-0.016906829502689496,0.7727304815290761,0.5362027130514782,0.08424276060363652,0.7564392575406788,0.5670571655241085,0.12645067109323918,0.7226949476362625,0.49791837163964875,-0.13404089788891127,0.7401446484068175,0.5072710969294377,-0.02201546019322758,0.7360496729823639,0.5278023900697421,0.08328421252932938,0.7111900807317473,0.5405121017311968,0.1411952293398608,0.7262592369875055,0.5018282766631579,-0.07439386721065842,0.7384854996538314,0.5160406653956822,0.0423485346962125,0.7302320095141426,0.5298777282019143,0.13291352245293128,0.7074170471307766,0.537181313649612,0.16600221456542863,0.7324271757948377,0.5064419354588992,-0.026136498946730334,0.737138599211383,0.5212759568453694,0.0328986099398682,0.726927940079515,0.5301710587281638,0.07884205470023395,0.7108351773113796,0.5352688812080353,0.09771242613030268,4
0.8048645458953029,0.5187848277791475,0.7786275716119913,0.8232892820501259,0.5078077316609433,0.10559930504907578,0.8355067853565352,0.504349459015587,0.21087714731954804,0.8739896290944074,0.5039382204346277,0.3115429144407066,0.8911216312530937,0.5060030301282012,0.3483374245487576,0.8008402968551162,0.5015602531494993,0.030006861008946485,0.8597086754463354,0.5048351415567573,0.08852003199278802,0.8769906706235885,0.5342486967018149,0.127288997497008,0.8590890886265297,0.5589576212600099,0.15019876912285812,0.7946347167262032,0.5014159988904084,0.10484076439217736,0.8304635781538571,0.5082313564950811,0.11298191067838696,0.8342931244478257,0.5321697359005406,0.15443436532490898,0.8061803329709244,0.546442837563191,0.19069410257688557,0.7929540192802482,0.5026966174607487,0.1740028398021265,0.8243220058663787,0.5125891966247863,0.21693605763987545,0.826327115452154,0.533734246874941,0.22007982457077616,0.7997657459788295,0.546679234724133,0.22097794514031022,0.7959778584239674,0.5034511905131477,0.20355719590923751,0.8168637695887415,0.5138287939989784,0.2543282407790251,0.8172247298823978,0.5296844466645768,0.25612693600882724,0.7964206791326554,0.5405133663881,0.2515912922850982,4
0.8222431563052994,0.5306381438933737,0.6939498661767666,0.8474162736163738,0.5265002281766396,0.3950899679528174,0.8761732192407289,0.5198522900834288,0.45967008155106975,0.9193896671824561,0.5135951875713999,0.5147073060974883,0.9381600815325157,0.5104943079487275,0.5156019961126459,0.8348646523710185,0.5080092301507196,0.18484980502543713,0.9008504291168544,0.5091189887190406,0.252436620244901,0.9308994277383034,0.538375722327019,0.3130434757854099,0.9271641072009874,0.5631221738534928,0.34159581780413006,0.8301597382412499,0.5075498402672102,0.1525609211275894,0.8751608650422906,0.5113558241760047,0.14792798594421488,0.8854824375283239,0.5340765500671278,0.21313669272518293,0.8629389008700087,0.547742797878312,0.27474243085726946,0.827140745324134,0.5088287694134498,0.12765868639920214,0.8638555809873767,0.5162205071154627,0.19130206174611405,0.8694312776463322,0.5373507290673029,0.2357655057590818,0.8459414744963726,0.5506801822144229,0.26710028112842354,0.8271358623178182,0.5092870421346696,0.10715888974189235,0.8485668423264835,0.5190585401663201,0.18735804232522216,0.84769528879013,0.5366726409212328,0.22169947453647063,0.828205270507353,0.5490946769778243,0.242600713121733,4
0.771886335952516,0.5463798513025121,0.5631655157955036,0.7901356363540065,0.5225950092433743,0.18631934061649977,0.7910061666394131,0.5100473962096664,0.18142026852017137,0.8153746735424657,0.5043615570574272,0.2086560656253647,0.8251838325386637,0.5048508589338031,0.1758969480259089,0.7450147105180556,0.5145910011025627,-0.22450170005073336,0.7862491653580357,0.5124164811321329,-0.10376959714771009,0.805346225569999,0.5424761594071392,-0.00947020642693768,0.7926541448129282,0.5712063192940761,0.023518347979369053,0.7412979376237523,0.5185156922616734,-0.2597872081290267,0.7594095576100742,0.5178606954553991,-0.10622510494574677,0.7576780359406651,0.5312137596463565,0.010388971939277953,0.732726417482887,0.5388284035966294,0.06403935882705143,0.7433249339102267,0.5186239990522342,-0.20190636943930965,0.7620219780809612,0.5255365140275289,-0.04612317672579707,0.7597233949533183,0.5359547740232655,0.04731779757476968,0.7391067773502469,0.5408592640617433,0.07274679887180198,0.7512814223959484,0.5157223615170777,-0.13335273968089958,0.7654850805718361,0.52365208708024,-0.02474104322776428,0.7598973267193451,0.531676986644053,0.036443908131638905,0.7471217853266321,0.5347390634489531,0.05674116051544524,4
0.7558301210349769,0.5459822274602262,0.7076278213115406,0.7718912640646838,0.5242159312618875,0.20435061014080153,0.7716961225413067,0.5138020021774269,0.2241958711022771,0.7965655518706352,0.5104575488332764,0.2745648269660977,0.8071748937009876,0.5112570574158686,0.2692611987000206,0.7317772039117566,0.5084879441455565,-0.15730632372676986,0.7688050928755676,0.5144345804065814,-0.011995681051066673,0.7842247375246294,0.5445800384654597,0.11763323509285996,0.7712096798420494,0.5729513613558317,0.17888143931388742,0.7327216022000029,0.5104410042288307,-0.15858668891248623,0.7496426757540288,0.5166899885825538,-0.03955658483479273,0.7476329873045345,0.5333207244594559,0.09430179191671648,0.7270313130243279,0.5429656980919023,0.17991813607034307,0.7362813788464057,0.5125077262863995,-0.08608563872265222,0.7509257308822969,0.5230861384349819,0.04358075639152662,0.7457691427427423,0.5364834107404313,0.15614954769563683,0.7251889655810018,0.5442581369673388,0.20868968569575236,0.7407863091287088,0.515199153165276,-0.020096331882401335,0.7480121532892594,0.5261073050869962,0.0533955313841346,0.7407763989398839,0.5357441840443293,0.11085166200775638,0.7259952528114475,0.5426292158492328,0.14160648329514114,4
0.788462952390322,0.5569862361188364,0.8285882973919576,0.8081297416750064,0.5345721157406913,-0.08959699348464355,0.8216510319831916,0.524032177958169,0.0013805175516810922,0.8503491020050211,0.521114346457383,0.11975190802303018,0.8612006309296554,0.5211976010594084,0.18217236477492108,0.796273804858168,0.5191428826322353,-0.2667926220742689,0.8407934512264517,0.521568007686245,-0.13670348602188795,0.8529147939068467,0.5506917781241979,-0.01126119515394412,0.8335747683871323,0.5768944077956707,0.06763322238056693,0.7887505413359401,0.5222693635533147,-0.11741242476178741,0.8122929697440829,0.5273370727149961,-0.04425728985926688,0.8073580343831664,0.5447515774583598,0.10144519717854411,0.7763374242177392,0.5545231350567704,0.2123777015035258,0.7803865962929525,0.5253523169679909,0.06626257578065065,0.8018504923406687,0.5333522962356745,0.11865156477570732,0.7967583644800749,0.5488570510293065,0.20283307642445725,0.7704793160609055,0.5585392758449865,0.2646101273813313,0.7737786008749439,0.5265165081766336,0.18213642423322451,0.7879853866514306,0.5353691825902915,0.20766075223139063,0.7803923217732889,0.546861561124712,0.23501006434288724,0.7592729329915098,0.5533413781913313,0.2579859551967594,4
0.7847065713120411,0.553342536419177,0.6010167689030416,0.8099085208799687,0.5290231681781303,0.04131940782499942,0.8229524446941109,0.5212166736749108,0.16356512989716906,0.8555400828741737,0.5191991860298785,0.2793583190151404,0.8655544640395191,0.5181305092034711,0.3315233934464152,0.7826000430941022,0.5245174855308882,0.11418670495038717,0.8227919918810948,0.522089990111037,0.2774850869605054,0.8371552822045234,0.5450247923105096,0.3587405631828133,0.8223303984943398,0.5679439008536151,0.376388424752462,0.7717636681490401,0.5249381302871182,0.24542358824316432,0.797646243675852,0.5219771647542406,0.3375400690015049,0.7934731117415443,0.5364984218265121,0.3937213472166568,0.7666384036867484,0.5457984293562921,0.4195689482364839,0.763120612398401,0.5231749182917091,0.3384765053738423,0.7858173661497422,0.5240751392516296,0.41379162828756055,0.7807534810180593,0.5392745620198209,0.41525835339072714,0.7568658242609839,0.5515595775227902,0.3926586007744051,0.7587430217888913,0.5212138990396878,0.36386191621156583,0.7750711641167236,0.5246331520600407,0.4081849357525641,0.7723659587418055,0.5372130266641368,0.398481408887061,0.7583789334302841,0.5480939978322553,0.3757905503817807,4
0.7910649599916576,0.5313697290844132,0.6390959358943589,0.8115715852501149,0.512516139930462,-0.09190272368679309,0.8286445219718165,0.509388314298779,0.02358319224106802,0.8576871432296631,0.5054383831091185,0.1408362230658219,0.8671194263621026,0.5035807531106219,0.20913441611072442,0.8075800843636217,0.495010997588858,-0.20977315896997784,0.8447097251254604,0.49857509337485983,-0.10205097362970006,0.851855496913135,0.5286015314399164,-0.004084671903990549,0.8295785756574106,0.556472961859563,0.03956900382346344,0.793396979735198,0.4997227161841514,-0.09047639652588957,0.8129349835210317,0.4999114396754201,-0.04298405360904447,0.7988251954898371,0.5192759235917399,0.0469546457287688,0.7614345157718777,0.5326088953651524,0.10193862179214035,0.7792433239673687,0.5047113241172059,0.049454041053385515,0.7952537427978851,0.5081206830494662,0.09897098579130563,0.7822083087402427,0.525085345484143,0.12066904956113089,0.7512565912312466,0.5380308436492747,0.12323300143409371,0.7648854725577307,0.5104366670610944,0.13177238997688162,0.7718078333428064,0.5145384318977206,0.15566609246497348,0.7620851380264404,0.5303633724778437,0.12843452526645088,0.7400051780748772,0.5427089648710928,0.0965444102450532,4
0.7865703710767049,0.5354924979393132,0.8440651250274751,0.8091936005439349,0.5121707354628139,-0.37224946996584174,0.818992953254445,0.5066568459604426,-0.2680471457073693,0.8505860476783278,0.5043910210640042,-0.14587573387137653,0.8595633565549248,0.5048880597898623,-0.07314870034513474,0.7960636575565608,0.501214333105285,-0.39872519541329204,0.8321257941913531,0.5046268972544632,-0.3261847612100498,0.8339410071264506,0.5331172332514474,-0.25217819308690187,0.806042311239231,0.5586214530974205,-0.20160309486304204,0.7847960208965081,0.5025788655760788,-0.2090943672547023,0.8056983912564898,0.5029319333898399,-0.19050472954412695,0.7943676991260858,0.5232808939855165,-0.12374765528493945,0.7576280887996635,0.5368949367172069,-0.06255003983656837,0.7717025584442959,0.5061554943753742,0.006092663757230619,0.7891924083392928,0.508172139907773,0.02621227615503576,0.7789500637683111,0.5272135509091357,0.04055427427021261,0.7473693863058688,0.5426429006075651,0.05242277059440444,0.7573378909217072,0.5110367082009963,0.1328140577661079,0.7617420109314216,0.5165791116171514,0.11771425467395921,0.750868799651742,0.5322255841310909,0.08976533722996902,0.7272549411658606,0.5457586411624415,0.07287815897251672,4
0.767101597908924,0.5451645734231821,0.8117833896098623,0.7881801453470385,0.5210864676258183,-0.15559288774796107,0.7951560846546722,0.5138137071840411,-0.023806542500825218,0.83104842198462,0.5096506242003235,0.12188525922349544,0.839830800593686,0.5069984828226056,0.19485335190702552,0.7743679437349437,0.5145134013454088,-0.20904589396159676,0.8054158934062962,0.5136479905509698,-0.03804973590704853,0.8135513592023498,0.5403560855077202,0.08436643843660649,0.7923118306620492,0.565604938014122,0.1438042761041012,0.7678583945394889,0.5154275713455286,-0.020229577213581748,0.7809592805489424,0.5139809168928061,0.08305957240408879,0.7735325948841744,0.5292912857714842,0.1930122407974922,0.7440845469522541,0.539660077797489,0.26926317145869,0.7578921093088706,0.5157370514470261,0.17662122594955015,0.7717926749459936,0.5192255876405513,0.24234881470669228,0.7614485574111642,0.5335829910104122,0.28273900209019565,0.7337531363189141,0.5456703394217269,0.30170039660387665,0.748711760096165,0.5156790714013945,0.287477016497616,0.7545324920843226,0.5227993379752314,0.3041812019825457,0.7434290892949328,0.5348713551115484,0.3013791993504304,0.7226669792328977,0.545246720873611,0.2972969543323788,4
0.7725343097438201,0.5392923307935017,0.813953900621143,0.7919727214834885,0.5183873548192975,-0.1780768098184153,0.8044031202321825,0.5154064884686856,-0.06110239409423628,0.833670412922132,0.5138211709425988,0.05990816337301777,0.8455045984763219,0.5147842790091605,0.13007700725359925,0.776770893892561,0.5077463746352899,-0.18197752659113112,0.8131824093111492,0.5120361547117759,-0.07605581075098783,0.816758357461035,0.5404839522381728,0.012905453406128623,0.7903305250229435,0.5663526101220367,0.06005182626493361,0.7685691904507691,0.5081199212300276,-0.011877461746011841,0.7885402583549007,0.5113650718605255,-0.011463499149071755,0.7769449584135583,0.5305435730683656,0.05347830261260259,0.7418470054716162,0.5428777581749462,0.11741502888696308,0.7590369402879317,0.5103356206724067,0.15999738734282593,0.7752799951031212,0.5168009404771574,0.17707234430357344,0.763295548351858,0.5345616012777391,0.19668149692003092,0.7329394711441366,0.5477814904873597,0.21389588442190643,0.7481687143503933,0.5143654600764872,0.24779529517320772,0.7522231066347257,0.5231912797563042,0.2545936037166899,0.7405163957909399,0.5376193755512041,0.24111066471712056,0.717407464377883,0.5481800636083213,0.23097851956632853,4
0.774918511028751,0.5769602545505172,0.9123539166564784,0.7941147914489196,0.5456759604164522,-0.30705917126301296,0.7891226208735715,0.5347161478414895,-0.18626646454716292,0.8018802017534874,0.5281542982930005,-0.019382164747990326,0.7898642518444919,0.5278874230894421,0.07884436716759002,0.7587727085422591,0.5442800124170535,-0.3422336429939469,0.7770658769219023,0.5388044010568478,-0.10170509769064957,0.7791559130483413,0.5600091294639394,0.07401834757941633,0.7552714896462249,0.5784518211155149,0.17177822992947442,0.749130645916301,0.5449497775207589,-0.06862585932363538,0.7558937678791648,0.543039141156428,0.051067168542230715,0.7452898824828875,0.5564165920327067,0.1889283236647229,0.7132752448355676,0.5630050975154022,0.29951351118760056,0.7420873630492677,0.5446352214683571,0.22383022590363397,0.7501146482508457,0.5448595934587155,0.28144615674643586,0.7405038402103168,0.5581610572514247,0.3376290695415976,0.7135328671789348,0.5694401135216102,0.3808742832693193,0.7392672895009531,0.5425046086496653,0.3974680280449548,0.7445180420392018,0.5482903490763738,0.4208340135508307,0.7353607637299172,0.558722498391533,0.43722583761679207,0.7147397899096074,0.5671905985913044,0.4557356520035947,4
0.7867088336635621,0.5672558143352995,0.7155436569906451,0.800061995749928,0.5407603094663446,-0.18677163090283425,0.7951590446532566,0.5335522500043212,-0.13547953099388826,0.7994972349601005,0.531007025646771,-0.04268681329682646,0.7948084534994958,0.5310911819201207,0.014353374698615745,0.7612191068761582,0.5270916662074622,-0.41829080534400054,0.7918298313876918,0.5323313700795497,-0.3216503841000512,0.7885430100583662,0.5563998553257444,-0.2222688819046042,0.7571011371172198,0.5759643188553425,-0.1524791288148526,0.756634221229146,0.5334753936117671,-0.27344116848052236,0.7669230969940842,0.5373620626103524,-0.20073994357587685,0.7496827215060085,0.5511749940503337,-0.0977547823292685,0.7144150677134732,0.5572553289505335,-0.02060582733127768,0.7521235327894633,0.5400862523044622,-0.0629227899747834,0.7608464110025253,0.5458192638661272,0.035973283576385504,0.744127570630792,0.5567582729292226,0.0958878841287442,0.7119836854619855,0.5626240469748292,0.11954035334497204,0.7453637322274423,0.5460572650307765,0.07801745079465842,0.7418933092951527,0.5507261986491977,0.1381727672941023,0.7256674184840016,0.5596019496986132,0.15562565912415252,0.7029998314868392,0.5647818096538378,0.15705785781610218,4
0.7982027841321226,0.5653445169037749,0.671131886051382,0.8131243168707855,0.5342657138827872,0.12558990740625237,0.814045808953801,0.5257014919783676,0.23128834461414183,0.8295165889914006,0.5247937337692663,0.3565708226326542,0.834140813445644,0.5259260673167933,0.4153577870401317,0.772342726701734,0.5259763063176655,-0.1278064034750319,0.8041234162033255,0.5323755128837485,0.05170301058109697,0.8177937449053301,0.5572697841780986,0.20011665600812722,0.8016290585472042,0.578060927903203,0.27930305672743616,0.7700646525181508,0.5317134495227522,-0.0070056599776627815,0.7865791490446415,0.5373043270664519,0.10560789468286363,0.7849200071145845,0.5512794736665443,0.23924151519925835,0.7594706520798662,0.5573774273476303,0.32761819622371685,0.7687894350952625,0.5355598483008511,0.14882585313503766,0.7852048646997517,0.5428201008797443,0.24990074210268598,0.7796845917013939,0.5537587021977068,0.3141783236622883,0.7567233179309382,0.5594229376260242,0.3410901311011105,0.7687380804318995,0.5371460950586914,0.24824487108848148,0.7718299629775048,0.5443507558136446,0.3188949179993392,0.7631843918460264,0.5532717545524367,0.3475868530174406,0.7452309888936535,0.5591080483858124,0.35479259624376996,4
0.796960510248914,0.5571373900839272,0.7081210067161673,0.8012792440510544,0.5265504688264793,0.15467224147175943,0.7874156883565963,0.5247356788685152,0.23436339178874335,0.8048077279013158,0.5280422794755427,0.3371904550537583,0.8072126686536016,0.5314953784554576,0.3723720182500563,0.7462543135882951,0.530346484190622,-0.16257305076119388,0.7819318448137775,0.5379921235807138,0.0163408956337647,0.793950726408992,0.5641547670707028,0.1724029940516886,0.7775121599996858,0.5836769972917404,0.25680935000623456,0.7506597599841013,0.5362557692864677,-0.10365553828494906,0.7614533913845901,0.5427029753272266,0.0629100813227928,0.7586951827619237,0.5589363369688685,0.21501158741483398,0.7379232880185621,0.5661253898856518,0.3144604752445472,0.7585553163634526,0.5404133078374656,0.01358676709465295,0.7681914010307282,0.5508581767157728,0.16732688562968528,0.7624445274899206,0.5637747239025148,0.26490280107388126,0.7416902792046252,0.5700376706646525,0.30953877143183844,0.7710580925346684,0.5427904380889783,0.10054249829561518,0.7787676034554522,0.5538528556988871,0.1902575078468872,0.7714378462354483,0.562546787102474,0.24384377338484478,0.7562850701789686,0.5682762907205706,0.2750158111011041,4
0.7501811586430789,0.5481919206016594,0.6403592053852752,0.7507002000515581,0.523633866891047,0.3116004977736941,0.7365510726831211,0.5173090022360425,0.31443197500689407,0.7443211093773333,0.5208655701754357,0.3760568174109727,0.7278992988607035,0.5228130680214641,0.39524255621483695,0.6929212338538405,0.5104626393742583,-0.26197235440192984,0.7218486483775594,0.5243470091957816,-0.05623209989447489,0.7262742270129071,0.5539423486177986,0.14405316006366806,0.7046956571265043,0.5783753008078925,0.25662803929011974,0.7019390504024817,0.5200500416476824,-0.23603290333530197,0.7093504665872641,0.5351053776498637,-0.01943884931380204,0.7004360237492234,0.5554060514824681,0.17951076523647677,0.6745954507097018,0.5662956977689032,0.2995797728790898,0.7108870170678473,0.5292179239321776,-0.0961511889881483,0.7127637903353541,0.5434342384836301,0.1519906597692022,0.7059872521684157,0.5599938331617512,0.2912432502864555,0.6859050270636081,0.5693949391050845,0.34708623160777446,0.7202063838243682,0.5363390640941313,0.02622388831602715,0.7268048501513282,0.5514153920899029,0.2280425619489382,0.7205134320125293,0.5659832695743886,0.32017479696647,0.7074967925219583,0.5749273065039822,0.36103244939841284,4
0.8012458495241779,0.5433734878509533,0.6679274189986187,0.8093084183645275,0.5181939944235328,-0.07905367800384999,0.8030286942228492,0.5119691181930054,0.011402777869112809,0.8131974753601084,0.5150833978658641,0.11881027968670786,0.8067744792032783,0.5190201637185864,0.18788307194884052,0.7704602679620212,0.5157498059268223,-0.10502685600195216,0.8060461095631166,0.5220974719422571,-0.023463367925476993,0.8120398598609793,0.5473133409001449,0.069070097762069,0.7899600457837013,0.5671623513339668,0.12917970686704142,0.7661355762741573,0.5245327272223891,0.04200718619595782,0.7762385910125551,0.533398555012233,0.058711364079216365,0.7691223852322273,0.5464085703412194,0.15078434997984166,0.7399693552954357,0.5506452996553275,0.22767755859392377,0.762751211524286,0.5324934937422748,0.18530518710445315,0.7705492383498433,0.5422396675180486,0.20505024771266805,0.76298964325624,0.5530026758112917,0.2614188334286052,0.7371971925276334,0.558287302988365,0.30432394518346134,0.7605290389083181,0.538252143179925,0.259966707753176,0.7616945902856394,0.5485324545005087,0.2873505820218445,0.751648809098574,0.5597672441611493,0.3073182633429418,0.7283444241372694,0.5665876117626619,0.32102490734106814,4
0.8873275730455528,0.5581698605795944,0.5721160611283661,0.9171815548397418,0.5424360995629721,0.5094280644485095,0.9456187326943655,0.5351543352685821,0.5700877061611966,0.9845757082270208,0.5313403024758825,0.6315896568406375,0.9981369927244429,0.5242003169658527,0.6452593278755634,0.8944693433471069,0.5341171766157065,0.2907591228413406,0.957015409539559,0.535508155615625,0.4037082542143055,0.9822207557879074,0.5570179181419351,0.4927764815043571,0.978187331316635,0.5725282490666252,0.5332428072438905,0.8837066371511925,0.5351779770630989,0.3062146836891177,0.929303127719336,0.5376474911433985,0.3600012472600214,0.944177792331545,0.5503484550724387,0.44779671465639176,0.9338495176410307,0.5571971868566784,0.4993709251419412,0.8782521101510472,0.5379489694686852,0.314884648150038,0.9131590150781268,0.5450296583754173,0.39104266940333277,0.9240477868401356,0.5549490200881284,0.44963831700393997,0.9163736191790625,0.5600403213185421,0.4723239338741709,0.8766209059012597,0.5398524440126689,0.3106533513370407,0.8961487183044212,0.5461019850482206,0.3906739069696696,0.9001237718620037,0.5552396592995158,0.4326319489318779,0.8930568918356225,0.5612417953171984,0.45450156678792264,4
0.851242511575192,0.5531184728944541,0.7421150568817796,0.8826258759124798,0.5392977116009448,0.049472610530075435,0.9053035519755147,0.5312178515057407,0.019603642393948736,0.9290379287218381,0.5280239339620137,0.0530578580246959,0.9285123586348778,0.5277103892283377,0.060707318380038046,0.8682816201164529,0.5164238855074516,-0.4434889363682976,0.914663718532525,0.5268860933175263,-0.3556583649949018,0.9279855813463764,0.5528009748915366,-0.21463495123136123,0.9110374275676537,0.5727104289940598,-0.11089689528513783,0.8560430512461249,0.5186743520305956,-0.4051580821854746,0.8848441232551201,0.534122623716467,-0.333162247241131,0.887368115790885,0.5574112281917183,-0.1877619353848912,0.8636115667900391,0.5713719870799443,-0.06850602268537469,0.8484841667152457,0.5240284942313365,-0.2489582886092084,0.871903565155856,0.5402449424058045,-0.1211147526628008,0.8696509246190579,0.5604589828856114,-0.016200369555608718,0.8451379226740499,0.5738102363825066,0.04977010241281849,0.8427914186302934,0.5287951163849189,-0.10928599481839273,0.858389238756186,0.544469656477497,-0.0019218012993235947,0.8536144744024818,0.561640051613276,0.060454938655243734,0.8351550427797274,0.5730838670680102,0.10160564410642464,4
0.7875932828841059,0.5475072820538952,0.7066030162762555,0.7950979190377438,0.5204323475861289,-0.06523332421277094,0.7831513170627423,0.5162960689713589,-0.054582802495557095,0.7944475901066045,0.5206276344242101,-0.010191252048930396,0.7911345695366857,0.5267991001728187,-0.008335321187837178,0.7537273999087377,0.5180204185393188,-0.36761668522409846,0.7850984625139182,0.5241569706827899,-0.32089638370713913,0.7888091337388277,0.5524487975261898,-0.2414519154724041,0.7633017896476961,0.5759053295160307,-0.18444606504356922,0.7503921855417487,0.5242512429082149,-0.33249735787668594,0.7608698242399967,0.533384558516742,-0.267245422407279,0.7547732807869757,0.5561043765987823,-0.1873088125661926,0.7240729864520329,0.5711445061377348,-0.12998374423765793,0.7529768955682732,0.5303729258400415,-0.21458375035054042,0.7590625319505011,0.5423968682201754,-0.11340895883178587,0.753248700182403,0.5627756258006944,-0.0676981608818399,0.7269597216562802,0.5750650812859979,-0.049135359619409145,0.7597521817997837,0.5353267634419603,-0.11252744069461389,0.7632736977901892,0.5482174484431065,-0.029556891966762144,0.7544027032109651,0.5631287613559844,0.004647012450354093,0.7345046793607575,0.5709335386568322,0.020068601715777103,4
0.7775135177127735,0.5556350974991189,0.902933655558415,0.7881918065319424,0.5314628144706763,-0.32702317239540074,0.7839495300143221,0.5248416241847917,-0.28006134675829564,0.8020246554753717,0.5284733990434759,-0.19853511542531588,0.7827657986061247,0.5325066613013769,-0.15903764298859283,0.7522652357722391,0.5323463173688243,-0.3131398985791064,0.7834428098985426,0.5368962847013355,-0.21507749388110134,0.7928134634932702,0.5656456593078036,-0.13463932663927483,0.7697364290661151,0.5914839639090471,-0.08657625924013797,0.7534454889943611,0.5358438009899211,-0.1595727420919758,0.7655464540073778,0.5396899797353921,-0.07744346756233286,0.7583487352203375,0.5591805305449312,-0.010159089433491586,0.7258904876636801,0.5695344546553844,0.0422451463404632,0.7550109383561215,0.537538060685738,0.015187405895590995,0.7642842953381078,0.5443602046488517,0.09484180086634801,0.7573490734262831,0.5624870255641938,0.12474958063638814,0.7293869262454471,0.5740057412184705,0.13146984365628747,0.7567850401833035,0.5400230242698316,0.11709557118153602,0.7630484497227233,0.548966899233818,0.14642273792337487,0.7571384958383032,0.5652444774974473,0.14128775949194303,0.736752738577864,0.5791329488151465,0.1338944352993713,4
0.8169730213280054,0.5476915120631118,0.7761247175873769,0.830520113704791,0.5390835277779438,-0.03192074128345749,0.8494385120268771,0.532799227912146,0.0756092712865495,0.8716596633068918,0.5308388584394212,0.16591193253666556,0.868785841414564,0.5315658226296976,0.21615192172221673,0.8236470426130783,0.5276955234726387,0.1711110596342404,0.8664254784613228,0.5278195764594263,0.19513350580230018,0.8758586054360007,0.5539860988601654,0.20741177627195773,0.8558002729237821,0.5762028821673418,0.21226364480496013,0.8133961173498098,0.527800844910863,0.29899906595835846,0.8457694023992637,0.5321316222328867,0.21499440616615703,0.8429417675333288,0.5516849133013493,0.22268999968488262,0.8101762291814184,0.562780523677885,0.24773184728047085,0.8058659046860225,0.5290947905884064,0.3574905552706442,0.8356821900783767,0.5361837098639793,0.2895957184465547,0.8324683380984857,0.5542977093002337,0.26157520667811657,0.8021754820501197,0.565793534232066,0.25853491024992176,0.7989487711914598,0.5312293969959596,0.3530901676031043,0.8147669867010685,0.5388008924743916,0.31645305077864094,0.8094336861566042,0.5535268484104839,0.2884052017920783,0.7840243346041428,0.5633534336088608,0.27421911646604413,4
0.7981444431545142,0.5412712029388316,0.7401594330278085,0.8249631105909527,0.5285343134339663,0.025098547883518365,0.8481982726200344,0.5268614881466644,0.07904243261649048,0.8712720284992455,0.5265846450369602,0.16489874371065324,0.8764228575487721,0.5280494183066068,0.2071863745639985,0.8059671816563501,0.5197896383547117,-0.1655909745651732,0.8517013373428824,0.5254134195390268,-0.0664536721980071,0.8579815392918811,0.5481494297860293,0.02946691803249046,0.8353957496770923,0.5674925968721272,0.0947280265652214,0.7989766455606979,0.5188431331985699,-0.05787509491472347,0.8243752374203565,0.5274737884834518,-0.014398830246796432,0.8164255026303643,0.543110733649668,0.09686195532316551,0.7891591784907493,0.5506976275397976,0.1972692079416123,0.7955935989440192,0.5179545659638124,0.0790860735708491,0.8212888249512412,0.5291675672339138,0.16355778653828051,0.8135297891991333,0.5418590644006818,0.2596422714622679,0.7892726831090716,0.5497940107435783,0.32121722347852394,0.7930114710376898,0.516702839633879,0.16134241792358023,0.8083659898645573,0.5256435386967638,0.2444295179177073,0.8022663208703661,0.536624165141354,0.30232086900840155,0.7870105122148721,0.5445737233525121,0.3396216439954889,4
0.7815514912429777,0.5457012589133515,0.5938920107950341,0.7936241246687308,0.5261462299136241,0.1695953105139337,0.7987939229148387,0.5222701242701817,0.2889927743831203,0.823077486395751,0.5199054883007477,0.38968823392831536,0.8255464720837589,0.5165055441505063,0.42553075227663045,0.7638924997636919,0.5223236529598011,0.1436499770194691,0.8038651149741819,0.5235973297075228,0.255921011376738,0.8120720857754101,0.5479011894605582,0.3214371226174359,0.79200418123531,0.5687010491606167,0.3420786319550292,0.7585753671069494,0.523876751143293,0.22488643019769597,0.7799351157142862,0.5256412473238221,0.28644140302104737,0.775886315090104,0.543632642364839,0.3287014857624904,0.747609276273904,0.5544695958786788,0.35576565124498777,0.755405277685873,0.5253617887636656,0.28233864945199566,0.774613030459903,0.5291554748722117,0.36961548224801316,0.7707973372664909,0.5468027029829818,0.36296629110175055,0.7465327362391485,0.5588090674992365,0.3409130131450633,0.755099335680804,0.5268126584382289,0.29116152049362515,0.7705061366160829,0.5330476605788642,0.3635592369268526,0.7688921192011675,0.5455895354691095,0.3632439451977312,0.7545240342855081,0.5549626784377031,0.35035332800110264,4
0.7760775517839049,0.5402611387956366,0.6504697753273609,0.7903410526111605,0.523718482722356,0.03858013580420055,0.8011875751033833,0.5188480605416121,0.08839016905651305,0.8262461151585231,0.5178677464873899,0.16635843082577206,0.8310378709094868,0.519469212349882,0.19776222568077279,0.7693279552862731,0.5112738847228145,-0.1502178970814171,0.8097885642139422,0.5165494446981437,-0.005292522964679133,0.8187012682375285,0.5421360677441032,0.10969639400819159,0.7978571032517607,0.5639023019432788,0.16568385812925096,0.7663251765691986,0.513843435618237,-0.05347074494508006,0.7849813080339444,0.5196792401195385,0.05570046650928586,0.7782052940383816,0.5335898756955967,0.170530160583963,0.7528502560502369,0.5402414987360444,0.2385555343979445,0.7630824253882077,0.515641219161376,0.07489699378872373,0.782263852265461,0.5267920613702024,0.18436424371006355,0.7725064930623569,0.5373901871189185,0.24264874194936614,0.7480341093808566,0.5426682484746156,0.2580871666862567,0.7583493136232069,0.5172535701784331,0.15491266656171365,0.7650480202865427,0.5269810366620961,0.21583154473083016,0.7526567326981196,0.5363494690553773,0.22914649755168875,0.733185166342021,0.541762767730556,0.2232725937763783,4
0.7842056167843102,0.5501188669142758,0.6477999423543561,0.8007284773178992,0.5283581406289362,0.2337346427963041,0.8016473615501524,0.5203177891926212,0.2772034146246853,0.8322913475340707,0.5188303300230137,0.3508592021572348,0.8357834842421765,0.5202272127715681,0.35931119432248165,0.7516445475396443,0.521484537275929,-0.14276947327439482,0.8018356053166247,0.5237058162602144,0.03917946378780719,0.8295769945851345,0.5516931994176985,0.20668154223443644,0.8238773118090708,0.5750666858968865,0.29440064440882735,0.7566054939117155,0.526450595567069,-0.11962356006667216,0.7808073193048187,0.5287032306498751,0.03672343187917943,0.7858068742196478,0.5444295747067585,0.20136666841636483,0.7670815010588101,0.5496304778588232,0.31729000618122644,0.7638929251963925,0.5288415593452206,-0.028050581783560766,0.7881307950189947,0.5365773548300221,0.12814827657261574,0.7890040260097573,0.5510887073716767,0.2408573090922672,0.7684079175990143,0.5578892661849778,0.3051200569968581,0.7760978587475102,0.5290244679911883,0.05067441984766909,0.7964246809124833,0.5395707877231402,0.16003758054212272,0.792091640680994,0.5518815857393163,0.22523288840987524,0.7753236376491794,0.5589793445188526,0.2692239014426639,4
0.7726432129020225,0.5252300328506191,0.6998421452382413,0.7707592321147784,0.4976164819470737,0.11992748058149486,0.7601304214060555,0.498248749542632,0.13913821876622057,0.7825618547311293,0.5051882170155403,0.19834033952800278,0.7777395713397304,0.5104106719815592,0.21523578401334903,0.7231416572014112,0.4985406935850349,-0.3089479556471728,0.7607210412491735,0.5144433092096711,-0.16710990210991997,0.7695868955536259,0.544438152320327,-0.01012830620404777,0.7511160558399868,0.5677112601660452,0.08402823036365835,0.7316143693081819,0.5067770577720282,-0.2651751034334802,0.7442952584830012,0.5237324752512513,-0.11235172283793605,0.7386195610136845,0.5452524434405237,0.033782395259581495,0.7126456856734525,0.5561050845270906,0.12814599303097085,0.7394275208902921,0.5143703270476098,-0.124459718251404,0.7435421976711944,0.5313364738115247,0.052309492393456294,0.7353550306067458,0.5497496629790094,0.1423426418504173,0.7117409650030688,0.5590906546955798,0.17722570883593447,0.7473533915015335,0.5203954004948144,-0.006377618814279507,0.7501073554887396,0.5385991379542792,0.1122381850588282,0.737450662458771,0.554661128680641,0.159614084798792,0.7168024769274023,0.5649460452632111,0.17964815350653754,4
0.7772155897871199,0.5124715712277903,0.6951583372893911,0.7868597404102233,0.4979926257596895,0.01220313175960164,0.778979692391198,0.4931849836043382,0.0205631465654142,0.7939778557016282,0.4993774145863703,0.07523948830723673,0.7984758617561435,0.5054283956282244,0.09929214252622616,0.7539464141850962,0.4871053857095125,-0.34896344801265267,0.787531931988482,0.502545202414644,-0.27125189628266194,0.7975828988290393,0.5352909676691265,-0.16887014186379462,0.7754225270976438,0.5632920347221156,-0.10133412220219817,0.7536761283143031,0.4942752150836016,-0.3089678186622624,0.7713524525476544,0.5098194588584591,-0.22300566342037675,0.7651377559865186,0.5332553941139562,-0.11817875116742954,0.7320758061831854,0.5458786169940675,-0.051239662882885464,0.7527485528338519,0.5013357432880727,-0.17901172522367154,0.7664485788474449,0.5156822683775791,-0.0616761587424154,0.755343794383787,0.5343868223439786,0.0031719560805766383,0.723969846912352,0.5444922910263293,0.02563840156093163,0.7501659159265092,0.507807150895217,-0.07140743006037002,0.753584079168677,0.5217534425429688,0.006401664818886376,0.7423240759119208,0.5382286339868323,0.030787277975578498,0.7174622334367705,0.5498095229955426,0.033737275108470036,4
0.8330759090276311,0.5379685777156947,0.7417645195149459,0.8709575148947547,0.5278421823763059,0.3959890312046303,0.9022932334152305,0.5204117293739089,0.47305639875100436,0.934130182227113,0.5140090734751087,0.5381596858510712,0.9531038527866487,0.5085247732644633,0.5371755937451952,0.8595370096166659,0.5188360357051794,0.19421690366134325,0.9178643232365005,0.5203576967891982,0.27282316142304847,0.9410100485045828,0.5429262309612048,0.3214143926373224,0.9322381561969257,0.559764519612214,0.3454075495877197,0.8473148714302429,0.5166156047531658,0.21317244444522573,0.8885415471358105,0.5207349757794238,0.22981730630113623,0.8991888287070117,0.5393771166385094,0.24870037286979,0.8772944537386174,0.5483375430467098,0.26528720385790816,0.8405007436046258,0.516109515882823,0.23237163344881456,0.8782522976956338,0.5221704636414211,0.29537829762846163,0.8869114417875057,0.5397761345605577,0.2600422127720861,0.8676989732094909,0.5497591260552612,0.2253694465322484,0.837780313165145,0.5158169690546639,0.23751722165507666,0.8581434417422145,0.5207231494602613,0.30179086830080765,0.8621205267878715,0.5350528081673773,0.2834185237950454,0.8455198765239657,0.5454528049796022,0.2607197662450822,4
0.8520460613067854,0.5361188088393718,0.6983201714191611,0.8837318944499072,0.5203454180406825,-0.12763652683501117,0.9045161923520776,0.51398147894551,-0.09978295375493514,0.9377259367430826,0.5129453116527488,-0.03352421472538492,0.9444825293157536,0.513448741893053,0.010534624445056021,0.8719011192099563,0.5057003641368093,-0.2282488539131144,0.9320738040111584,0.5107380569950797,-0.1452515954946452,0.9521394239851285,0.5369467088857508,-0.05334956394428003,0.9396791558880233,0.5586283233417585,0.0044525375946844374,0.859828490902966,0.5100859346080355,-0.10828705718506415,0.8955182766811113,0.5147872150080506,-0.058156522186256915,0.9011980314412247,0.5349578980240183,0.039812733992997715,0.8791771163285089,0.5491665524016006,0.11262484968482511,0.8507956498220496,0.5168366154919702,0.037125997573244994,0.8784089841130733,0.5242246214250095,0.1091535958460336,0.878577306449912,0.5377450566472365,0.18002637985264844,0.8577906459907596,0.5475789585199363,0.21517712290672414,0.8434249720003604,0.5241260910602921,0.12266956900092617,0.8571768509123524,0.5290480789721544,0.17795086744616984,0.8523185726316375,0.5386911406079657,0.2135467692957208,0.8390773499969805,0.5455138669369336,0.23330781059889208,4
0.7844078655066861,0.5478028325126963,0.726362084176874,0.8008675145225231,0.5244168938612463,-0.1560791232495337,0.796565043980823,0.5159548230093011,-0.14541102876446724,0.8148269964817965,0.5134553725213222,-0.09744731527195241,0.81721007968401,0.5186544872186016,-0.08974908365766124,0.7597968441260408,0.515952002477153,-0.36111580853146913,0.8032416962181285,0.5187201733294817,-0.304521210058467,0.8152728467603344,0.548155472637184,-0.23047788107467354,0.7943451333873645,0.5731612591655939,-0.17924412417947835,0.7547891066696103,0.5191445867595222,-0.29592242861937185,0.7794738369081592,0.5238024577287054,-0.22248118211759674,0.7776918954530784,0.5443444250429607,-0.1540160387922078,0.7483821904681567,0.5576380977350832,-0.10513321492695496,0.7565103630012633,0.5217934290343293,-0.16504937461689573,0.7742100028300188,0.530022265650382,-0.06133739454234838,0.7703589325800384,0.5475175007641826,-0.021376827686490393,0.7439621059242582,0.5586113039424464,-0.009110788994317453,0.7629855666777323,0.5229922340567983,-0.0645371224504265,0.7793232153552011,0.5318325603557336,0.013596150470454397,0.774348894149891,0.5465860703538187,0.035594004657976276,0.7562926535871223,0.5561512810209202,0.04238694208105089,4
0.7521437491298262,0.5427457543253409,0.8880399085060576,0.7609602487385768,0.5212725563485799,-0.2238235029331359,0.7524462650810821,0.5159671282726647,-0.15583119369892343,0.7711219513462179,0.5144538131970255,-0.050784653795427286,0.7622842192987666,0.516650126201005,0.010634337848442777,0.7306342508663068,0.5060872699682527,-0.45777897653953215,0.7618047411428739,0.51495257252139,-0.3610855810970756,0.7609524295774058,0.5475920371954396,-0.23825166797849123,0.7286348989628071,0.576478402655779,-0.15010688512643336,0.7296174103565135,0.5130200461277954,-0.31465717779576813,0.7385557991857135,0.5207684673936337,-0.20543123954542525,0.7272437292024917,0.5472517477591663,-0.06672612912274824,0.6909860435450197,0.5647847301048318,0.03894152349775473,0.727096233904804,0.520581874934643,-0.10592756625260687,0.7303662943865161,0.5311810740994402,0.014772731821273678,0.7202998757555443,0.5530580688452904,0.104630269630518,0.6889197254908346,0.568299208535356,0.16198545145257648,0.7240356105622608,0.5287948296954111,0.03371946878862921,0.7278986863807062,0.5417255259979418,0.0978569508898631,0.7172535191134276,0.5609237756089543,0.11866112737890842,0.693008269943942,0.5760458983947419,0.13828242849041975,4
0.7911357470444892,0.5487254051843329,0.7792769700753633,0.8028310786575016,0.5327578333264135,-0.08867416356480805,0.8198789794973605,0.5266018771025308,0.025000236354443706,0.8507575215208523,0.5231012211650464,0.15498945181981566,0.8571500767250648,0.5228122765138883,0.21954097847860565,0.7961212928924447,0.5226160182420359,-0.20767094847022033,0.8442776046481336,0.5266042776748998,-0.08154710620667764,0.8506402680754032,0.549489250744241,0.007329789284825153,0.8266234079245071,0.5672016775601756,0.06346463841524627,0.7901081122796554,0.5220261764247424,-0.025310418285236804,0.8166827614234435,0.5282101041212414,0.04029071332866624,0.8129426915507414,0.5429551152985902,0.11192634096758493,0.783535250306888,0.546577291155232,0.16602733784120513,0.7854810551834369,0.522269247475871,0.17640215341772061,0.8127339141381051,0.5309940284194963,0.2382164704085611,0.8090274708877551,0.5452858444218128,0.22942803273641457,0.7810698348725011,0.5518394079362677,0.21605603973062104,0.7825653827336101,0.5220381313747181,0.29554607677848815,0.8013714446116713,0.5285724763167431,0.31290274802376566,0.7961233350791764,0.5416071044598771,0.2808655408003907,0.7724781743897459,0.5490507228964693,0.2539722118162024,4
0.8021637475718837,0.5483388066900888,0.767620526039186,0.819891392171963,0.5284949802936312,-0.47664721207506794,0.8309622008633628,0.524190345611647,-0.3483602136104712,0.8539718766416309,0.5212508259595462,-0.19427942860719577,0.8568435599667105,0.5215397961679804,-0.085922673389819,0.8168859743651695,0.5200136939915645,-0.4212539042527294,0.8527957188663595,0.5193800708430992,-0.2953734246358206,0.8516579832440426,0.542011585010299,-0.19516605473722445,0.8218396759932382,0.5633943776722493,-0.13614037102409693,0.8036608398628644,0.5227765277112145,-0.1587079014052803,0.8125330505262193,0.5214315513675145,-0.11982295348278728,0.7872766224253186,0.5339466234249548,-0.038479720153856846,0.7435341839267746,0.5404086572558792,0.02914951797715363,0.7887970904563467,0.5251559164988534,0.11357379130976528,0.7976610159385452,0.5276892116947739,0.13018701510713246,0.7759123550281041,0.5390330079217863,0.13883311163126488,0.7370942202117293,0.5469234275423523,0.14489418592474168,0.7735078322322605,0.5276463515270177,0.26776198971943554,0.7760061411827308,0.5328227715404456,0.25188027900564564,0.7587626927244281,0.5441095672604765,0.21862851958118473,0.7313289165461868,0.5519877504044672,0.1945684108939051,4
0.1370205954973767,0.6165714848140177,0.4725780905575796,0.07741836725288495,0.6202489502469711,0.3747576198066524,0.055780011602206164,0.6104040220205206,0.3124003445470415,0.04245788721611472,0.6039540687225525,0.3288691206198776,0.009034395624098045,0.6006090284602527,0.32611935327929525,0.11997900020256351,0.5998630243871947,-0.22638264591946894,0.11900562444561673,0.5963142449136385,-0.05545612943749457,0.05835264769926522,0.5953395047441082,0.12932640594957145,-0.0018504997411050038,0.5856767122039418,0.2705605989494223,0.1636859738537928,0.5885869585522344,-0.14885102688392826,0.15778779869265092,0.5901350990465251,0.09397933193436585,0.10436193054840188,0.5896968976985866,0.2894037956660436,0.05817482741429188,0.5830793821952149,0.4070337205152412,0.19364552265279483,0.5779012822068605,0.028685754895509438,0.19560476851386577,0.576236441948155,0.2941645359354618,0.1569436288509762,0.578878810775986,0.4469877320931877,0.12139608094678316,0.576606030827485,0.5002785049072246,0.20992364381740602,0.5660882609433198,0.1702447806804217,0.21376878687382653,0.5654271090086991,0.3485405197307662,0.1852319491240572,0.5663766386078273,0.47296564136265884,0.1601643090317077,0.5629960106000016,0.5492914396305142,4
0.17856481671248278,0.612829268294758,0.33195328640541816,0.13367282024370564,0.6225084573673945,0.4765397928582326,0.1255284315776413,0.6109529568178854,0.42660445971351985,0.1184166425128589,0.6032208041060416,0.4150989803098168,0.08153100539669411,0.5993573911471717,0.3923423415876693,0.17832192067153405,0.5938099700906081,0.08978058733226378,0.1791043577978736,0.5918523301683156,0.19246605014272322,0.12886502756526688,0.5928471912135077,0.30236720412714163,0.0790645493091977,0.5835983448393239,0.3736562639679794,0.21410569906630153,0.5838441256667602,0.08555376691887592,0.20543439256762733,0.5897162039314761,0.17528532764123791,0.15964781692704336,0.5855306812460666,0.2970608115519142,0.1250053394244733,0.5752074272046175,0.36660209891616674,0.23634483466283657,0.5746644353261394,0.12656780066807582,0.239581702306956,0.5801332698276915,0.25214813159519106,0.2012482906936554,0.5788130473566256,0.3486673980061882,0.16901526067833825,0.5731642422261901,0.3806773453297989,0.2505841940320583,0.5650120285309012,0.17115947224187644,0.25600635607210154,0.5718141191034053,0.2880060491502973,0.22793911192766042,0.5728443142444791,0.38160619504780147,0.2020811763005981,0.5673485174464704,0.4291802750015338,4
0.20543978251772743,0.6105879217347527,0.30542893345203126,0.15339726600160522,0.6157993474302452,0.5160035819468667,0.1506025795856725,0.6066362104042723,0.44406552166262353,0.15194237681493394,0.6038595615316458,0.43912225284114864,0.12475634403081409,0.6014440689526428,0.4148548904499008,0.20089191820363497,0.586986382994113,-0.18484473105941823,0.21293599247217684,0.5921151918385168,0.004185652553241417,0.1678251185665644,0.5957934437229142,0.20176177174511187,0.12040873248148302,0.5891296022460378,0.3230804299745944,0.24205573736517602,0.5787711163311323,-0.17862750269869226,0.23265613638183472,0.5896574686378981,0.05506925123992663,0.18633199790865965,0.5849468677465828,0.25447142249240645,0.15394200377869047,0.5747216984621994,0.3496374648748772,0.2653654037562831,0.5717120208978855,-0.050734307871921604,0.26815644505527947,0.5783801346651954,0.2095589378642986,0.22970457865812363,0.5757042081744794,0.3493224795727138,0.20124007918223843,0.5678143364646476,0.3760224061818364,0.27845224578277583,0.5644710454296136,0.07506570487933314,0.2804872644572025,0.5691708658839059,0.2606630617065327,0.2531906835766843,0.5677199210109015,0.3609301014994983,0.23297766632041184,0.5606498628084177,0.3964746183963478,4
0.1863902865090257,0.5973952036616279,0.20709351275456434,0.1422141896787286,0.6053968886686941,0.6303020309887339,0.12844008351844718,0.5999430475196179,0.5908964051314413,0.13043228231448914,0.5968654734798503,0.5959061451346634,0.10246372556670053,0.5923032117964455,0.5807928141478892,0.1724209489745068,0.5842684788236554,0.10445376312903336,0.1931642957556588,0.5879562912576105,0.24114492273781135,0.15068405072622088,0.5876735437681597,0.3793946944339903,0.10116114440295329,0.5762365226740994,0.4739752367997855,0.21186825142871507,0.5721251868725676,0.07707955076355359,0.22448799471544573,0.5811945876142939,0.2499973768108737,0.18544609583853114,0.5842605320944244,0.3873889428381026,0.14875515807043757,0.5802585216083216,0.45558292415263213,0.2383874500448099,0.5603096503988825,0.10985472044090876,0.25837066607519943,0.5683661154702047,0.28955024663083284,0.22656816216903988,0.5747556973183212,0.38930250572850467,0.1931061856214965,0.5752791578265334,0.4133822246077327,0.255607367180446,0.5492386584992393,0.1569707883540115,0.26933629960149985,0.5576130219417297,0.3113332936759278,0.24735953700527236,0.5607150383710097,0.4215023282858625,0.2249990783418579,0.5588953843275226,0.4762932365082601,4
0.16927382155841633,0.6043401059588702,0.24888195936408822,0.11924883153175761,0.6143456738908037,0.5418423836163777,0.10312617562508362,0.602211117647385,0.5271456384196791,0.09665193533715034,0.5939527062636211,0.5458723073396511,0.07358963107285255,0.5876230275011789,0.551506314824115,0.1611377236034066,0.585579477537826,0.17925157405449255,0.1627614642396496,0.5873552508162591,0.29799559117369673,0.10862403466579883,0.5853250500950608,0.4168677407627275,0.05749875780383018,0.5728006897903579,0.5064566579607827,0.2029110738538871,0.5752767716962813,0.21648217245953605,0.1904729538636372,0.5809149076418959,0.3761480124465188,0.1427992720007102,0.5732270441932408,0.5214897335539168,0.11344370595843532,0.5614575487839462,0.5989350301923764,0.2274527165749633,0.5654834794950829,0.27022493889880606,0.22475514531984098,0.5678111532533706,0.4538980323463974,0.18755725914675064,0.5642082565978356,0.5784498989219257,0.16202601473635111,0.5569764920021791,0.615537318709146,0.2399910308384988,0.556890688152906,0.30500271866893036,0.23717877900834441,0.558642239000331,0.45541241714217623,0.21061516793710333,0.5559871929105343,0.5658251066854598,0.19332318248402933,0.5492731252841614,0.6249884625546427,4
0.18911208758438391,0.5911018638680239,0.3156853811988033,0.1354327621499769,0.5951540761826207,0.04524287043286074,0.11617187605251009,0.5936178420223716,0.13008563689022662,0.11415993427661279,0.5921089821539495,0.2527919972004352,0.0860197490516081,0.588335384319332,0.3379855147175971,0.1891954918091216,0.5769120764931809,-0.1756094872791091,0.19003554928836244,0.5806570167192344,0.03899393880240739,0.13827499457908152,0.5778478677892116,0.21671027687105887,0.08450907754437838,0.5672289216325489,0.32360428993892876,0.23147259362378209,0.5673317469918338,0.03657937436369566,0.21282654279213017,0.5723727964563173,0.2800851453825651,0.16665590062341953,0.5705144890988244,0.4174082159393357,0.127704022966533,0.5656968342021912,0.45746723546047163,0.25134687438164116,0.5576762126190858,0.27207097502489264,0.24778637289287464,0.5588658930054015,0.4589755957546677,0.20971759339908028,0.5610326422514167,0.49579357469038304,0.17316265458050925,0.5604998455222,0.4543775766513633,0.2587087617729641,0.5480491837312251,0.4142768498346634,0.2583386615004932,0.548410325764334,0.5069184171467744,0.23223163226956195,0.5501316895542033,0.5264523974621047,0.20681069518576267,0.5486514513909915,0.5078922002712122,4
0.24083097529439867,0.5852666095027421,0.3257007806764293,0.19727471673823072,0.5973904461616705,0.3336355423466905,0.18400123027909146,0.5837139057849512,0.2706770737578291,0.17539688076606635,0.5771195857513942,0.2395450653209425,0.15603292551091802,0.5752264358501631,0.21390300813600885,0.23609558136146758,0.5814882762566094,0.18765265410592302,0.25044599201864604,0.5718035164420592,0.2975460439948752,0.20631325585329366,0.5704470671219685,0.3958998020802527,0.16029699723990387,0.556552561931889,0.45839507535292623,0.2696101594640077,0.5681882361926884,0.20760497701243272,0.2707282726980584,0.5666202368095581,0.32113086101595983,0.23393234606670904,0.5641436793393694,0.4111137503694399,0.20190679306300968,0.5551471935308203,0.4498463130372483,0.29017682913433923,0.5550143594522651,0.2280975834009652,0.302488366275401,0.5548128935609052,0.3476167297523878,0.2725695301816005,0.5555297616683263,0.42346154727046365,0.24401864067062565,0.5510107083620024,0.434414999034381,0.3026585099005471,0.5414192021729959,0.23627907414450636,0.3108807370272572,0.5443502178015909,0.3287907708538091,0.28846718676600486,0.5461225041527977,0.41078000893842037,0.26522905859701246,0.5424073398577246,0.45200461567767725,4
0.24236106466714222,0.5931141677138679,0.3290191508416344,0.19814212949223903,0.5977923713603882,0.40830779673517004,0.1846169099846363,0.5905052106481394,0.36946127692522895,0.18563958495953356,0.5866662018446657,0.3707891657204646,0.1760385404153387,0.5826732029584483,0.35089643549599014,0.2407197086942996,0.5776481812318169,0.04879578492354811,0.2566131766287637,0.5749344134133176,0.17545397349117384,0.22653969511398647,0.5781284977968756,0.28438705447741697,0.18886939611199416,0.5700904968516562,0.35360162808678014,0.27777200073626,0.5665917906557392,0.07447379564917513,0.28699082335617276,0.5693890435425603,0.2383413954883242,0.2576480795889404,0.5698766006691706,0.3624518791673192,0.22945201137102372,0.5644492017715398,0.4150775527882759,0.3018121773422225,0.5569922932549263,0.1415679991143175,0.3163370994702604,0.5580937828465152,0.3083552078265208,0.28832364260592924,0.5592767589544961,0.3962677311794611,0.2603921582950467,0.5560504164634029,0.40316933689210244,0.31536578035160373,0.548333579722999,0.1977329156510434,0.3208872836314142,0.549376864418686,0.30863919733920064,0.2995263713386517,0.5498609668928073,0.3825643885202988,0.2797142107714048,0.5469848810728051,0.4115754871669016,4
0.20405671240855713,0.5983263120865872,0.2834895575805556,0.15975799385959175,0.608661539316503,0.7045106899890561,0.1512271392869704,0.6013431463876917,0.6464487753343165,0.14471241607285285,0.5906544053009551,0.6133680469744173,0.12413467623922225,0.5845659614078675,0.5623009401767265,0.19052553802182498,0.5862521909255476,0.2306734448290778,0.19795257906734048,0.5799814073600551,0.3096214930232986,0.15474347639888394,0.5825192334465091,0.4144447917357477,0.10626335848725513,0.5766004087190156,0.49589328049490017,0.22788167894497036,0.5750415175561551,0.15322173820033785,0.22863410889683275,0.5773527995394623,0.3199986135728521,0.1869795363498974,0.5751084113338657,0.5043514084047115,0.15493646665897398,0.5655820035668264,0.6223219958914655,0.25373706948904756,0.5622680834457428,0.11622808424688715,0.2675062383176699,0.5657019366313953,0.30027937034709334,0.23728106532866328,0.5655784121465858,0.4862168244141298,0.2109838345746588,0.5587282554874518,0.5866369024028318,0.2693969579720336,0.5500789454467083,0.10904274698209167,0.28354510576606307,0.5543018267576445,0.24333510047508725,0.26040001139645447,0.5552486657285641,0.38597532230090237,0.24006393993955205,0.5506862358398064,0.48981722702975117,4
0.13546950337269414,0.6031710634100386,-0.015325030314782875,0.06769563008567073,0.5991217653975945,0.6393570588214293,0.03426772855734314,0.5941394651376367,0.6013455314778969,0.026535761511152174,0.593029037453665,0.586090648891355,-0.01301430457456455,0.588740372362245,0.5403419106078404,0.07220994712458469,0.5868082314389568,0.0854557087672196,0.0757090947319784,0.5869901374527159,0.20480948818169994,0.03040030534017752,0.5879662594781343,0.3322727715480079,-0.015467236692203536,0.5784212603734613,0.40915109687513723,0.12026914785034043,0.5823962184996814,-0.003933706986906956,0.12204363670208565,0.5861311015864502,0.24305816206354375,0.08176853265532023,0.5835257492197593,0.405369438110044,0.04738410317702205,0.5740053394141539,0.47138144408418153,0.1590060077737597,0.5759030119017213,-0.018204629403667464,0.16628597475652518,0.57905293308755,0.2093270464912271,0.13489178419651113,0.5728837162926059,0.34253104565889353,0.10948530994198923,0.5622533657903375,0.37341922623577756,0.19168937444271797,0.567486158983531,0.006655812761637164,0.20333624480172535,0.5687310410300607,0.13631098114200643,0.18197450460928086,0.5572263715896077,0.24969485342982184,0.16917592572097104,0.5424628746551247,0.31421595413053677,4
0.09561717050823226,0.595255574828719,0.09510123806602716,0.024160838782376338,0.5942662710150582,0.9096087493290959,-0.007987237900451846,0.5934599744972683,0.9233406003484635,-0.01671202004436094,0.591349033154124,0.9354131588871606,-0.05773013491040037,0.5828642201200578,0.903137064308041,0.029177631958780113,0.5805893213233828,0.47108945324346213,0.025465621434529347,0.579270633394141,0.6043607729819479,-0.012366601746470104,0.5837918578998714,0.7218423853584982,-0.05458637788377634,0.5774155987454207,0.7840544821605564,0.08117537272992838,0.5740556385782309,0.3792960205725523,0.08069399307917022,0.5788164330679391,0.5384156177490278,0.048315596641153334,0.5841993613589374,0.6621499446090557,0.016256011548309173,0.5819981815082255,0.7158765964758375,0.12257949668302488,0.5684097071941185,0.29728119602978503,0.13270983507934672,0.5741820268802751,0.46433366311600843,0.10635546292214286,0.5771985554113289,0.5463853049416117,0.07872233056565542,0.5745029107692335,0.5607809727194232,0.15555043429181717,0.562949010832509,0.2546437340879638,0.1701710354856965,0.5668980339633328,0.39447066877443754,0.15307301533773923,0.5667437830390363,0.481841424435639,0.1352384890315405,0.562537782721928,0.5263910068787565,4
0.08840855931493573,0.5921418031478486,0.1326640729899818,0.017544461870726544,0.5958283585883644,0.6805766741054814,-0.03158829327967139,0.5854147332844954,0.6682613775798181,-0.05100471007845493,0.575507960184098,0.650804913073032,-0.08046633924663936,0.5661354436712361,0.621489920538483,0.022383755904291338,0.5836810158733705,0.5090580512669506,0.016466833876355745,0.5804156029651977,0.5222769138370073,-0.029960911480099443,0.5774543573219617,0.5429511409985963,-0.07321216747305145,0.5608128241361442,0.5766306659380254,0.07299054960373168,0.5756033919792006,0.44726143268224194,0.06559138327856813,0.5732293319928758,0.576354443237678,0.03365189080716326,0.5744436077805977,0.6310838062574914,0.009491258003799996,0.5692069208599976,0.6300222896793086,0.11382765740810667,0.5668301459742469,0.34048112982109763,0.11992103941422455,0.5657629130084875,0.48247178981074035,0.09551272794868158,0.5691680830987474,0.5390801533745258,0.07012690037470069,0.5686073984436537,0.5235582207951001,0.14430938735434404,0.5586165589900823,0.2567456720920605,0.1482650681665732,0.5564089509656991,0.35907986609790243,0.12919880214229848,0.5555826982882721,0.4351046197500347,0.11243686591530348,0.5544431254042076,0.4699198813974729,4
0.09078498180285209,0.6038471662044801,0.13335631969414002,0.025013899308810577,0.6042056564185471,0.5815889379096228,-0.007877717952830886,0.5886366113871261,0.48870241123435887,-0.03458063367082958,0.5792776852519957,0.4456597564366868,-0.07288328733045142,0.574232038499193,0.39194515319462203,0.03507062337853114,0.5775495421038853,-0.04883870730401222,0.030694764738809572,0.5783423875340946,0.022762180849687376,-0.019165230145757304,0.5763932326590446,0.11860353783208265,-0.0654342699942219,0.563144679826323,0.20217076173632564,0.08220955615742616,0.573708501945882,-0.11779424411406744,0.06242717252074968,0.5769638969147514,0.07383730193958342,0.019353933213455004,0.5681966075897679,0.21861760867712365,-0.005155014860052861,0.5545047233937166,0.2859362511006261,0.11809291264867902,0.5679667614552127,-0.08891807227864565,0.11408258510022526,0.5659229438378205,0.16449107529298038,0.08213649408738374,0.5556413065450106,0.31589332076850535,0.0618017725129941,0.544189371466627,0.35219357388006745,0.1456360782804723,0.5602266072660926,-0.030950417701797257,0.1452246144278328,0.5566238867811255,0.17996360785388987,0.12406373995065437,0.544648628528521,0.3208744437077869,0.11404791884750279,0.5312837988979184,0.38625192322165564,4
0.08002923917096354,0.5882263819674142,0.19735458132301584,0.01628146584420771,0.5902873437599886,0.41553591641122706,-0.014671901370109555,0.5804458079126136,0.4271524599962146,-0.035864089401240695,0.5727541874184541,0.4528147446453062,-0.05567301891947321,0.5682548371231705,0.4621541465033145,0.0330232389084431,0.5756737592416966,0.22955169603137673,0.027828203729666542,0.5702999177611834,0.295535706848518,-0.02386709501578422,0.5707554942449493,0.3608091250787078,-0.07658439516825986,0.5579879691884975,0.42156309845053574,0.07777487912665591,0.5690269445573709,0.28522775937463024,0.06487833436383382,0.5658074403214082,0.4025259119573412,0.021912240825558173,0.5636665476025742,0.48137639153924583,-0.012394945224374924,0.5557942665836876,0.5102329047054156,0.11174763434267866,0.5617212265366408,0.32159820137866046,0.10906107868464006,0.5540963568089894,0.4722057995977501,0.07640610909853895,0.5495285967154678,0.5348216737057773,0.04846226062503154,0.5432299170534185,0.5273019619211836,0.13433770984761212,0.5536132536993179,0.32815780234225667,0.13562825640969248,0.5448242064208417,0.4649456883656507,0.11423381077206564,0.5381152589388115,0.5405351134690496,0.09651929220077579,0.5302818037618903,0.567882243425684,4
0.10475181184230815,0.5963378372187692,0.21476690059886872,0.04733968631451173,0.5953047981321399,0.5673960579506393,0.025289066184813965,0.5837136056565765,0.48984797359005394,0.002798585528706541,0.5768646942982706,0.4492227262910931,-0.0243208875341411,0.5744481200673652,0.3933742787299312,0.05638505728584009,0.5741561921598909,0.1040768174110269,0.057542555653710165,0.5713426356388985,0.16164784792346854,0.014128297643840737,0.576090606673174,0.2378180049312092,-0.03213880245810699,0.5683400059754254,0.3097488339086519,0.09851846465296651,0.5694982734916004,0.06318039634797376,0.09280773201901966,0.5694252844683849,0.22689178855365263,0.052890827266947806,0.565698150069554,0.3704770167584463,0.021805756009246165,0.5553475414958982,0.4445071020553424,0.1322298996875941,0.5641660641496203,0.07142159571408503,0.14020229467690434,0.5596477799673658,0.27657468454225714,0.11035712841714619,0.5541752881657317,0.3997938157864312,0.08686449868749678,0.5454680584232842,0.4317929866749628,0.15820381614407367,0.5577822925222777,0.09364892758827696,0.1655751845652974,0.5534988437675965,0.2565254830586183,0.14332865681576498,0.5472265863961449,0.36279651463528395,0.1264240409542723,0.5382174894320773,0.414885467209787,4
0.12343959378983767,0.5858054289312423,0.3185073361924886,0.06451661167801252,0.5886151894998626,0.5366538365330694,0.04336183087466197,0.5759837993656355,0.4867483973586718,0.03046095365185079,0.5706236061881461,0.4849826943013415,0.00605341222066635,0.5691811648226281,0.4635153976511432,0.08034184966905304,0.5650212799022516,0.14992290791103216,0.08725982074951104,0.561644686011342,0.2743169732091907,0.04695195081012413,0.5666202503421727,0.37783922841266826,0.001791462838814906,0.5631856643873715,0.4391412535080524,0.12436484253543083,0.5605933571851729,0.14131339448529062,0.11469194953075183,0.5615680018121824,0.26938642513433325,0.07609509227374553,0.5645224485335026,0.36512796941700737,0.039722127578224825,0.5615847346142556,0.40712371045637,0.15811212000454053,0.5571254555588238,0.17264315566058158,0.15988529270936092,0.5574418244517743,0.3277367380817709,0.12800891954510538,0.5593746452748513,0.38861429508098966,0.09647586110232624,0.557763530725648,0.38661335493849697,0.18168149388626795,0.5536906598664338,0.20470940877593466,0.17601325904607315,0.5533764460253949,0.3250113338183339,0.1516742642200025,0.5531536113949191,0.39143072941353974,0.12845723694035854,0.5509370636214279,0.41773662264014044,4
0.1477498902194161,0.5916492190498468,0.23949431891164832,0.08485282113625717,0.5872434875470017,0.48369305116411,0.06851491217827584,0.5771356920678149,0.42127001946154485,0.06349824731158314,0.5748505792826396,0.41692099850185804,0.04658053995378008,0.575003494549667,0.39211483916330886,0.11113685298051156,0.5640122098206692,-0.17028675631943924,0.12014176143094782,0.5689681518039971,-0.005614369146165303,0.07522863140477415,0.5709053569536073,0.19295918582972557,0.030865416938300468,0.561013245746821,0.3336747570655266,0.15532468292052307,0.5598369877695347,-0.16545609346071097,0.1472242442786551,0.5692233350334452,0.09691293558842445,0.10482514731709654,0.5643093296910666,0.3390999985989806,0.07842397632441946,0.5528110926514485,0.4717310846472787,0.1861335922190516,0.554230986233521,-0.055219687193476884,0.19127871518103307,0.5620850340610447,0.19085541570459277,0.15468135395780097,0.5566765745274789,0.3771859380031175,0.13117477337495667,0.5466079595336152,0.45020957814909746,0.2078759088177254,0.5466380979736534,0.05735457613345893,0.21259433554661877,0.5525212758661459,0.2147456029835289,0.1863805706301516,0.5480016690842527,0.34218504100454794,0.1707650710296153,0.5384798979297444,0.41210818218860024,4
0.12093482115118277,0.5819010330988499,0.19983891801744139,0.06522973798559951,0.5857660158050046,0.6353899149674415,0.03899780629513488,0.5747379664821683,0.5591478475762885,0.03960830372397926,0.5687776583798649,0.5127845157221441,0.016545135488139014,0.563413712954173,0.4539452755391311,0.08403051116561704,0.5655090107702788,0.21074184433419843,0.09909992182826477,0.5672882313006998,0.24762075168915465,0.052670491303163716,0.570030593820327,0.29006299792273194,3.222808872866758e-05,0.5620624978906594,0.3261852482833183,0.1285270204408604,0.5560488490108516,0.1159022925541414,0.12946276229536785,0.5602848231005699,0.2272021035949533,0.08784342756976364,0.5614184007319714,0.2871201943239271,0.05070131857103225,0.5558313321685214,0.2998463571765035,0.16090366838234615,0.5476912684845815,0.06662365372696434,0.16962331165845676,0.5529473251630099,0.2230649107360489,0.13598735128314315,0.553493625030439,0.29183929685331017,0.10506577491921468,0.5485381619641647,0.28741192363068707,0.18581618385615709,0.5400023826252675,0.05473099957564134,0.1918572871460286,0.5439553169542246,0.16897113644414663,0.1692977055087103,0.5418245832318983,0.25468299335525363,0.15090243987337365,0.5362869314276725,0.29389626465854185,4
0.10877033837997621,0.5789394823522356,0.3462995879693392,0.055528529159746404,0.5828652793379427,0.5167016460537489,0.028370424711122604,0.5770402512446536,0.5079753998535277,0.01902728567939482,0.5711128198822546,0.5182041008582421,-0.00955088106203294,0.5655098888505538,0.5024390941685779,0.08179514683080025,0.5649570688355926,0.22141393268117,0.07939037277590158,0.5644366560283268,0.2581126778365232,0.028704806422862928,0.5686738528788801,0.3031204355563001,-0.0261905524502723,0.5616346475019102,0.3577538658423678,0.12322806154568129,0.5544551389871596,0.21829947165637673,0.11756033041095669,0.5574805252540012,0.3101502734158874,0.07123324627232124,0.5628160296963695,0.38595955723104325,0.028187561146226815,0.560145960050054,0.43381132372698056,0.15184009841197227,0.5444346422658337,0.21990903087317057,0.16101226186153214,0.5477200802119633,0.35078792160952726,0.12549053806024996,0.5544985406655106,0.4117125762983096,0.0877471185381029,0.5561013631664837,0.4239002989199914,0.17032806664862818,0.5354121969152956,0.2194952937544831,0.17961169571685168,0.5373603652007877,0.33508473277364753,0.1575720571682007,0.5386341881889826,0.4125586795460407,0.1349705419434446,0.5370488899038488,0.45731975066859315,4
0.13571764699745528,0.5827183314795055,0.4275115382101218,0.08803183954391536,0.5954594864487517,0.35452099246102614,0.07914722709326204,0.5828108195054155,0.23962661215104145,0.07059830362750927,0.5782836919735116,0.20195704094735592,0.04259258424209286,0.5765730540723312,0.17162305970598482,0.12992508578115924,0.5652702002500235,-0.1769485706078336,0.13451729299576945,0.5668450574980926,-0.06673386679970941,0.07895020474872648,0.5661846816308795,0.09475524269933892,0.026063269372332304,0.5539695869659209,0.22109294182219358,0.17335640968139504,0.556387505552103,-0.1546081500705104,0.16835494982248395,0.5650946188010493,0.018726482632360448,0.12357095092520823,0.5582030221918564,0.2210279324584374,0.0924386850606729,0.5462449121853576,0.34706090221197927,0.20185417119088153,0.5478996479894251,-0.04066843782585679,0.20700349590876335,0.5531045258651348,0.15535173656944026,0.17148923829581392,0.5485552981089343,0.3354845794758512,0.14564790013354148,0.539525112960352,0.41795575780284844,0.21922179375334058,0.5376842112649006,0.06554380337742781,0.22361568397051654,0.5426934096824274,0.20424925890857382,0.19535150206349491,0.541224596120291,0.33589705896400046,0.17325916971126276,0.5343934843542308,0.4195982781330289,4
0.16569790857087083,0.5829640900439237,0.1676671023331013,0.1075356198028635,0.5936438819121096,0.6435808390813985,0.09279874056428551,0.5869934085355283,0.6278317752888695,0.09239003092385804,0.5804362322275891,0.6166358400084948,0.07639145327245743,0.5729930653073232,0.5737108978075596,0.15623517326338202,0.5684722831869484,0.15990074408978913,0.17560855168916256,0.5708932269769411,0.25877353431203454,0.13327997784229637,0.5705749338524211,0.3438527604743435,0.08779356015660834,0.5591788905086766,0.3973509964304991,0.19766874881307098,0.5561366589864104,0.0979337421737613,0.1955371297624816,0.56195390518786,0.281562293494565,0.1537939150126647,0.5599366008355458,0.38761975754991784,0.12159790058366318,0.5512911614145738,0.41436501045340657,0.22219304041588733,0.5447146174026892,0.08819068322393062,0.232660687290648,0.548043486566418,0.3134148198750069,0.20007802585111667,0.5465902365512019,0.39406873697318306,0.17215315812637852,0.540284545095945,0.3801643849549437,0.23682929782978385,0.5340762238087771,0.10061847535394754,0.24551611888096525,0.5362127854903884,0.2720602564471862,0.22538680253517843,0.5343998420613676,0.35803414205570694,0.2084301741270216,0.5277306246566823,0.3806577671226987,4
0.16730034075584882,0.5872888717274628,0.13087994975805178,0.10531730362844512,0.5872524118729601,0.4458807184382622,0.0893049555685574,0.5840431466120202,0.414461821096338,0.09230481362030038,0.5838785176752256,0.40826511673877275,0.07208295010573067,0.5814991333877889,0.3851254091694033,0.1436697833432358,0.5779760675296504,0.04013276370589553,0.1466788140250741,0.5804447821069558,0.13470278491398402,0.09654451448235582,0.5757292441740712,0.25844171812075595,0.05383946286184046,0.5579064738763542,0.3551769339540472,0.18512804358391338,0.5687424511786137,0.018989508529729502,0.17669843138593874,0.5737796941905715,0.2853952704828054,0.13553352397674762,0.5641588496817701,0.4741018319619791,0.11647521377091247,0.5498540826614433,0.54966202993351,0.21366642656843587,0.556642672561639,0.04259301187838312,0.21866364663115342,0.5612990305504159,0.25515119021446064,0.18579296929295364,0.5515943268920663,0.42642406646671605,0.1695485101714128,0.5377909173037277,0.4756601788834378,0.23617387178384558,0.5429005268599876,0.07736441464103998,0.24317828104389894,0.5482126063346233,0.17773507280082523,0.22412874932399052,0.5350890987785429,0.3022732423319255,0.21830461414399,0.5201049863388048,0.3718548177887734,4
0.17672279757945958,0.5892254207625673,0.4141278148393392,0.11952690594100536,0.5932449314887113,0.3256409294569449,0.10202406948551054,0.5925379801301252,0.31456751441505837,0.1021193528251608,0.5933117251394083,0.38730397223096413,0.07830934158089267,0.5935057756398305,0.4153574873004412,0.1597065938785378,0.5732616090439687,-0.4549179619787739,0.1685072100022171,0.5826529198943959,-0.19335604245652363,0.11986879971091957,0.5887416781384173,0.078659408400845,0.06707813766529115,0.5844772623045844,0.26045088890017976,0.20320080936968607,0.565445884152264,-0.3538324285039774,0.19464424505588493,0.5788811668595849,-0.046502525586217536,0.14267864263386262,0.5797549404014253,0.22538792463616625,0.1036243874983779,0.5716641511015691,0.3820145358326939,0.23100644650315805,0.5575098990303269,-0.10192062434649195,0.24036010702247054,0.5691904543402713,0.15876994674599998,0.1966001339064593,0.5666200035347622,0.3476506876097031,0.1643474888225807,0.5575554774406493,0.42655779522213094,0.24828756306556565,0.5490279417109794,0.11149727594607525,0.2554886806889783,0.5581835837246087,0.25664793622917553,0.22781157873751384,0.5541278951019808,0.37201991477412794,0.20870401942145925,0.5450111585813217,0.4382492688917909,4
0.13258434756003235,0.6148589993036361,0.02596926196004652,0.07693308255803645,0.6207189647474454,0.7184101569854018,0.06362894118170832,0.6130454518464407,0.7183129431066769,0.057147479725718896,0.6037453190155774,0.7017181411616159,0.027535488130117636,0.5904616375035898,0.6399350184658599,0.09802880420558235,0.6063510745055731,0.43271359860558384,0.10845411634082398,0.5956877662461381,0.4886143511715268,0.07461322039370717,0.5999211944902566,0.4827600477981385,0.03372200686193188,0.5938705446489497,0.47623615198252733,0.13953697004122165,0.5964242040343446,0.3714258815041316,0.15310127795671746,0.58683817454616,0.5539314157564739,0.12173545447925567,0.5824765487646932,0.6016947695724204,0.09404867234468027,0.5717133296226219,0.5845703414886296,0.17205661333901173,0.585845890120141,0.3013483480489219,0.19146556582856775,0.5759886771754097,0.4986934010507588,0.1727084123832916,0.5685220839716457,0.5324445610795623,0.15608120228424788,0.5564855966759326,0.49450865396961496,0.19841484515805935,0.5767215747889793,0.24796941455778349,0.22085659273008432,0.5698920710418012,0.38009274219387273,0.20909052921877028,0.5607870898033965,0.4360034240579532,0.20012634219876632,0.5487648897686191,0.4507134740284078,4
0.14656051215590576,0.610742632263728,0.3533328360153658,0.08281749586340828,0.6089117509739285,0.292628809541596,0.05479334540742274,0.598641090630078,0.21172523819825606,0.056380523993699944,0.5954528689381118,0.20216764257094183,0.03586000840190209,0.5933092179251924,0.17464070568262866,0.11382443302764748,0.5794034658795518,-0.3126224026591973,0.12227711632901879,0.586925045521101,-0.228728608441263,0.07738776767164258,0.59392523585966,-0.11826538434883137,0.023194763449777896,0.5900731947700633,-0.025140892922071143,0.1596313181936031,0.5764423738952088,-0.28660578563916067,0.14630438420327907,0.5860576199851225,-0.08012446014462604,0.10416506342170666,0.5848509520333398,0.05486916498776167,0.06902169068512609,0.5770577993415714,0.11392628134526686,0.19086410552259153,0.574325122175204,-0.1400803595275506,0.19083295489184712,0.5791967550065171,0.10358598636841954,0.1574078220483966,0.575109555101725,0.2123355682357835,0.12922289635116838,0.5664247212185224,0.21911147535130746,0.2123892223492498,0.5720846586892302,-0.005567511388416375,0.21042563134617592,0.5718482828688115,0.15164984958371758,0.18681171509232455,0.5678624345058446,0.23240140735948175,0.17040022483733377,0.5609151664850967,0.2604184527339946,4
0.15538011221089618,0.5997073258429344,0.418789660373314,0.0957282215805145,0.602754627123834,0.08742143806489425,0.0708335777360169,0.5963400063810915,0.07625276867734058,0.07066793239992833,0.5938320706140505,0.10731229596672479,0.053633663249010394,0.59515211139734,0.1242227580727931,0.1319476427219435,0.5834498560333979,-0.09186563880845453,0.13558545597343113,0.5847879851302527,-0.01581267454158396,0.08309175452590693,0.5893686843743178,0.06595702642717836,0.02254913296267728,0.5833739958259536,0.13704289481160176,0.17385216110219556,0.5783689958823119,0.027628563225930658,0.15981005217214328,0.5797611965135747,0.15992217868570718,0.11075142685158373,0.5798028982580468,0.23370670243740677,0.06592101156343569,0.573186020408239,0.26438854629898373,0.19967595295638496,0.5726472214296507,0.1678802524873128,0.19970626591154467,0.5705087790500786,0.3244249872016813,0.16160690304115344,0.5723353505496316,0.3560565546001676,0.12244143383234476,0.5703210146438608,0.325446039840092,0.2152605767300174,0.5664093531920968,0.25040336715786454,0.2122987468545759,0.5630724992559732,0.32739633820287883,0.1840561753903832,0.5646357488517622,0.34826902367892826,0.1567357659453484,0.5636587433955151,0.3467876038553845,4
0.15288856352716584,0.5937991619180206,0.36419249655893404,0.09903820406478615,0.602038697863618,0.25041709940007045,0.07185477724761774,0.5961341183160329,0.25164222349680804,0.06274480163988432,0.5916878692297595,0.2828077467698913,0.036078023842703394,0.5892448265238414,0.283813427409504,0.13703196604437087,0.5795641301654902,0.10100652502429111,0.1341463491253451,0.5756120179274886,0.19702964438651638,0.08529039352659386,0.5803481578833375,0.24368461279792786,0.02927625599102429,0.5775349988539089,0.2715986433642321,0.17557908327001723,0.5709371534649303,0.17541705179909056,0.1631145348476144,0.5715989902056052,0.33036930329358377,0.11976485314243383,0.5746579500377421,0.37735730169047793,0.07798689384881097,0.572371788835536,0.37156035691585276,0.19807599516195867,0.561803686875456,0.24910031439949504,0.1988591537830353,0.5608992107613748,0.4125688702381573,0.16361307134264844,0.5664566067312741,0.42339339517427477,0.12473440665256522,0.5692486241893375,0.37052392442268306,0.21090565154100976,0.5535369942902334,0.2841976319935709,0.2122568586174682,0.553007369756603,0.3829728357384366,0.18685367762585667,0.5575333848621704,0.40864910747255495,0.1602106520815356,0.5602087428063204,0.3979148136668619,4
0.14611556496667885,0.5990877724142564,0.30286762064664563,0.08825519608553695,0.6004822293103597,0.3100275368281898,0.06756968596367333,0.592357302848543,0.3030964279825492,0.05845483787054253,0.5883387011613993,0.332121206248866,0.02914146325839655,0.5853677585820777,0.33161145030631684,0.11902136692941709,0.5818462187984109,0.030745818064883954,0.11701204390639904,0.5784845423272779,0.14709832557016805,0.06655570224036236,0.5797598258948322,0.24185351234132538,0.010905035469649587,0.5708801011405281,0.3132117063262876,0.16074183420741617,0.5756129662756011,0.12172091018213502,0.15083444780029226,0.5744637729076892,0.333413426588657,0.1114124757819084,0.5710031209338907,0.44529858128327116,0.07803401053769538,0.5637202452698259,0.4801788811303004,0.18839130178088936,0.5676901293050659,0.2320966906831357,0.19100388552905376,0.5613576913688846,0.4381080714975136,0.16005603534708993,0.5583408949097519,0.5005193872379387,0.13207302295208395,0.5533517470139552,0.47788885029763084,0.2061487216540906,0.5594812145457174,0.29914187887448024,0.2069615531717805,0.5531881418066232,0.43027050502856085,0.1844906110316567,0.5470268555872476,0.49031108648248706,0.16788084812850745,0.5399174859079395,0.5051015852513835,4
0.799205471067286,0.5086479093955758,0.048937210928182595,0.8118980984274251,0.5105372532818409,0.8977643177958852,0.8272385226442501,0.516756465898181,0.9396610989334472,0.8443631060478,0.5186099058983387,0.9937736221656602,0.8536661468096856,0.5173849090671375,0.9752654573708951,0.7711412516229252,0.5157178370127836,0.19567447950559722,0.8231163250034029,0.5313026182867788,0.3817250310021774,0.8387385101941434,0.5543798510414619,0.5442282984693151,0.8326745688321313,0.5752618955980661,0.6367032271154208,0.7747767533572498,0.5161713574001834,0.10320230586895836,0.8079238591807866,0.5288549426635001,0.2847657091488687,0.811049293008702,0.542291045794148,0.49670157605449733,0.8007970006451961,0.5497433704243928,0.6227254574469486,0.7831080052642806,0.5163201240454725,0.09047592654196522,0.8131771607414497,0.5300796400473932,0.35051605837660355,0.8177368735228802,0.5413352334718547,0.539893400598065,0.8080651307615601,0.5458337202281613,0.6394074094955216,0.792584576743097,0.5125604629351479,0.10217096955087268,0.8174968352099349,0.5230352562607501,0.3823897093571435,0.8179125863144142,0.5296820626098286,0.5285146285298905,0.8063237675804265,0.5307316093010216,0.6049944239397522,5
0.7965630137214753,0.5045222952895682,0.3168743660511711,0.7972929128423544,0.4932733099806661,0.7428986739453136,0.8012704550637452,0.5012380281548537,0.821577224872079,0.8263780980554964,0.5069468846533952,0.9045472511170043,0.8338817851991474,0.5099444740194568,0.9095522180350945,0.7499562755469861,0.5032395774715694,0.2920367001047703,0.800506227938062,0.5156775619666224,0.5385222886523497,0.8308920198030394,0.5444891539840799,0.6976181597532162,0.8328067280929137,0.5677013101570041,0.7402728120236982,0.7577907009508479,0.5091192042229123,0.23364539121756345,0.7885789230501511,0.5222813385937481,0.4533216872288821,0.8025347897791334,0.5389790174919629,0.5815262139825839,0.7952853505284636,0.5474591129120416,0.6166807080294004,0.77045173902878,0.5123575704667327,0.21598635114718834,0.7965776173409561,0.5285117495747998,0.4440516980718704,0.8028942515724133,0.5410709151132714,0.5185227639432632,0.7939753920005823,0.5470592017609105,0.5030739044022773,0.7872227542338045,0.5125960124341197,0.21337917231425643,0.8109591088447515,0.5252680062833284,0.38562074240428057,0.8113795957998086,0.5365719808318671,0.44270098746888387,0.8030452074553285,0.5438043953297609,0.44150562598557486,5
0.7610201344030221,0.5117762629883726,0.734217523215071,0.7603843656071669,0.4966146437255987,0.15706119135240548,0.7482292537645777,0.49893034108162354,0.18910073424713525,0.7654113527724453,0.5016553158495632,0.2571571054742969,0.7624806490523598,0.5047202601838084,0.2859594969777904,0.7177434429727858,0.49080831496637806,-0.3147368947215088,0.752053384214075,0.508459340599797,-0.17871131649229344,0.7562942256237046,0.5439266853985205,-0.023541334320593334,0.7322216146386294,0.5739300158164762,0.07061153785288705,0.7245302128298221,0.500464587379526,-0.2865368199104878,0.7363618025249925,0.5197489726595734,-0.14187601398475924,0.7259148760972989,0.544384308362498,0.018834991667026332,0.6954019800245044,0.5597825719634566,0.12361000917098638,0.7299851981249396,0.5112131546834465,-0.15416089189634985,0.7321099544650799,0.5308867408699276,0.03291216527243791,0.722009920810409,0.5474087381860097,0.16219975557184224,0.698241478267184,0.5565275084957096,0.2260199397612359,0.7336791979309223,0.5207236599812873,-0.043706706308560835,0.7333907875063903,0.5409370693333413,0.11574411221666174,0.7221236413874769,0.5532193053479787,0.20553860719561326,0.707680479519458,0.5587682596491144,0.25146316777159017,5
0.7489583317524063,0.5588580556912431,0.7131556750085404,0.7466017420649356,0.5335359023377471,0.05329809922821413,0.720128013870951,0.5325153064696598,0.14835570440375181,0.7379942442058816,0.5338472446958625,0.2541237403613804,0.7236102228124639,0.534120017576564,0.28259015643208496,0.6891793705087684,0.5398715811426831,-0.06487027304581264,0.7178741110434055,0.5401000048298035,0.0823746694216819,0.7293814288914192,0.5717184830051001,0.17041458876213023,0.7173981119784201,0.5995129104899526,0.19485276796365175,0.6938986846439356,0.5446403909713604,-0.0006952958056411987,0.7016283176846938,0.5463670578968081,0.119107425946956,0.7012041915573087,0.5642855954456978,0.15979040951124734,0.6806925507478916,0.5743033176451642,0.1732239902906517,0.7016582298288819,0.5488393058368021,0.09009513640769384,0.7141438038622135,0.5528945818832455,0.20492926522442664,0.7160625566258353,0.5706346073504824,0.1896399603191314,0.6957563517503211,0.5835947640329859,0.14603368409527756,0.714321125554568,0.5509126385354971,0.14643780404779888,0.7262769002949523,0.556175722740449,0.18573462838789778,0.7232887187890741,0.5689975094609161,0.15496192686690402,0.7063297902672009,0.5803365536896039,0.11957054387420023,5
0.7454197569905303,0.5836295231467117,0.8355040895819603,0.73736698063524,0.5647280742152118,0.18044839216929517,0.7379570720106875,0.5605418943578622,0.2616668510948616,0.7602214111387019,0.5568480712640976,0.3519875242226385,0.7477959060447235,0.5542029392954527,0.382731255051405,0.7096009000586159,0.5530094386197055,-0.044800824292792925,0.7405939375782697,0.5547596555281877,0.0703663511445455,0.749860477739425,0.5862914228518585,0.18046464946833474,0.7284182444369344,0.6136461876173204,0.23782358797218586,0.7150411694922809,0.5574524408631626,0.0201536186813911,0.7270283249273354,0.5587697024636802,0.0933309524906251,0.7212614776417872,0.5799497080232145,0.20483525281339252,0.6879485208360893,0.593860864465835,0.2840722307726103,0.7191548944380706,0.5624006885851888,0.11334830032507594,0.7268546752662561,0.5649020397690233,0.22096061934387226,0.722301597762045,0.5836405882101305,0.30227153868465934,0.6951651803295505,0.5968278564472381,0.3448781551452682,0.7237572996175529,0.5660108547762039,0.16662645266591303,0.7277651182284194,0.5707830190026173,0.2655325758854893,0.7207207762958644,0.5874561857956471,0.3069318179953414,0.7004686583653295,0.6007149291564177,0.3266648600641666,5
0.7408411570678214,0.6000402202225226,0.6803540547799819,0.7393547641542497,0.5742979264179058,0.16523045654566676,0.7333878208626454,0.5685985404488744,0.2731347139962731,0.7557028155793273,0.5626080065875734,0.3633063619276789,0.744735055598622,0.5578768536261134,0.37540361877447,0.6947744315768739,0.5695007532078192,0.13910501285339838,0.7266709186930758,0.5638842474899064,0.2867999364119345,0.7397165915130879,0.5932769587876909,0.3623778948236868,0.72554973851438,0.6206865297285398,0.36993720077049463,0.6979114804987265,0.5730834371665932,0.18988773356753874,0.7126765295577587,0.5671765975053213,0.31092685123271285,0.710643198254397,0.583313119743208,0.3651617847950345,0.6867325092697748,0.5943390831877972,0.37997331500619014,0.7040733633919248,0.5752865094361876,0.22689591654386615,0.7170295152079962,0.574279537626766,0.34004820324140855,0.7141888879151748,0.5888444981713601,0.35734333706013377,0.6918369679762233,0.5999280762658024,0.332166564171504,0.7145074204145757,0.5771432950550069,0.22764877802959546,0.7236735068415052,0.5778769769357991,0.27789008867175824,0.7171333910762572,0.5884540451552168,0.2714704780785439,0.7010230897614523,0.5978489651332454,0.24923054447543394,5
0.7548134322651875,0.5861514825972031,0.695920023981758,0.7550256026366957,0.5608142614865792,0.0579379778807907,0.7606385544963689,0.5568737253620213,0.16602508704857108,0.7807213688213656,0.5569295142256736,0.28500515154435513,0.7819347496486149,0.5566550297650515,0.34580132703556493,0.7333351313755697,0.5470979219083503,-0.12319610139617085,0.7671960510083082,0.5543469078392096,0.007771273806619582,0.77965697404046,0.58442031442005,0.11588289291852533,0.7609001742283974,0.6104119608691418,0.1661113235332032,0.7353218348177116,0.5541380930006408,-0.0198587296817546,0.7528761232917143,0.5590921217348103,0.0601893207818785,0.750264637571681,0.5796668545423251,0.14870422532908806,0.7209302030551692,0.5918593228848561,0.20106445646234025,0.7358363832786426,0.5603012929321106,0.11030307564130312,0.7492750771798602,0.5651600959134294,0.19769813826279914,0.742709202527563,0.583653235021546,0.21867400853090363,0.7155022127205997,0.5955132809263416,0.21199413643396386,0.7352623271258872,0.5653325474006625,0.18868523111926194,0.7383280670764218,0.5711106683432798,0.23289753530623875,0.730171397083114,0.5871102329621991,0.21698733059767925,0.7078725925260173,0.6003359239040186,0.19151442741595504,5
0.7745155693434022,0.5587911922902147,0.5504695174552281,0.7844028184523859,0.5426112807762291,0.2010154270770014,0.7965749106427708,0.5399590904194916,0.254802089832811,0.8221962147687156,0.538766066020263,0.3255857833745169,0.8260537357331481,0.5379783531723689,0.3489749708684126,0.7621412722502992,0.5312547292356206,-0.027257840336477088,0.8043778332034595,0.5334716011574998,0.04891563498853791,0.8229488516686428,0.563279278795285,0.12121842148524285,0.8106559693676899,0.5906050464437858,0.14876769451799182,0.7586779646692011,0.5358306705262862,-0.004969499085860646,0.7877274005756828,0.538783206777517,0.044479580467887636,0.7926682726059373,0.5601460494338513,0.12800086971428173,0.7666664732035305,0.5766183420155139,0.17492698376821733,0.7579458828538368,0.5401876562346267,0.047710049191293236,0.7820878942565718,0.5461159126542631,0.12152315377279875,0.7829197159393544,0.5642965313415162,0.17530016858210185,0.7587487466089436,0.5784107487676845,0.18977205326934898,0.758010664262302,0.5424206086238691,0.08374964493469232,0.7672807423587916,0.5484708521203677,0.1454301481236945,0.763920793169776,0.5652685829398995,0.1660382575404351,0.7448594018941241,0.5804728903012302,0.16380442764280947,5
0.7818890910334051,0.5345852184923799,0.4552314432085595,0.8053956423221446,0.5135371489262179,0.32531241159934454,0.8184601535092619,0.5091470110855032,0.37220238642758324,0.8375394863507316,0.5077893884641015,0.4485468182907514,0.8392749691480786,0.5083192451306332,0.466539171639213,0.773938782156978,0.5051746531059497,-0.06763912676116383,0.8138145675824744,0.5136799130308424,0.12191025740584978,0.8280561393331226,0.5391760375340625,0.27602623241077723,0.8161514114164506,0.561625171302823,0.34701656951257664,0.7647640520619757,0.5093136992155051,-0.020986998553208888,0.7881823851290946,0.5190951363702124,0.13966819563917057,0.7868606923684281,0.5331347654235771,0.27193243043996174,0.7660509487998067,0.5414275974506987,0.3349681730824525,0.7608738134109042,0.5117744978682863,0.08551039669478121,0.7872861965763266,0.521037898190099,0.23655177849788453,0.7822083087402427,0.5304212881565498,0.29682173933096617,0.7619712284593336,0.5357643427845906,0.3007235526021655,0.7614197847774241,0.5124366130677624,0.16932106151292123,0.7777448981947477,0.5195895580632561,0.2791499119450608,0.7707837243892126,0.5247009775561096,0.31792530494205445,0.7573526455268224,0.5249991548584932,0.3194475241678112,5
0.7642211093744709,0.5219249180327631,0.643842724297631,0.7782152143395117,0.5064862703579222,-0.15651121144939822,0.7904339002464388,0.5085083379040968,-0.019260054125950152,0.818700226852033,0.5078563773847152,0.14163619916714132,0.8241541952588397,0.5090284359184835,0.23949191864962943,0.7594262045814341,0.502352098558767,-0.25348333836257925,0.7884971628973872,0.5094721311526311,-0.05036403309716103,0.7886854278092382,0.5340732123042573,0.09866961268602448,0.7624265053631705,0.5554059418424376,0.1751545635896826,0.7529957012814494,0.5039463486533936,-0.028775371435787712,0.7645240875306402,0.5109924151680802,0.09528527935204266,0.7495553368946174,0.521182003709501,0.22090507370621612,0.720416931891152,0.5227673769451986,0.30504750079187043,0.7457689025625992,0.503972524054578,0.21423646618602926,0.7572426234014187,0.5132612231942671,0.3161816119683172,0.7436980585343284,0.5246148840994892,0.36032660092749047,0.7173695053420382,0.5317455764966706,0.37018746477256576,0.7380031996816291,0.5039354090918837,0.3526283715301463,0.7442872615630615,0.5123156350981349,0.40503554331298364,0.7313932473241957,0.5232882926703687,0.4044342740201275,0.7125532405586361,0.5307821433346748,0.38928290740269395,5
0.7817070671832669,0.5447043540565292,0.7219061901118032,0.7927988715832214,0.5172228955470255,0.011939590664119556,0.7829066238464361,0.510271592105583,0.08140951177882265,0.8129781966887589,0.5127860392398373,0.1844813492298961,0.8135674949676516,0.5151169760268243,0.2209045942395552,0.7412356058790277,0.5157145581498053,-0.2104519854956225,0.7785933499799585,0.5194750900995951,-0.026072236747555124,0.7981754398363167,0.5493978828347684,0.11471537417540424,0.7862379210292084,0.5765404717597947,0.17831070418927136,0.7443274384419224,0.5210159513788284,-0.1069069066637139,0.7612897408139954,0.523927426438446,0.044314922007042803,0.760839490387006,0.5392320196539362,0.1647926503617146,0.7355413890230443,0.5468476518916601,0.2366117398425061,0.7477577443996065,0.5243978942626504,0.049317540432984815,0.7657137446865123,0.5306677919378342,0.18670368509580507,0.7623600478850261,0.5436081184194389,0.2629998439198399,0.7389661098115565,0.5513577984623079,0.2844485566338828,0.7557653209495768,0.5256512792419828,0.15278116258074245,0.765101763685096,0.5320364669240611,0.23762190445494266,0.7583800931539882,0.5417567701190636,0.2755537647996578,0.7435533704898831,0.5487506770716541,0.2874989256486703,5
0.799434167699511,0.547422280177056,0.42107202897800383,0.8092913750942833,0.5328543482590002,0.8296300230290172,0.8324658801442127,0.5261465823580789,0.8219938662634886,0.8698586683426793,0.5202276466368112,0.8348180510733499,0.8894627711911551,0.5170886213979575,0.7789868914915599,0.7805296044896607,0.5172679194857911,-0.060894780372395166,0.8437386678730406,0.5248891925648679,0.08573181726583128,0.8709342778018381,0.5494674964800801,0.2551163220304858,0.8676588583974238,0.5662467135972465,0.35691636297865514,0.7852507332924079,0.5201673951664197,-0.2065983303450095,0.8235416985250744,0.5301338724389809,-0.024300610895301993,0.83893494248412,0.5410448755708157,0.1990993659890492,0.8317897571037092,0.5419024245505184,0.3400860386727972,0.7945220246783903,0.5217928718698779,-0.20930769072854813,0.8290267878659634,0.5345702800717844,0.04375146178921009,0.8396286515575451,0.5442305944773073,0.2248871685859389,0.8295394556059423,0.5456118636492246,0.31343532531626095,0.8062979902842361,0.518709952878243,-0.1493756062932773,0.837162967359942,0.5302120680501904,0.0797333771308731,0.8393801247925726,0.5376352692495243,0.21494867815484886,0.8287816095270311,0.537762683129199,0.28704802834595,5
0.7809128520080909,0.5207953533430493,0.4736248580077396,0.7786960139632433,0.49746443787519035,0.42590261720312805,0.7803324117442461,0.49967345893743287,0.41299733063493904,0.8111023767750811,0.5055470663786619,0.44406861670025793,0.8188495126274614,0.51016978984268,0.42038865129376685,0.7278553409792319,0.4941145018028651,-0.27239782897274606,0.7800887781486849,0.511334857732074,-0.09347425730270575,0.8023336223435259,0.5431326547566798,0.09381502375732383,0.7941490610414497,0.5671479001303604,0.19617038064209696,0.7392796383791357,0.5002632536037902,-0.33401784320648564,0.7701394601315428,0.5192578456302942,-0.09960568780287078,0.776009839561756,0.540091590828993,0.10778320227982414,0.7602876755147766,0.5497237474677166,0.2237672021905553,0.7532714810754788,0.5054559744065739,-0.2582126469348585,0.7737810004464414,0.5256589813502979,-0.013630992232469913,0.7754392692406948,0.5419822443438682,0.1372154333925074,0.7639506873534534,0.5487238790098813,0.19856528837688323,0.7694998529363848,0.5075193146293491,-0.1565123689126605,0.7860608987767664,0.5267195628040309,0.009580927550369146,0.7823941814612028,0.5392034474838374,0.10279936019352763,0.7739207071407528,0.5445905680303965,0.14697904078968949,5
0.7351914167962218,0.5037480313319148,0.652892423474122,0.7337161327460839,0.48173217333294505,0.08401153899277111,0.7241526252794726,0.48318830769912907,0.0772716059676453,0.7369300671468201,0.4900431617103141,0.13067830539154066,0.7371207044359824,0.4964453123154546,0.1471816859415696,0.6823473664628488,0.4762881435054062,-0.4817964072658519,0.7172536054591092,0.49541576544496435,-0.3287474776406183,0.7203685683070431,0.5301886258674138,-0.1587234787421258,0.6960240597284499,0.5593932895130063,-0.05413756659063172,0.6935736555667219,0.48676021306319867,-0.4571385968086037,0.7090852087942671,0.5085812688823536,-0.26836539397407666,0.6981575762682066,0.5282455108776059,-0.0794114900971513,0.6707890237374876,0.5374070716605852,0.03753208025363051,0.7044341916719148,0.49663048949554495,-0.2920658971817155,0.7125442617718828,0.5190153863743705,-0.08968166944886508,0.7012039280133884,0.5313799164618405,0.04975733250013423,0.6797220911309767,0.5357653466605129,0.11374025807272235,0.7127757078697261,0.5043433682615353,-0.14223347247512985,0.7172353638324646,0.5262095273771861,-0.013941694183281169,0.7056628091160408,0.5347775822914566,0.0662319968394913,0.6923358744209844,0.5371357452741896,0.10657519635778516,5
0.8091957800729521,0.5339528614337178,0.7878863443653832,0.8246428765132061,0.5177279462901512,0.18526328653009153,0.8261472698328196,0.510238277855989,0.2511393526491351,0.8576393384008381,0.5129689384504756,0.33404473099638105,0.8648162335370038,0.5153536367919663,0.36253989034496614,0.7767673471026605,0.5058080201379312,0.010423663880683384,0.8283881948267896,0.5143767209118126,0.12931043103151543,0.85209771104418,0.5455821849010984,0.22215277005005155,0.843561458757234,0.5709833917105696,0.26698156026918624,0.7747242234053769,0.510705254809484,0.06253640273326344,0.8046724280639149,0.5211438733976932,0.16981543237819277,0.8141750411624561,0.5443172652364051,0.24572263905840544,0.7939560584122781,0.5577262799107642,0.28335707167749663,0.7790149812329475,0.5171968223098351,0.13571560353956166,0.8071141504922966,0.5291078772782785,0.266136628416169,0.8128450597699882,0.5458971912856352,0.2948976166315756,0.7944930117671357,0.5533188700774837,0.2893713930341485,0.7895729355446718,0.5235039748282867,0.17641405612068192,0.8089563769045467,0.5294642312956401,0.27919065939446974,0.8114684576355236,0.5369984617368069,0.30519441668750574,0.7996638500197031,0.5388923293398208,0.30983970042692255,5
0.8344270860690421,0.56782664283876,0.8416115787774338,0.8535410867336114,0.5587226639064097,0.3597362134500203,0.872418954369578,0.5520143468469125,0.458663131031581,0.9122657084521174,0.5443050212944113,0.5646063457979124,0.9176558372535891,0.5392872428667601,0.6117330106432632,0.8325078104821081,0.5407872036293829,0.13915536725987226,0.8928887307042651,0.5424223652405374,0.2822425975335928,0.9180475251541462,0.5713576039340893,0.40650454115405593,0.9119787914825705,0.5939086863502719,0.47810499851697547,0.8273592351820258,0.5417073736569035,0.1915269235454531,0.865875043929477,0.5461253684121715,0.2569238011241895,0.8806534027146822,0.5706111388608937,0.3692921148734423,0.8608236622839218,0.5878106950827129,0.45266747625474985,0.8253373832509229,0.5471310396286446,0.2474026221956151,0.8508103893664446,0.5520074656460447,0.3486037857449945,0.8615026444122322,0.5723401563379694,0.3982241393653753,0.8424459321297012,0.5882263965717703,0.42933382737000875,0.82796400708012,0.5511560379276504,0.2727352380659231,0.8442792256036692,0.5575828932667267,0.38799409008954444,0.8458489373147176,0.5734013883706199,0.4285326748837028,0.8287453776880747,0.5862300853644017,0.45205500711196456,5
0.751717471053434,0.5849578997575685,0.6102307555555112,0.7494049115129976,0.5627134902627571,0.3185346957205211,0.7457329882917757,0.5583677644113827,0.3580766214196808,0.7638971867811829,0.5551258166909746,0.4148667555052038,0.7611898249573185,0.5544939502474612,0.4026497567271412,0.7141496581060613,0.5522634972921344,-0.11444553720061085,0.7493587003386102,0.5524036268769635,-0.014321380158618335,0.7579782895391244,0.5807501283422061,0.07242397318037626,0.7368493553112702,0.6050958131816877,0.11243613999980115,0.7181396158722843,0.5549943086501697,-0.1451905663419805,0.7329539142692005,0.5587139664191365,-0.03346973490124019,0.7309697290856793,0.5764030287797034,0.05775790412687961,0.705076940969682,0.5872358151297158,0.10621928672931086,0.7252998857722407,0.5591315261662834,-0.0944703309471269,0.7359031063995625,0.5653643796409055,0.0611161706273766,0.7324773884863389,0.5813697267523724,0.12175831646608329,0.709568433016629,0.5910312259000529,0.12995156434153884,0.7338986789198384,0.5620728876965604,-0.03789200257113877,0.7395815528132668,0.5694673105254577,0.08031280251013896,0.7306124150825886,0.5817927312940249,0.12662726322892975,0.7114570167799795,0.5903330804197077,0.13837583946579737,5
0.7473341189357879,0.5835768860012213,0.7499810464918288,0.7496946471071493,0.5507981929859666,-0.23557528443560635,0.741230830444979,0.5426728511837196,-0.19699880831914615,0.7524520872192253,0.5436726570023107,-0.0934355216164976,0.746003214722095,0.5464712294599058,-0.03603666381569449,0.7087647443395629,0.5402412729434902,-0.5713132779057779,0.7274662145828075,0.5508521444762784,-0.3398585323987677,0.7256494600911989,0.579239415553315,-0.13575911242416785,0.6993107088859386,0.6033770675723967,-0.02265566807810571,0.7104349493374258,0.5465008135376374,-0.4019752093144815,0.7109528034927578,0.558048383071061,-0.1891049121021285,0.6973662476216866,0.5717239568808649,0.014695846538090042,0.6712471583506827,0.5775750217181621,0.13555115839805357,0.7113709789725423,0.5518410293190097,-0.13114340625894697,0.7118471328985694,0.566086576647235,0.03419983313956537,0.6956211600183593,0.5759209745221398,0.16015510408133882,0.6718529835254167,0.5804222651479801,0.21049067067086286,0.7131015353171891,0.5571650500119055,0.06405108191280329,0.7115733387260605,0.5704623638186523,0.13271014659576802,0.6961257948774017,0.5776153375853921,0.1795001804072168,0.6800414846020932,0.580441043332106,0.19661076613171843,5
0.801129167568961,0.5991165805817207,0.7531129514483864,0.8120837803716648,0.5782599966128318,0.005481598248884911,0.8189140199588624,0.5688584516213827,0.16716500822488306,0.846174493366105,0.5656402976040676,0.31682231608617883,0.8487532444011334,0.5649793149389584,0.3917723366114005,0.7905883006475987,0.5594862859562418,0.06169962969210332,0.8337620256616805,0.5593884151097198,0.21241090149134925,0.8440318765258208,0.5835121947483919,0.29963960651379706,0.8236064936517299,0.6047333485666341,0.33052829197979655,0.7831011091681089,0.5634525156416832,0.23460135026089987,0.8015360918538351,0.5649841464616394,0.3235901527420325,0.8001994052369645,0.5783974394395074,0.38116636132671305,0.7738332223276705,0.5839083915501058,0.401753793197519,0.7789619870147201,0.5678310919112837,0.3707281175054863,0.7987879850907165,0.5734899321360551,0.4362304987285568,0.7959091221361353,0.5850593075147157,0.417173087640459,0.7703726661622906,0.5902313877585679,0.3828430317169413,0.7789760012001,0.572767553096897,0.42354069789816756,0.7920232546397916,0.5763067887572705,0.45530586033991965,0.7851851013384751,0.5845624731213851,0.4265288404786503,0.7625927805609999,0.5877403160159732,0.3909896521537339,5
0.841151078208338,0.554634636078412,0.6939165995777641,0.8658893845326585,0.521343950956247,-0.7459917354058849,0.8827167894445326,0.5191499896865815,-0.5869196455038375,0.8875194348873,0.5191419257906816,-0.3976477309409547,0.8796434420802132,0.5204802313599418,-0.23659575391864354,0.8670686179704674,0.5170922270778687,-0.6302430643764396,0.8762739411153636,0.5213934316244416,-0.5462006111932428,0.8623850545670158,0.5490476391817919,-0.4378452278047578,0.8245283586593182,0.5744966925218412,-0.36098164463928867,0.8361735969501993,0.5269588539302718,-0.28609658867590787,0.8200645734894154,0.5268097047598922,-0.3808490281945237,0.783519741424218,0.5398241523734457,-0.32925443818661765,0.7267375855808571,0.5498724943244971,-0.24641266205743725,0.8035099999551162,0.5374469642979253,0.07911085656501615,0.7860335431320917,0.535218636486444,-0.02810651221470243,0.7551268151880579,0.5486013325024861,-0.057827433622130074,0.7084421733114284,0.5599291420600924,-0.045280407125887906,0.7722241324276725,0.5465500842947476,0.29163688292632695,0.7562807332254959,0.546555529209433,0.1825325986656354,0.7325969960802244,0.5614564793976715,0.09470683627467212,0.6956388699723554,0.5744551291270356,0.050992560729515884,5
0.8289702599634011,0.5248907366560388,0.740024859407249,0.8512671556773435,0.49614264604157815,-0.5941772374980071,0.8656040509622088,0.4936759936253819,-0.4344262771285204,0.8779210566475615,0.49343235635364674,-0.2650975496085338,0.8661178504756492,0.4971312855477502,-0.13301324401048412,0.843586208736452,0.5010572209209064,-0.2880308825727037,0.8555836242380565,0.5012111919080916,-0.17854150620549394,0.8421856434926198,0.5245820685652812,-0.10219575638033028,0.8059838145172453,0.5467200577598703,-0.06171980405529294,0.8165856703650926,0.5069688172513637,0.029961328997711454,0.8131615766187782,0.5069146861692588,0.0005889856278876172,0.786887713346602,0.5194361909187143,0.03058469103428124,0.7434469679282013,0.5269005530421568,0.06714617764540128,0.7904383525679208,0.5120324650093094,0.3026199554849348,0.7822504459409741,0.5113053480100438,0.2212072985682677,0.7600479744879131,0.5226156761509345,0.17718763460962209,0.7251512703582155,0.5324159146441159,0.16011298423258696,0.7655537205171108,0.5169895291417156,0.4340354033401606,0.7506598060121032,0.5205135937653711,0.3339150558556527,0.7286911892826384,0.5304295962208477,0.26364981835442347,0.6992022292036686,0.5380153532974652,0.22195246947853642,5
0.804477161803983,0.5231039189604714,0.7785559784458536,0.8251075298809168,0.5020756701509401,-0.461977581477436,0.844355207791353,0.49365288374052835,-0.33777252579547273,0.868565859493585,0.4930473785318624,-0.21036519856720262,0.866340183053892,0.4948855147195578,-0.1184558198130358,0.8046495492082987,0.5004271327519032,-0.16310891989868267,0.8434512349263245,0.4984202194686023,-0.11489194207768047,0.8446181802593372,0.5208913367935096,-0.10196859028499314,0.8130142538818141,0.5419888284610228,-0.09113180366322456,0.7920689568894111,0.502816034575485,0.10644745688279028,0.8138377591961807,0.5001536290348966,0.059550460655405084,0.7976420626597962,0.514560149251609,0.06033988600096218,0.7555068353171233,0.5217268757239076,0.084241812322204,0.7793298292353578,0.5039012070047919,0.31968031741097014,0.7993468612427598,0.5031713051332736,0.2865134439213258,0.7871090150831235,0.5185322736811138,0.25245353224062295,0.7511986693035505,0.5294045378447183,0.23417828044684547,0.7662023584912269,0.5048009247160424,0.4043158891248875,0.773880115563492,0.5055439463850805,0.38515700976531836,0.7646851695158804,0.5189628226723805,0.3451880297015787,0.7412008287604372,0.5288800107241989,0.3145438771464985,5
0.7998651130541119,0.5370620095815384,0.836391306547585,0.8217051549316371,0.5077009702800338,-0.3111092440717216,0.8219184185219779,0.5013415724441326,-0.18341837410727016,0.8476689138845918,0.5032558229238115,-0.025620901259168806,0.8415220391864366,0.5048033684792596,0.06278904382829466,0.7896173669123252,0.5095653238725208,-0.2349598927042069,0.8173754345270975,0.5101779172310651,-0.019707326105741847,0.8250341801960083,0.5351336118250362,0.11369720477218427,0.8022866050332279,0.55736396147866,0.17801370798143107,0.7801266006433059,0.5125074109433809,0.03566427228990299,0.7923329952052782,0.5130459010065307,0.21015642450077604,0.7871173916610797,0.5282641067811942,0.31343488967704697,0.7578716921060233,0.5377241883308217,0.36907044301999653,0.7719932473178083,0.5137646892888794,0.29429039114656963,0.7854135006245774,0.5162398034373276,0.40146552207993536,0.7785027664918696,0.5289001296794996,0.41289284064999293,0.7533537327721138,0.53961069338277,0.3938398855052327,0.7678925883749411,0.5149030029036807,0.42840644146303464,0.7717264279008802,0.5172244570754845,0.4590121953000468,0.7635373708045612,0.5246697199494127,0.43923141560617784,0.7481017301802658,0.5318638874925627,0.4146655727245186,5
0.7912057562176193,0.5299524383764441,0.6699618491647891,0.8137315955000136,0.506641619735716,-0.21214265802999815,0.8258394299800472,0.500792337518393,-0.15113178906867555,0.8498668967751338,0.501517446535769,-0.06904604215506478,0.8493198686903447,0.5051972754161125,-0.02909356025602461,0.7795905918634921,0.5072652014932193,-0.161195157694808,0.8174560322790484,0.5086521224509029,-0.04844249162637214,0.8297235705185135,0.5348106818592828,0.03238009924816006,0.812280878311735,0.5570138159224185,0.06806681761317077,0.7722233052279279,0.5097453632075041,-0.0016706906452488856,0.7924615777964598,0.5097474768816483,0.06897267353668328,0.7916926222868742,0.5235214173174497,0.14203595616133066,0.7702734061100427,0.5299508326410552,0.18529733765365933,0.7687847591348307,0.5105161419546778,0.1520292093105813,0.7903989775431044,0.5146986705310536,0.2119886943151012,0.7877297178643484,0.5258583185978553,0.2483404609391672,0.7674811667558779,0.5320261598170907,0.25071788776790427,0.7674656940803485,0.5106270288942979,0.227921779187533,0.7776532182795686,0.5143097767749265,0.24784973350235476,0.7721322850256659,0.5211866159624234,0.24771930532740982,0.759687492637243,0.5245353998204894,0.23647212001261925,5
0.8033126758909189,0.5356144880805512,0.5310840259252833,0.8192060733053008,0.5093235449515022,0.47638836211571467,0.8317870538022017,0.5033572346087593,0.5775023313098414,0.8674164651309658,0.5043351506364385,0.6894130824091633,0.8852773064415143,0.5077847136811598,0.7175301305953639,0.772519179499286,0.5107298667069926,0.14100904805971626,0.8330298484933559,0.5137028573132508,0.3677937218402969,0.8659943569832734,0.5385736861308753,0.5334419201132863,0.864225967434971,0.5583030528081189,0.6113455382455479,0.7762787816686156,0.5132057874779647,0.1720278042097788,0.8134430196330429,0.5159476744466972,0.34363643825232465,0.8236130828246097,0.5291535292751689,0.520263564894579,0.8112759527496352,0.5321786438706216,0.6324187024444404,0.7849939759717874,0.511898188376509,0.22576932959628543,0.8204081970115149,0.5200635625780691,0.3733478846412768,0.8272190422280403,0.528971710632111,0.4901029706482012,0.8178934705563302,0.5309698313773322,0.5528737457378303,0.7987933997697529,0.5076864546124178,0.262799493623175,0.8236054047307887,0.5175160596085536,0.38542756175552245,0.8253539422607737,0.5216676652315981,0.47623454008161453,0.8197598816268962,0.5207500848621581,0.530847114343198,5
0.7736194519273368,0.49766844102776864,0.36756394256008784,0.7851473402577912,0.4737938201276778,0.6244997296912143,0.7869904352266446,0.47775988578554923,0.6317610581982848,0.8145349713318001,0.4831035542744539,0.665454434630195,0.8297524432362474,0.4874975830077339,0.6326420853840933,0.7315989777192543,0.4821780743688207,-0.043901617408633346,0.7853392847125183,0.4971276084281347,0.13959509098427247,0.8099015145066468,0.526752177272268,0.2989472112078704,0.8061398057758736,0.5493930566171589,0.3723722451544151,0.7394897581866272,0.4865454752725021,-0.15828083635526194,0.7735212721975147,0.5037584764360613,0.05221771953745412,0.7802888044625728,0.5196407458581823,0.22976356636953682,0.7693070127465415,0.5242417635418855,0.32461697920419075,0.7521874375820317,0.4876799211651646,-0.15835097670313106,0.7795239346984723,0.5084312251893452,0.052697847173210424,0.7820064469474948,0.5202770277839895,0.1851843933533909,0.773574921307771,0.5228735720600103,0.23906716569549696,0.7689967813913435,0.4847762359726715,-0.10814987740209696,0.7904994712219877,0.5067999355242873,0.043162435648739096,0.7893788863073599,0.5151393286463555,0.13775736168410685,0.7829003049955895,0.517175854773566,0.1826051031780452,5
0.7392433921610521,0.5014455118730964,0.7743246608387725,0.7405827766260568,0.47934673405733136,-0.08898879936247844,0.7277342235665364,0.4762436372364584,-0.09100709187463124,0.7483574997068206,0.48142688552282736,-0.024377853938932853,0.7429110650295417,0.48739679770975813,0.009367238267538056,0.6936935473546836,0.4703900154845459,-0.6347189570346855,0.7294481424349961,0.4902999386510011,-0.5113164214241456,0.7298024448702741,0.5259612889130272,-0.3374336687825021,0.7008565389280402,0.5553535858424858,-0.21530818980226682,0.7010640983915987,0.48161389197227555,-0.5529337703014207,0.7133050556503177,0.5036467544095535,-0.42288089364114106,0.6987433524736184,0.5266775825856146,-0.24241985915700387,0.6634638823400767,0.5392431505327991,-0.10943617406999473,0.7052174150442472,0.4938393741759869,-0.32203047865034096,0.711469242127098,0.5156053403744103,-0.16635876269341776,0.6950689301800488,0.5310503405563543,-0.035057279273944364,0.6644638004636236,0.5384660238618058,0.04368839878032419,0.7074478257195443,0.5042587948567234,-0.12933940173225827,0.7072533178952951,0.5251555617641186,-0.018047271093625385,0.6894891322211284,0.5371928946462644,0.05277235404451944,0.6673182109220673,0.5425563099777645,0.09689683470739575,5
0.743277476292749,0.5590380178237983,0.9222262374607252,0.7387779840086165,0.5390828667167618,0.19469218512811498,0.7360241929351068,0.5376802156702346,0.23494564208913224,0.7547643860047838,0.5327262226343059,0.3051175657973761,0.75009262316366,0.5318286031448386,0.3238166863754382,0.7076749931426214,0.5294319546582482,-0.16775518239271991,0.733350821532471,0.535829624963717,-0.047870430826445445,0.7388745595553781,0.5678998845028759,0.0769247098010533,0.7225133253342743,0.5932335071653684,0.15137533564593103,0.7130671923945571,0.5325349241539138,-0.12920692277779336,0.7213221352515422,0.5402745833595561,-0.05099851015823608,0.7154751281728432,0.5584738862085904,0.06206068776301209,0.6887735641329373,0.5696550995001339,0.14538831412076134,0.7168052243210734,0.5373185378918651,-0.019411252859611636,0.7227850178892334,0.5458166910232124,0.10154695009192903,0.7166672527450801,0.5614669337554232,0.18613192161930975,0.693075393954105,0.5713090795208688,0.22763094093635755,0.7193314767895139,0.5392266008170615,0.06615232753580903,0.7207800571046898,0.5465332017092072,0.16935600422706648,0.7134127131030775,0.560731726754246,0.21811561742728056,0.6962194219965632,0.5712759593744506,0.2417179794044924,5
0.713518132554544,0.5948334106956301,0.8640080743232259,0.7055983249000191,0.5673445543739699,-0.04545356926821564,0.6840485911263054,0.5647085765841147,0.12122908599771554,0.702489805684614,0.5620481904626105,0.2781883009289538,0.6990219665137742,0.5648202219162375,0.36157879168267226,0.6624995301794141,0.563809193554594,0.018595815606058486,0.6855563546256246,0.5628482632602894,0.18369175580908975,0.6862579576547784,0.5929929447833799,0.30710847741971165,0.6642744222344367,0.6198414896750126,0.3617890358899533,0.6669130634302276,0.5677519218281522,0.1742852823944449,0.6734786211844765,0.5685375067543917,0.24457188052567688,0.6637135493760201,0.5890798073189977,0.32184331150971335,0.6340891330275089,0.6021095317728707,0.3811880091958699,0.6693434466112075,0.571923743389438,0.2998498562985804,0.6768415438729865,0.5759686090006707,0.3431286830441933,0.6710420412890499,0.5954258988319595,0.34250020369727896,0.6472389224416387,0.6106838538715835,0.3413683584053439,0.6738717597966047,0.576153642873955,0.35187982421185143,0.6833675386147616,0.5849919173390711,0.3546964736166213,0.676298909180871,0.6007557676554667,0.32532578766795733,0.655581622902923,0.6139501084078866,0.30949488769676625,5
0.6906928084750252,0.6090095186828164,0.743672450477791,0.6727048133286799,0.5765068623578984,-0.13347614979621258,0.642051144545349,0.5728582624712903,0.08313551119864934,0.6586247182960125,0.5708131764946132,0.2744204820330936,0.6557761214768066,0.5717248063351515,0.37927046059599057,0.6231620833924995,0.5761882674907136,0.06689699046119309,0.6440329754549047,0.5709336288655299,0.23665204463770304,0.6440118629271587,0.6001479222656139,0.316518020656942,0.61667000653706,0.6278375064640925,0.3273603724937667,0.6291317163261402,0.5843797391625359,0.24448173582612437,0.6294143562833986,0.5785482502168366,0.3572807807520652,0.6162695368774052,0.5992060108714445,0.3903012050126385,0.5829595057259971,0.6144639999410095,0.39144149590790117,0.6351013883688784,0.5911985690052581,0.3686678912116394,0.632410470837906,0.5897001289240005,0.4392401836574559,0.6210167763065136,0.6050134465660121,0.4116111972863373,0.5936225247043506,0.6182995075908684,0.36762456259914184,0.6437349835968855,0.597643315002371,0.40155081051288827,0.643614811255478,0.601361203076889,0.40841879828179123,0.6331285129188643,0.6128818647892725,0.3670323783971188,0.6133959659450308,0.6240816557591573,0.32533562188465864,5
0.7181185131088934,0.6137888292307933,0.7514964531182255,0.7057050695926013,0.588878291850339,0.03742697997933452,0.6940938396553955,0.5821220248854306,0.18383449182445874,0.7162253800885361,0.5779729300928221,0.3463861003735789,0.715319160355852,0.5771313307490759,0.43118680691382893,0.6778464900790606,0.5759986399151332,-0.24356602572410657,0.7130421301553649,0.5801016154483255,-0.052213561580203474,0.713995114069118,0.6101406226505013,0.10769649002281471,0.6872701336105639,0.6341406002863922,0.20170309186797902,0.686424657429019,0.5803960112059573,-0.080622291083011,0.6955777424674843,0.5845937365192267,0.054315718256785786,0.6786455349218792,0.5987638687953472,0.23233256106050418,0.6447836189215255,0.6021935955502379,0.35419500374293456,0.6920304272997333,0.5844496360047976,0.12555245167586573,0.6995610744017021,0.5933903575174385,0.2324757405150527,0.6864342253008305,0.6050670690464136,0.31809071546796863,0.6578855243895749,0.6099610632071724,0.3699353326368779,0.6980131601169643,0.5872574142019744,0.25890323364545204,0.7067546107704847,0.5951595381346585,0.33254690177615154,0.6950191359048393,0.6046269427764539,0.3635545178027805,0.6714781315948016,0.6081589607908543,0.3782449363827094,5
0.706151611781854,0.5841558946016161,0.6577380427443331,0.7053166624338778,0.5662504981175918,0.0017487777517340725,0.7011179162960587,0.564486481586821,0.0993461452968016,0.7180679444691183,0.5625240619650616,0.20704901449157584,0.7102033524875442,0.5639572148228384,0.2685194428816347,0.6733872884766038,0.5599365831385997,0.024589905901345726,0.7029955718218304,0.5618407099893103,0.173740003354767,0.7056194949539717,0.5903084685860316,0.27064517703097707,0.6810402327190948,0.6171829420213312,0.2989852153734641,0.6745413973787707,0.5646761107216651,0.14739470884334757,0.6897690463903297,0.5677457050094781,0.23330292009438383,0.6766643182007748,0.5848524201309919,0.2946045456103452,0.6450262197451431,0.5938579573611427,0.3220544908675564,0.6768795361738486,0.5685634845827198,0.2541534412813677,0.6921674864472346,0.5748234366190632,0.33742689945483245,0.6782770525040159,0.5907253319650648,0.34285150264830716,0.6485049302898519,0.6014880994498221,0.32143806884447396,0.6796499173776556,0.5725688772679661,0.2983739335443871,0.6881032804402185,0.5809248152196312,0.34793397066936954,0.6748606639139275,0.5960451403681721,0.33084472831100115,0.6502066717237915,0.6078118025075814,0.29992064141459573,5
0.7548741068819003,0.5534111781021477,0.5769739535127723,0.7628009219249523,0.5371452963920219,-0.03433607434604485,0.7664815917018764,0.5290245133432792,0.0721770165747049,0.7857315227293106,0.5264442740622303,0.2036906488878881,0.7853420503744055,0.5268268029379691,0.2874518675875926,0.7377003430456622,0.5260943453848854,-0.07436735973984078,0.7685273705013757,0.5297865498872029,0.046128030541138794,0.7744457318133,0.5578392624709994,0.13293913572962282,0.7517346045113532,0.5841098226850103,0.17363232280770996,0.7354917363808006,0.5331219652989264,0.11015891026650818,0.746592660724043,0.535011651117559,0.1639087511444441,0.7405573511627238,0.5506665428969694,0.23525509934367342,0.7054137751710683,0.5620346090654628,0.2714593281457194,0.7299057067975984,0.5406155585333433,0.2840907386149484,0.7381913984104024,0.5421794629938312,0.3264517002687399,0.7298371785186356,0.5535244832502927,0.34020233911117187,0.6990882416863592,0.5629304801002611,0.3315697426347782,0.721437287514784,0.5466108624704089,0.3703432020481558,0.7187686313794249,0.547073903823109,0.40544049704583907,0.7081731559749908,0.5577445061548642,0.3950038701852109,0.6826063617598415,0.5667215795914616,0.3749208689548964,5
0.748634733796605,0.5414166664017072,0.4966978820588086,0.7639284688037408,0.5309481783404103,0.4285622309115733,0.7879139547849618,0.5241459266121883,0.49398723932838645,0.8175196554271367,0.5190966179315114,0.5659184649020904,0.8322574622367416,0.5189982653423246,0.5830561485436045,0.7465460370576147,0.5144262382379015,0.20464645571094467,0.7903120689021598,0.5140093629989024,0.3458708018769118,0.8062475116284367,0.537193498926944,0.43819521424825036,0.7948196067990256,0.559265597730317,0.46504723151233074,0.7440221080966611,0.5143511468787885,0.22124733858228887,0.7687466319235686,0.5155775171284463,0.313342332046869,0.7718157977351997,0.5288577075983554,0.4169627230907198,0.7535449765905963,0.538574758712184,0.461667823099118,0.7432929815139425,0.5131506940633773,0.23655477444892345,0.7663505450996352,0.5175143898175754,0.35561297087779425,0.7663741630060139,0.5282445189757227,0.4282009680859828,0.7483641724291561,0.5363438301610226,0.4424568235922743,0.7413896932906773,0.5113351519786543,0.23539525336653555,0.7520602957508732,0.5156690642284308,0.34878783846223205,0.7474657204617661,0.5264442513669227,0.3957843521783291,0.732364473059614,0.5346329946178994,0.40231477356125306,5
0.7401566229305492,0.556455952443659,0.5409559160939446,0.7525058896832217,0.5341923360915739,0.5641790540984414,0.758783622050176,0.524870436508765,0.609730086906319,0.7941805066064299,0.5204739212578227,0.656296629877185,0.797096536343549,0.518271925223667,0.6352553991717506,0.7080234652503496,0.5250300811098345,0.26298608853760275,0.7522854668974033,0.5252151510116928,0.45263314575589525,0.7701316174620704,0.5477298142017865,0.5793505300314838,0.7607755978760206,0.5656999369099629,0.6269829114264927,0.7113969040810983,0.5246407799960517,0.2192305612400036,0.7317768890114613,0.5253658162875553,0.37631127425078537,0.7353500226546481,0.5370920226436742,0.5070946829760137,0.7231948115698471,0.5399447317986565,0.5897986561674172,0.7174092025435188,0.5219915009968212,0.19501317700991155,0.7348917667960899,0.5288387579093369,0.37037350849871975,0.7356164727524194,0.5406045007082696,0.47913458853325225,0.7237804514027428,0.5461366397878636,0.5268583783465852,0.7294389157326887,0.5184149493746791,0.17892698779834404,0.7469104136189177,0.5260976208700303,0.31409340700046645,0.7440346662494353,0.53368409584699,0.396444982867302,0.7353683452893685,0.5379229707671925,0.44508372077396724,5
0.707024392806876,0.54960885565324,0.5066111132437058,0.7048869926208788,0.5194946322993177,0.1520339232792746,0.6961243986842598,0.5093051787389812,0.16416279270549639,0.7185678167009626,0.5100375477583912,0.21614584595392397,0.7116366421181587,0.5124617319461235,0.2278843992589878,0.6473174960101428,0.5055170210486041,-0.23551256301928858,0.6826752277576952,0.5127531635370396,-0.069319468713674,0.690955664342298,0.5401970376653066,0.10715872543453561,0.6723632189578935,0.5633559990659495,0.201753693002538,0.6575143059474681,0.5141057713396103,-0.18938709681074783,0.6659129294208265,0.5210204043124699,-0.0028065070613284408,0.6594635355232467,0.5341086035325229,0.18874007444554602,0.6376379219349723,0.5397540741825556,0.3019389670346106,0.6661902906266733,0.5209156164410639,-0.06660725601768178,0.6681609487677865,0.5290520465870165,0.11824193798613448,0.662145894264158,0.5389500448389005,0.25717354853731395,0.6467065923442419,0.543445750376819,0.32114316943649923,0.6752904668074331,0.5258037980601519,0.031349118848678456,0.6774747330322173,0.5349374279172504,0.16483835571186026,0.6694861684427179,0.5432150169399906,0.2385606994645675,0.6600465651036155,0.5470483118129634,0.27568743601400386,5
0.7332389387455933,0.5487467445676398,0.7497027482445118,0.735787338587868,0.52118132990545,0.01656958470860363,0.7218556663780168,0.5138275130892782,0.07841575802850002,0.7385772552704651,0.5151212007422271,0.18764445342899286,0.737645236635138,0.5177239381454067,0.2464592678197449,0.688058584900197,0.5090939873193853,-0.35872748675039384,0.720862054209101,0.5157304335739115,-0.2160495929307655,0.7298149194177957,0.5456841882286043,-0.054755613772802116,0.7074395866966819,0.5712207704976823,0.05004920792801664,0.6943107164539386,0.5167800090999284,-0.24425205078813053,0.7017461101283636,0.5235407732505095,-0.10118736463422513,0.6935379540354123,0.5414187511061096,0.09763134851854269,0.6639430690908585,0.5514997461762802,0.23455339919477014,0.698923572302997,0.5234562863396934,-0.05265102692466195,0.7037270897359736,0.5307609288513687,0.09263559901339513,0.6962151850296175,0.5438221024685888,0.2449007293944647,0.6728661575622582,0.5518414156881142,0.3340396897715614,0.702577761302256,0.5265147880395866,0.0835662801927788,0.6971653658492118,0.5340930179990736,0.1952760301591075,0.6860194066543661,0.5456433091484271,0.2734047300568021,0.6676889553206906,0.5545886739490524,0.31989248861129144,5
0.7442311568067214,0.550702854704109,0.599027878450068,0.746090443957609,0.5273764647735153,0.19201265684156577,0.741736003536708,0.5200374692906317,0.240984826822322,0.7729374956061597,0.5185645980391683,0.31286690589524263,0.7772992233206861,0.5187185993322354,0.33447739469563564,0.7043383505436862,0.511998786679608,-0.12616873079745047,0.7440606119694082,0.516586355065496,0.0077023885016070555,0.7610085650412531,0.5451645030292263,0.1259294772748362,0.7463973202664795,0.5694944439291231,0.1808748355530401,0.7109602488561548,0.5181310790976996,-0.09808383886424688,0.7269491971789159,0.5214657927939843,0.023131022952012647,0.7270391417963182,0.5367692858432466,0.1501042761362898,0.7036042938213589,0.5433273903674289,0.22178771916495416,0.7154133467658638,0.5233075234311552,-0.012447848219303871,0.727124477546553,0.527363747065986,0.13392503324483157,0.7238293447221373,0.5395512742535915,0.22653227748962776,0.7020762776389319,0.5457448772089938,0.2558073727666005,0.7198956409809545,0.5264416822150884,0.051101793069027054,0.719818208339406,0.5302465008216224,0.1504197181090962,0.7110488237141024,0.5404963998422297,0.19071806665668947,0.6939157511196631,0.5486680328707845,0.19875211175720595,5
0.7761732309871827,0.5406921943384367,0.6846733297054606,0.7867323643905034,0.5094210514758623,-0.25437464615433175,0.7859455557263689,0.5011143752644687,-0.15347831822040867,0.8052795407771106,0.5050378393970671,-0.02443064713940297,0.8114974275643996,0.5107726547795244,0.057970228752797344,0.7427323512170566,0.49609438856461596,-0.2976545184873283,0.7821192588634945,0.5038782153437004,-0.18217930636102606,0.7961514445009324,0.5354901400432139,-0.06843926235843417,0.7770496025869477,0.5632283072832607,-0.009539216978576907,0.739239420134733,0.5069121921269379,-0.12321359197055617,0.7553938243777875,0.5124228070197666,-0.06100327585301523,0.7552741339181268,0.5317843602669752,0.046137557103410595,0.7282162476256335,0.5430170569414753,0.11456024695316637,0.737926537591673,0.5166967672146553,0.07031908367511923,0.7475330928918573,0.5221478226237672,0.11853488300483893,0.7423579452230017,0.5368026162605568,0.17671002353818108,0.7168141903526986,0.5463564886149552,0.20250848780370828,0.7378674382451862,0.5249959070270683,0.18149768708174718,0.7373314431708976,0.5288627338196783,0.19214329587133913,0.7282682727682168,0.5418004777894462,0.1876415925864058,0.7079686490292969,0.5526725918397041,0.175932353268095,5
0.7942768252789266,0.5324260285581065,0.5585080842762828,0.8022991492230374,0.5060350961011377,0.36398724906322677,0.8226880181539089,0.5005615387982325,0.45304436526528463,0.8570480134529807,0.5015669238298323,0.5497400416512667,0.8624752657592907,0.5030530813934715,0.5776556053395316,0.7708690354980586,0.504202196994292,0.030739333399846025,0.8257216716116451,0.5070527563304092,0.23640305057837746,0.8499728797829961,0.532136599365922,0.417473160468271,0.8429136617248746,0.5518542624248661,0.5108565828613544,0.773445447389471,0.5078009603842286,0.09116966710202774,0.8037750474625217,0.5109944146674361,0.26871301613438203,0.8109209433623762,0.5233817033575979,0.4896286587289884,0.7958056390716765,0.5281314696208244,0.6275241152479464,0.7776986983713858,0.5078548459523085,0.17676775397494654,0.8054006546438282,0.5147830597786763,0.3343980696137031,0.8099016124836635,0.525753350063108,0.475368945247126,0.7957820045072918,0.5309259118057105,0.5522587913165719,0.7845648470003332,0.5048786175726662,0.23301993143854324,0.8059080197248426,0.5121181846744516,0.36092158087093407,0.8053468645084875,0.5203972289458269,0.44277073084192803,0.7927958100352069,0.523168875327118,0.4902695886126332,5
0.7926922843270818,0.5115614465297496,0.5174125303242961,0.8061563103835707,0.48925273587112406,0.351737748470325,0.813626475821018,0.4858690543421376,0.32399513398451935,0.8481303344062942,0.4908867773703251,0.35905491814884893,0.875146064150416,0.49696691580785785,0.3392819887880906,0.7639749626288795,0.4830420547636118,-0.3105516329595983,0.8150565498083192,0.49892225034347376,-0.10566001436108534,0.8440225206151796,0.5280252851537223,0.0909747121837662,0.8450422924415738,0.5504160123085322,0.19516695173026585,0.7709141603335955,0.4880111632757534,-0.3491721216368369,0.7942743225784324,0.5060439041997894,-0.12115426124374644,0.8064219504964294,0.5196480863464402,0.08662081467799644,0.80375933714846,0.5245450714648321,0.201128648399962,0.7816841753127868,0.49105912356323217,-0.24744691427019783,0.8052414545405475,0.5125148414645332,-0.02810075586989595,0.8094445333582343,0.5212644908193084,0.1291192449491495,0.8030424721742047,0.5228341699300407,0.1918094515559032,0.7954091688513121,0.4915226134710824,-0.1264310064718943,0.8084647828766037,0.5104371660128746,0.009908043673807298,0.8048482508747531,0.5167983658560688,0.10814520985564421,0.7993824213171117,0.5186276554487266,0.15332361522158633,5
0.754304698940442,0.48532858697414427,0.6001516220111884,0.746739882255336,0.46644017553797945,0.28697336008726765,0.7447502687617714,0.47141157040344933,0.2660282886389739,0.7741793819202012,0.47974048808978387,0.3071969814406062,0.7804485750843406,0.48706119849765045,0.3004801531066544,0.7032485993467446,0.4600411042091783,-0.47497060955422193,0.7516144663359813,0.48401395345420706,-0.3028746758131341,0.7647696411190239,0.5188577965226382,-0.10572084203118218,0.7477871590499529,0.5456172650911935,0.014804736453848227,0.7190137471026693,0.467207311402804,-0.5065777243307704,0.7439814450262012,0.494431061878475,-0.30653035837902187,0.7396531134288344,0.5168430410999677,-0.10766783426112755,0.7149483885323349,0.5253164232433162,0.02128392107954706,0.7326037359667673,0.4741062807988459,-0.364108302422055,0.7456947506466055,0.5009648350490985,-0.13644674397078135,0.7382842497490882,0.5181961214336915,-0.00043350393636418987,0.7185297826873142,0.5242102328512082,0.06217428475721013,0.743270743415614,0.478873012316808,-0.20682097638976815,0.7522152031937619,0.5031979448252129,-0.05692428653532202,0.7431156044856048,0.5154376003848418,0.024707634143731477,0.729706067201304,0.51949620915214,0.06615345867484383,5
0.7710796747021168,0.49733661361734577,0.7190715313683371,0.7749330392961649,0.48160657170834575,0.11858978784505184,0.7688515639017461,0.4849800740962138,0.2098345364875681,0.7940786615363243,0.48914061803714903,0.3291536490435076,0.7983905982916717,0.49196696245199845,0.3901227691866322,0.7399011261789487,0.48281444702519904,-0.18582096790394548,0.7783107723195044,0.4937924574645671,-0.03794324212431419,0.7919080192523255,0.5256195052516685,0.09788636431254276,0.7728974185985976,0.5525348904242448,0.17428833466621188,0.7437586375567986,0.4871574095881559,-0.1012522916283501,0.7601244048827271,0.4977047421988288,0.01127870111654068,0.7575081897921437,0.5194892871171171,0.1484819821581219,0.7290362785087705,0.5316120007142541,0.24272564491098048,0.7459403544450999,0.49114436972430464,0.03847967440837849,0.7557704413937125,0.5011709197666158,0.1752820714452945,0.7517236209993072,0.5198515890479734,0.2761373344762529,0.7284243189708798,0.532052511560065,0.32629230512721424,0.7475600505770077,0.492732156504645,0.13123972492820976,0.7515331362385935,0.5044283783918719,0.24051592502308528,0.7469086883989967,0.5206067608686881,0.29291832228613723,0.7313373425552464,0.5334720278343373,0.3171011666975867,5
0.8192841019210003,0.5353548589169835,0.940619759918802,0.8401325181225294,0.528135363010568,0.3436165980606603,0.8555785357570145,0.522788445973325,0.36481521166074876,0.892252112940978,0.5209153254318252,0.426538459045645,0.9036121891560318,0.5209321821856812,0.4346362778698668,0.8195292195385487,0.5080977594511347,-0.12715469463951365,0.879257028994797,0.518204675158414,0.020521310600588753,0.900857598669343,0.5484426289240968,0.16120466823256854,0.8893687251624967,0.5719859735739072,0.24917014119291905,0.8165380650962077,0.5099272748391133,-0.11965093737108358,0.8490109425475829,0.5251993579661813,0.009461724404289358,0.8570100468125593,0.5489515601568679,0.1474341112889001,0.8363470436498471,0.560641379141448,0.2467340189436514,0.815962861911832,0.5132192252909061,-0.028619654149083153,0.8472711197019307,0.5286591734738478,0.14407069021249572,0.8522410119387968,0.5485307632947883,0.22123464448870606,0.8331453254539394,0.5578799803326915,0.26189069277360344,0.8201720548584993,0.5143256102348979,0.05405640604316523,0.8413644365762518,0.5260491997852034,0.20073729576615468,0.8403658329331894,0.5402905764489757,0.2570123951905596,0.823019061931157,0.5475520729609437,0.288968810461622,5
0.7545497310463974,0.5659018304644744,0.5913924941962098,0.7563361404170537,0.545921875176194,0.3588889717098036,0.7573795960549993,0.5439856126947494,0.393114439862895,0.7810030016172695,0.5416585419866797,0.45119573956426506,0.775102879647267,0.5398993420586552,0.436163684718946,0.7269163283530633,0.5340939513362766,-0.13766063800822298,0.7640614781974973,0.5378492206044084,-0.018140509627578436,0.7719799295865248,0.5672736034091127,0.08180757749913752,0.7503166006395166,0.5915562199270803,0.12938036861086075,0.7261348387034396,0.5379088399478428,-0.15401232797234235,0.7407435015937193,0.5451621095974943,-0.012399994145189068,0.7376574211837083,0.5610868553456346,0.07986520670382923,0.7112371974206317,0.5692858972041513,0.12754889860973342,0.7291949608119594,0.5421934482598606,-0.07679254126511509,0.7430654352566328,0.551019493966564,0.12167324880949565,0.7395292123475338,0.5659100115418984,0.1747784764690557,0.7178540268641939,0.5740983487723486,0.1669997563907114,0.736491722355898,0.5430240900378652,0.00011362007138612006,0.748401002584674,0.5486196124531973,0.15893140349343254,0.7446838513270202,0.5616938252925945,0.19763098955627112,0.7326989856192809,0.5709556472965555,0.19520942477771763,5
0.7425797182005524,0.5674731203886417,0.6791184536254523,0.7414959371054575,0.5418956820466041,0.15990483320586707,0.7340449405483712,0.5411569027630034,0.26178823718689365,0.7490433950769189,0.539161884372769,0.37522016349879617,0.7395922656213041,0.5378809977405541,0.4169039442720011,0.7024328376696198,0.536241333348504,-0.13288939833359711,0.7284401850069845,0.5419642277754904,0.07705654079034951,0.7289812038251003,0.569238496890856,0.2351743745385026,0.7038127899335731,0.5931160022966974,0.30436936839907136,0.7038621391093288,0.5411331894242001,-0.05225464926311405,0.710399808432781,0.5475727560083816,0.11225781774595336,0.6965276322633623,0.5609197368962854,0.26039020132289414,0.6687730309428807,0.56598100368591,0.3502011327712515,0.7059881691887613,0.5446123777258475,0.08114984600279826,0.7122057520785912,0.5561188686247185,0.23906938537185618,0.6971017762515105,0.5667925060424689,0.32834983953019375,0.6706384618351555,0.5715394690451507,0.3598587433127259,0.7094593576695067,0.5480222349174885,0.16988185277138337,0.7104107425602985,0.5601564739252812,0.26382451791918937,0.6951771125016661,0.569654978781451,0.3015323128786393,0.674772701137113,0.5750889101324359,0.31298515092211004,5
0.7891249280162522,0.5712334753837124,0.7926769499395098,0.795339215863833,0.5592964650124739,-0.00893277688065352,0.7999848290119423,0.5529261368493151,0.10367081443960709,0.8293212127344636,0.5511868125664222,0.2215034990356597,0.8354596989340558,0.5527800725101569,0.2882383179241322,0.7784148310114624,0.5374878477574341,-0.08009911585891444,0.8236931330113403,0.5436693371105622,0.008016606188616862,0.8338069057405931,0.5722033613818216,0.09415637457628998,0.8128734284399969,0.5964094552891661,0.14179098796999545,0.7727699450396054,0.5431391412957645,0.04459632683933786,0.7903242294101754,0.5498036974146625,0.06471838406255302,0.7870488741807103,0.5684916952177551,0.1372312178980002,0.7584340849244094,0.578213373456952,0.19332804177362495,0.7691728638506731,0.5504403178880547,0.1715793142290883,0.7825462229749641,0.5589533696645221,0.22644497685766407,0.778491206124884,0.5755354997101974,0.26071453357008906,0.7500319561885306,0.5856100449479921,0.2772086132876824,0.7681414843417531,0.5575411866461872,0.23456081450094976,0.7751746991933482,0.5639236343248211,0.2824754953942105,0.7664179753123237,0.5782018150534267,0.2823148483288104,0.7407955377246696,0.5870794256071032,0.2759701935610639,5
0.7828186572766327,0.5416748729397212,0.7155294460163141,0.7944780822093884,0.5170817589846468,-0.5476877451566299,0.7982354698485913,0.5088591879741458,-0.4959642912281633,0.795988776218507,0.5066099943140432,-0.3965615128808751,0.7626770788059531,0.5084601334791125,-0.31456803849080645,0.77297050851413,0.514912602913021,-0.5086106936701349,0.7847226633572318,0.5176133610976479,-0.4149178831279966,0.7729487861107046,0.5428783715800527,-0.3262981178202211,0.7347759714986685,0.56518229953487,-0.2664642541450305,0.7588954715011749,0.5215603185170273,-0.241398541518234,0.7614569881004274,0.5234895360795164,-0.20551915540221619,0.7400497427870292,0.5397465878808487,-0.12787861848853055,0.6953678956112689,0.5505064854062474,-0.07256203062479086,0.7464515927856472,0.5270583545183425,0.051296936477437174,0.7456796685315579,0.5303258611143883,0.044470343241115214,0.7286126688771646,0.5436938638008356,0.05655783367008746,0.6923840084044636,0.5535234097967523,0.06288178272755791,0.7346091637705563,0.5314117315229436,0.22646604822528335,0.727368365492041,0.5377388566805191,0.19327541636135448,0.709658300544117,0.5490201902516398,0.17590036950144436,0.6823527388871469,0.5554230119005131,0.16376241795010735,5
0.7922691177694955,0.5234058712342645,0.8625294870394142,0.8129251797131951,0.49412310413025773,-0.6850529810828541,0.8137409290996128,0.4792725327941434,-0.606034580364973,0.79516466253898,0.47586902881049764,-0.4797882391128994,0.7623295492419034,0.47853560656365013,-0.3724973295028555,0.7862993449603679,0.4986010793115525,-0.41566824960182724,0.7964879930275492,0.4991075503633599,-0.3303046059308091,0.7839710883916897,0.5212137833311705,-0.2908551261269532,0.7470516169346151,0.5404209913221828,-0.25442298701037397,0.7689467494798556,0.5027823877624205,-0.07072105905890146,0.7757287565426253,0.5043290835647348,-0.07633996184162749,0.7579743016656427,0.5213855799172007,-0.053969208769425646,0.7169934533264662,0.5321672577105749,-0.026171691145025947,0.7547522018788932,0.5052824176799461,0.24173012603288835,0.762063034949702,0.5055565878000622,0.1907048740549495,0.7483951245664634,0.5204831708100619,0.14011540476572332,0.7119303605126781,0.5324902014624021,0.1115231768910819,0.7403548894529013,0.507299997155854,0.4054061245273396,0.7342981025290246,0.5082609072559282,0.34902889900326445,0.7212926186645862,0.5209884745233583,0.2917822027392495,0.6944137282550866,0.531800193554312,0.25234643165921883,5
-1.20613261679325,-1.947065915214182,-0.5923771189949084,-1.3285563443873565,-1.967094275848911,-0.21815787814693935,-1.3738859846453488,-1.9835213346845135,-0.6395105476348146,-1.404286148018689,-1.9970225282480025,-0.9824679587860022,-1.4492752050332676,-2.003680696710185,-1.25299718824742,-1.056427367589108,-1.9091113139944829,-0.7827584557833658,-0.9356611139933274,-1.9280241850732154,-1.1319710362360744,-0.8627024499232498,-1.93365304465792,-1.3516356208265607,-0.811975935610559,-1.9330395554965276,-1.4395195873288362,-0.9534373229683113,-1.872544197624619,-1.223250349712242,-0.8269444418819009,-1.8900509001883758,-1.2443468856611835,-0.7476220567273888,-1.9071336032923045,-1.3374449824275203,-0.6830664258392026,-1.9122126120839609,-1.386854431937623,-0.8949745670669901,-1.8408685561646814,-1.4640111146779622,-0.7571680495952586,-1.8559414326583732,-1.4048657910481552,-0.6640100524454451,-1.879447344338219,-1.4428827058034288,-0.5955330388086176,-1.8873480675030314,-1.4491086032683407,-0.8678415234058291,-1.814148510974987,-1.4893112894559026,-0.7500570241671181,-1.8127208055665498,-1.4339284818183198,-0.6801206515671174,-1.8298810261782208,-1.4337436327289914,-0.6302408412095477,-1.8383895593372386,-1.4230907978583798,5
-1.132133698674429,-2.043661479004137,1.5239413913482793,-1.2701678945591144,-2.1011340159071534,0.9580509423673438,-1.332806137625541,-2.116928547312213,0.689093925643255,-1.3833439956693938,-2.1299531464115047,0.44580826281208685,-1.4434438316340128,-2.131450598629285,0.21348450492059984,-0.9694920003369158,-2.0179978450683693,0.7773573210090005,-0.8098970615893176,-1.966795283850397,0.8160048079994915,-0.6654445090550015,-1.9328323046139717,0.6818878435907684,-0.5346538094029991,-1.899425463644864,0.5401854091079569,-0.8601055517586297,-1.9925053443744865,0.30351757510765887,-0.7343308074306973,-1.9853679092623608,0.4534213460272377,-0.6045758933798064,-1.9976253074196486,0.2803322807317651,-0.47448234787207705,-1.9973586803014052,0.11236873242837597,-0.7968522650485138,-1.9760567100076376,-0.1866274365435136,-0.6804729808921456,-1.9907276559480713,-0.1842598040717697,-0.5387663704123291,-2.01866723844291,-0.6024518483757452,-0.41251721580705203,-2.0299362193711765,-0.8730089209754882,-0.7613913582060428,-1.9648942978828439,-0.4410785888240986,-0.626996891813673,-1.9349715359744517,-0.48831092552187594,-0.49865285251276625,-1.9278156111758464,-0.7261603638031351,-0.38266784301979995,-1.9181846408621945,-0.8964814254667697,5
0.22429714224017208,0.6575747541819074,0.29315732648155224,0.16307156440075693,0.6615358569057186,0.4657476541726876,0.15174711237162128,0.6478777507598177,0.541181144557473,0.13972720381472967,0.6347803686602409,0.6064753928300183,0.10924378991874902,0.6254433701562229,0.6192596907262579,0.19537754660576684,0.6431164186044729,0.49153398091697104,0.22621228722725933,0.635362171445966,0.6213766638807517,0.2219469825347738,0.6537999805354076,0.6658787509075403,0.20121653754147872,0.669596983692935,0.6612450478109639,0.24282727103330928,0.6324632234423965,0.5534038035161252,0.26059272746869505,0.6254602541661962,0.5854005971442112,0.25069114274410764,0.6515336601531314,0.6273276515096918,0.21358371204440313,0.6740148282789661,0.6134768658027879,0.2750921807812389,0.6291618046517438,0.5338119824584038,0.28449791670940233,0.6229307107339254,0.5533486254437563,0.2747579965778679,0.6508330972604134,0.5611924590924793,0.2423821163642935,0.6737395593030129,0.5434101356947092,0.2918669841637405,0.6277709420019033,0.47931860111046637,0.30353211761919685,0.6263244243534163,0.5469611899413434,0.2916950106688762,0.6450409090764772,0.562828072999513,0.25882023610626564,0.6621372046751691,0.5461051660144683,5
0.23328632007007766,0.6494597423666679,0.9339060434774317,0.18737526776901064,0.641260779920071,-0.31064132416751783,0.14699138131276515,0.6297698053993971,-0.4119127331611196,0.09708529650280334,0.6213089245210537,-0.450978165479116,0.024073143901946426,0.6143604172450517,-0.47877369991412244,0.20566855750219032,0.631851884842405,-0.2108831174676194,0.22604138115083347,0.6313030286146611,-0.11596397440484064,0.218359510576679,0.6592399968596933,-0.054114360922141634,0.19004258036959476,0.680302482705786,-0.009396788606953758,0.24667509000799942,0.6242167451769965,-0.08951348866290222,0.27194396265104803,0.6270663520237773,0.03894227814743939,0.2543399398325128,0.653614443891442,0.14204764462612737,0.2134313346675855,0.6696851803565214,0.21953952295225834,0.27746912733408846,0.6189517660788515,0.02719370443951238,0.3067390090329955,0.6200025582120048,0.1309889334869741,0.29562001269181865,0.646289097918842,0.19491323429888815,0.2599719944703311,0.6668461943101768,0.22523938903521432,0.3008242220481629,0.6169713482416991,0.08187614902726847,0.3346297867791184,0.6185560683110057,0.10534125122716982,0.3279506396406125,0.6374630586121224,0.1251175773871176,0.29908223519584676,0.6552390458834232,0.15025177005036067,5
0.20912226502437098,0.6637123164773707,0.9243456104961933,0.15443331742960895,0.6621985707407755,-0.092235965805608,0.12823979028090615,0.649858297904602,-0.1318852938455357,0.09656567879818345,0.6446341331239613,-0.13992095460546286,0.02372885219097803,0.6379138358476402,-0.16061693810837052,0.18329452011209435,0.645441678933275,0.029257980450487907,0.20549866497589417,0.6446246784965094,0.16114116332110318,0.20532672705345825,0.6696179894342585,0.24550675496826552,0.1843868139716882,0.6875449047625217,0.28625073673386936,0.22702642566603964,0.6369256662189988,0.12476417969935158,0.2458416966411839,0.6398094113559811,0.2037211087486105,0.23121673776023666,0.6694968136531753,0.26338692888958554,0.19285838383172044,0.6874839288380612,0.3186511354566228,0.2584566722182466,0.6292927382978354,0.1889847193899909,0.28422392495270343,0.631256173123595,0.2645357194525276,0.27262999979352504,0.6620758596725186,0.25782537940391287,0.2347465352608729,0.6838977797657513,0.2531733511860202,0.2837416621926322,0.6239315961129556,0.20519850088184138,0.3240162559089482,0.6253551956387955,0.22255994454726635,0.3220676569983668,0.6504209259580458,0.19005467976326665,0.2937898589054996,0.6736200110304785,0.18155252558600418,5
0.18627671607261465,0.6654184001727603,0.6361146457339312,0.1313280250637907,0.6618006119091503,0.6218943723059321,0.11253502445853837,0.6593411540322887,0.6184602653071717,0.09461919087667736,0.6534280272378886,0.6283384279791966,0.04256020571128078,0.6465745117412299,0.5951514443223487,0.15086178656406043,0.644054173416277,0.23574366686259435,0.17772545649943758,0.6480940036332921,0.36721464282546773,0.1734105972193733,0.6736790271248448,0.4983935609864685,0.14904504443870575,0.6922398875998648,0.5733372652537025,0.19657875231170824,0.6366688015241406,0.17107221089378996,0.2154908100485712,0.6433875154532614,0.25051362519060744,0.19339798370112266,0.6683558570948799,0.3915685268084514,0.15498157838237395,0.6818756393682411,0.5143865126273779,0.2316119833790807,0.631013262123925,0.13076852959954488,0.25441077297991227,0.6376736152072667,0.2547253364873764,0.23691557988011963,0.6627097178606615,0.36410402130931996,0.20286924832314887,0.6786460028756612,0.44201011271232343,0.26146170201194535,0.6277912969569602,0.11373238418176178,0.29855136912386493,0.6339389089484873,0.21885932501249228,0.2901382829543127,0.6544189857706268,0.28466943825152446,0.26167749577838273,0.6706519261476317,0.34677240563722767,5
0.20923116818257337,0.6531105551940963,0.6617371401117763,0.15955616565933128,0.6625119137410916,0.4802816621326755,0.14903378033596684,0.6533788037400801,0.4337747009125407,0.14944613336194001,0.6513383064695317,0.42226318896922244,0.10708953833538563,0.646411725016489,0.3833062556891736,0.20563840978803571,0.6359739620833342,0.19767961653489644,0.24518965911129806,0.6369056732266821,0.27586609158018804,0.24329717061803996,0.6641511428508434,0.3413886969245147,0.21958450824496534,0.6864828597499172,0.37283829242106703,0.24932456945558898,0.6272859910516655,0.15351123752040285,0.2797245581859736,0.6335632253057483,0.2086661184135604,0.2607072403321947,0.6596595806551666,0.3011424559276471,0.2187404832703894,0.6772773265204383,0.36432013614761644,0.2789545240979348,0.6208973843433289,0.12459614788172753,0.3147207994743212,0.6253810863264719,0.21849091584506516,0.2969601260031453,0.6505154093576568,0.2628202708993543,0.25465237107907385,0.6678776768208462,0.28004925240934214,0.3012005829191907,0.6159920168829291,0.11166122453026771,0.3444719418112302,0.6222885269330867,0.19212165812330922,0.3338525465626864,0.6397824789870613,0.22778372545460074,0.2956840257421021,0.6526020642002421,0.25213905929390784,5
0.19716314249434605,0.6533563137585146,0.472918077352561,0.14675397866325404,0.662358217016253,0.8368784206878509,0.13802061226979426,0.6564932358845605,0.8440051815710461,0.13185083864810143,0.6488989090948177,0.8557822962637187,0.08395615735451853,0.6406988871707594,0.8168386647595287,0.17546054791927157,0.6377967366607076,0.5531551490063417,0.2103189931769057,0.6345735864353614,0.7000557352336131,0.20742349058271853,0.6578385388196942,0.7924255418997109,0.18510177390706808,0.6756937332801294,0.8211200385875894,0.21870781531866665,0.6295903874195997,0.4775390333351876,0.24210920478108036,0.6295639766566441,0.6018146566736825,0.22884275182067657,0.6519608765697695,0.7095453462992418,0.19917703255594116,0.6673272761919526,0.7717439249384223,0.250830960080662,0.6232199243592137,0.3747498721044448,0.27568493414989537,0.6229849977194386,0.5366889117027223,0.2645617528965994,0.64565220449596,0.6133456328734204,0.23624423081987014,0.6629381053427451,0.634765912274063,0.27860158336286306,0.6191473216061788,0.29390843728612714,0.31331894856456266,0.6186365011130249,0.42455445311709106,0.3065374056176133,0.6362384491565092,0.48391921364048635,0.2824627749266527,0.653345072413798,0.5212882934950711,5
0.1109390669876066,0.6590382802203748,0.49268026736117637,0.04489352852735487,0.6592333808084586,0.8110552635911094,0.024573733193595983,0.6509264547902343,0.7846778172331885,0.0001651630016929589,0.6404471866044408,0.7697986246495253,-0.056391822303501274,0.6272638375803911,0.7161163916974413,0.052792159116590735,0.6367674469240917,0.32725943549802894,0.05953613619292786,0.6336381081384694,0.4751375858523721,0.04752370090486541,0.6542191126915579,0.6009087796680208,0.021972831923855927,0.6671026111884253,0.6658504121159297,0.10438540365277137,0.6296062533964919,0.2237248278907362,0.12128383048146713,0.6269071418875682,0.3716413875565401,0.10534337107707367,0.6509351656771308,0.4894344678735373,0.07358699709320178,0.6672616240776402,0.5688188604095782,0.14480589526901486,0.6246607516306739,0.1594018188729481,0.16322514329713375,0.6200956951255396,0.3729401807686022,0.14975485910395242,0.6400785017689437,0.46172923724219617,0.12200288209407485,0.6528842879759776,0.4955977517738851,0.17634305251325166,0.6191375741629124,0.12764410655987324,0.21345660095575986,0.6149226039067938,0.29857422763455393,0.21137707589888227,0.6297040199869113,0.3733441804819908,0.19305186499230959,0.6413421866288094,0.4242607481144148,5
0.12153145488219157,0.66432013324523,0.34746402659331665,0.05462075076568599,0.6621995623325486,0.8516163713709279,0.02319042718850962,0.6509225531213628,0.8251153776164785,0.0060846478927227,0.6385895643784594,0.7923072545471496,-0.04405883991718195,0.6263443696132572,0.7194201059033455,0.058187713252790714,0.6355457972260806,0.4408460563207691,0.07720646501520961,0.6291649706463168,0.4895161917871865,0.06633116038497305,0.6461168578621768,0.5503978836003436,0.04029855499479736,0.6549813680320714,0.5874777583163214,0.11004550596707667,0.6291475078232464,0.2764909771061303,0.12597754464907504,0.6255939706856182,0.3658887795968784,0.10750118919124292,0.6443999289806874,0.47511575758135305,0.07645109028772798,0.6542530573536275,0.5509484614224377,0.1527752904983393,0.6229811793917657,0.12127655146901842,0.17577765249317615,0.6208410477181061,0.25575869962734316,0.16186300963283365,0.6369792741634731,0.3610216673953036,0.13288668812686144,0.6470979471570001,0.4209730588152097,0.19021108324589514,0.6176780378785163,0.03480947736681236,0.2244321094220681,0.6180385007154111,0.1520547741748178,0.21692435827287115,0.6290386038172154,0.23840011534812566,0.19387845648105828,0.6370875894725425,0.3065321945125764,5
0.10847474409342688,0.6668669886429128,0.47513455871262467,0.04306989861122363,0.6593768310849747,0.782961553868109,0.005984942083876244,0.6496566116367894,0.7068192415889932,-0.02120983089555067,0.6373331746640437,0.6457179169403084,-0.0616781571007527,0.625273723699158,0.5560088712227438,0.03025762948349524,0.6304919764221414,0.19963759236397863,0.05278437511685351,0.6291205784477439,0.2118116069661774,0.045163932332024134,0.6563626328534587,0.2724598985313215,0.021808174484192686,0.6737053898068311,0.3248821789238415,0.08718266519489365,0.6244749776284838,-0.0015240339783352977,0.11338364414495307,0.6295559786592207,0.04624671859243282,0.10322415436029564,0.6561224440463922,0.15749989249412455,0.07956780913329392,0.671749224688394,0.2583073729094491,0.13596910937958498,0.622244886569169,-0.12749630885978105,0.15354577701766767,0.6254078438927912,0.017392728851417374,0.1443944058586457,0.6421513141599353,0.1735583545859349,0.12454501114295599,0.6507796621038425,0.2763235001471476,0.1754651285575875,0.6213668717758498,-0.1724406951682455,0.19808440828133808,0.6235854049883696,-0.0190630941520566,0.1916917109036755,0.6343025967010442,0.11505177244460867,0.17616361503411368,0.6419496478250148,0.21595457599631082,5
0.07493957228440486,0.6739982548877025,0.6149852953993279,0.006654709198895133,0.6709285447116093,0.7850206776342575,-0.02359728376812042,0.6592412112835065,0.7008181348166234,-0.0574552442636062,0.6453084697273183,0.6392951793980673,-0.11693427850027929,0.6314150309792138,0.5395986893954341,-0.0007244669952168755,0.6361340798921096,0.15632867618322357,0.012787497946937402,0.6343483833156359,0.21536206086008003,0.004092524162691098,0.6641612948407839,0.2974731051447769,-0.022660166951176827,0.6873849939029401,0.3464065914653158,0.058198443468521384,0.6289872067463698,-0.045114397489623446,0.07964734877053121,0.6336544524638587,0.012653599264685855,0.0682175121011321,0.665249117780988,0.11525239102997353,0.03925497062034971,0.6865686753772842,0.2067422348241884,0.10856564326881481,0.6249908715681602,-0.1548468212186906,0.13492690599135046,0.627244853734326,-0.0001571093288839963,0.12258977520587197,0.6512828178743463,0.11452500887471198,0.09059080936927445,0.6662054705024544,0.18595707679092655,0.14855947454520965,0.6224287697128765,-0.18511062723796287,0.17781761461808884,0.6243340487610006,-0.054134634406282856,0.16991151041096417,0.6423074578602822,0.027980147447113263,0.14366449809116028,0.6576938944869797,0.09256647861275334,5
0.10833316998776378,0.6634975000187475,0.8224058776045564,0.048016035038940134,0.6619843869177745,0.17262050936034962,0.009574433700498345,0.6464014192845647,0.09939318870342945,-0.01798196571445194,0.6395791102597244,0.09220609690596872,-0.061264791190718544,0.6351852453982545,0.07893748629781325,0.06661754614890462,0.62943481635021,-0.12540894421141846,0.08155680150604999,0.6296924397473368,-0.04904689724284378,0.059437933333646845,0.654636311135338,0.01999827684696794,0.0198961982933662,0.6735523491915867,0.07460926786861832,0.11995068501711095,0.6249840566456639,-0.09144144650618614,0.13203261576108116,0.6279503806764787,-0.02947220971451234,0.09981372090078126,0.6548968271901834,0.05894084170044401,0.04814298261288356,0.6720065034537045,0.12745206369690498,0.16051400501302654,0.6248760956911603,-0.008101253665060553,0.17749785150388805,0.6234887603622573,0.10367798863798888,0.1498846909177903,0.6421773665914506,0.1466325320302297,0.10248778943890266,0.654600915803953,0.16383407296926256,0.1876414209461118,0.6276648668840042,0.055982289284573175,0.20849165934235533,0.6260984592908898,0.1464121667542294,0.18885060054511965,0.6361491795509416,0.18354744199371914,0.14963769591352472,0.6425036798085548,0.20921138916167908,5
0.17983120486643625,0.6498573662089538,0.7569134181518841,0.11892231835444735,0.6463278138808799,-0.0013001150817761686,0.0970492985314125,0.6381962096480657,0.034452939025093075,0.10058336289030441,0.636238003098823,0.08484605566362473,0.07445413784553495,0.6339217354715382,0.09627882612287927,0.16284638963799286,0.6284202814969971,0.059640994176314445,0.18728357303500495,0.6266341165389152,0.12117723537271477,0.17213715382654043,0.6482707717280666,0.1613497389879907,0.14284330863560002,0.6620645899441557,0.19493485959050913,0.20859333724163878,0.6161467075166912,0.15557216337840576,0.23510100397220368,0.6216092184068434,0.15531795322814218,0.2137968921525134,0.6473862842871416,0.1828449322883071,0.17466231957766204,0.6628280471624278,0.2235249818528909,0.24067633267619323,0.6066779903777747,0.22197360275655145,0.2729349618395415,0.6119577929843965,0.2111592678852244,0.25609333945017343,0.6400795135138564,0.17736886159213283,0.22006286689209145,0.6605990744426383,0.16859752138311054,0.26404418622517056,0.5986561890335578,0.2506589051150678,0.29782978496387796,0.6093773136699967,0.22398204182401282,0.2901530932602652,0.62842563685198,0.20963350216467821,0.2608972473394619,0.6424689376604188,0.21470486337691314,5
0.20539777701384937,0.6392748103706557,0.6640842117132314,0.15517156013545058,0.6417935952328448,0.04092235183916896,0.13495701373499172,0.632752481187375,-0.035791127359995546,0.12847020586184446,0.6309350378396174,-0.06326131084868408,0.08709471627456898,0.6299810830878579,-0.0932327915471298,0.18481165949205133,0.6209674259472433,-0.018143250626724453,0.21765630177618914,0.6190784645840616,0.027699189897530483,0.21853415424198178,0.6426966041081278,0.0719503873594679,0.20095980192831958,0.6598990415479437,0.09907864240297573,0.228965929982847,0.6114550287291287,0.004302786391615164,0.2581955163631696,0.6134397639137095,0.05681205813655043,0.2460358142187264,0.6392867895428371,0.12160338331435486,0.21157674159447612,0.6570416975301763,0.16617715845289452,0.2613082287549274,0.6044245387538701,0.03133938543000922,0.2951576204669653,0.6047731291433778,0.10324553496384407,0.28452028186767825,0.6319708839067273,0.1396771343625932,0.24848506487296365,0.6537802472370696,0.14669433420852412,0.283793704076602,0.600057527347863,0.04628317451502573,0.31853284856832415,0.6028028063745987,0.08346831471684356,0.3129733063487526,0.6231391278955308,0.1036375674017599,0.28391626148943716,0.6421728398069829,0.1181631939223341,5
0.15846829462563528,0.6466205374176801,0.7216653571604498,0.09352605166211696,0.6483866889325354,0.2580956955542579,0.06592392675077456,0.6385830751230811,0.18327863418477144,0.036663110574193754,0.6309036280967569,0.13945495058077273,-0.0179218105613147,0.6256045738658114,0.08477821388818352,0.11531851827325093,0.6256408986456963,0.04336762903088555,0.1318527118951297,0.6231039391748753,0.12277456582873449,0.12022744295216636,0.6490048572864441,0.19421976378554723,0.09131527947466891,0.668022750119712,0.23451684589608807,0.16750999019404053,0.6188236807902666,0.015007469154562308,0.1817877842956439,0.6174252660047431,0.13453063113574948,0.15775152328019965,0.6442793002903083,0.24231288660086533,0.11888818973143908,0.6639567305593997,0.3090965011360616,0.20510162571079107,0.6134773467610917,0.008558857194860612,0.22464957051450749,0.6154329319101133,0.15167902317109433,0.20582352824294256,0.6400446083143497,0.22696804479842808,0.16944002148144244,0.6572433682017234,0.2560629050860354,0.23084372694305635,0.6118940770579128,0.0061875022955772945,0.2582374974561577,0.6150143349619382,0.08486685635426174,0.2474426392775614,0.6347629841624014,0.12041782630923482,0.21991735227800122,0.6513423981321999,0.15015106292043304,5
0.11399924573309365,0.6662577492494998,0.5831767208316022,0.05288771928611612,0.667614975536325,0.9186046966410983,0.02474047978051438,0.656954233068132,0.8980341563189319,0.00038132396681483146,0.6422817379573473,0.8854963004616138,-0.056440390099719386,0.6286466013151848,0.8206747083279377,0.05878091386365641,0.6425404316746127,0.4425480843861727,0.0710179171455387,0.6331896970540085,0.5567297885290435,0.05905434099735679,0.6599994623929241,0.6366749381961728,0.027446608520029427,0.6831759031737512,0.6625502806393713,0.10841133199553057,0.6376098180846453,0.2853729531321531,0.1300436319030833,0.6336047149173816,0.3806042474369733,0.1108228394367575,0.6588704781673907,0.48202315325811934,0.07270080234907818,0.6769980022112071,0.5610281248459592,0.14913349664867834,0.6344671245584869,0.16104647318516757,0.17539305855946122,0.6309566942082528,0.32255426611648286,0.15966476138757849,0.6506681828395555,0.4335970930490714,0.12686096885511933,0.66326712567644,0.5018201841470971,0.181087160486729,0.630542082784653,0.08942754641685151,0.2185084804197652,0.6299901694808462,0.2471300645982622,0.2095586994458245,0.6437121958968627,0.34728682239147574,0.18373691197689992,0.6539464800538889,0.42381803058358686,5
0.15685030484662837,0.6442372839586837,0.6702995751229452,0.10435570438098192,0.6491746738616004,0.5598401835669164,0.08103274619149316,0.6411758841522964,0.48091189214179275,0.06099680768154301,0.6347131017773016,0.44949991099287273,0.01860117219470577,0.6282938527722692,0.3909018592485655,0.12193062134533691,0.6239492785874573,0.07776062205780113,0.14772949797219223,0.6277005268821603,0.16949001651842616,0.13971580481782955,0.6592593339833905,0.2580386620910883,0.1136491112742551,0.6855686434430595,0.30725970280132636,0.1708078862350612,0.6164549998607863,-0.0173976981040202,0.1999089378626559,0.6222070687142407,0.06262619249431248,0.17727611008067923,0.64933591796857,0.1707288320175837,0.1327505210908749,0.6677105294939503,0.2466158951339617,0.20833661100288237,0.6122552065368276,-0.04637186133799111,0.24377704397604247,0.6161991245302937,0.09429048198019889,0.22412714621708785,0.6428676295585058,0.15031428104584674,0.1800452506238815,0.6609029978782638,0.17316953207429694,0.235763570553707,0.6093522878814335,-0.03648933941568015,0.27615775949728055,0.6168632133842488,0.08579111603987298,0.26585925472950345,0.6356652164370742,0.13611768157165216,0.22938987166282576,0.6492631332058466,0.16769166226726004,5
0.20096075119680357,0.6386435202811589,0.7456957917776275,0.16272352288208555,0.6485099768429973,0.22156196595905217,0.1502098864401487,0.6371214499381895,0.19400030001005963,0.14206652272092837,0.6322873245565713,0.20217694461862246,0.09436801357932141,0.6266322145349624,0.19590350656153258,0.20136275456293196,0.6250315766088886,0.2444541931642142,0.2283903686444368,0.6160298677562253,0.3226979530954268,0.22153324337530647,0.6412912786433889,0.3608951647387222,0.19737850261564405,0.6631434552101391,0.36923317192087823,0.23879149332457392,0.6167966654666213,0.2650436588377936,0.26704253814383905,0.6164887504939499,0.2666765438131507,0.248007380590483,0.6440735219361311,0.3255976464031023,0.20667660595049853,0.6643741423415379,0.3751512468106204,0.2653856662514877,0.6107698061092517,0.24895906275349297,0.3032391204466615,0.6095354613796263,0.2729899042731825,0.28817424709411577,0.6368892288661951,0.28720228139227766,0.24686876727154122,0.6586119020534704,0.3012884769959509,0.28551108624760485,0.6054005597054138,0.21837772602718994,0.3271736805739516,0.6082719679058067,0.25740264876847707,0.31806722880163973,0.6284958340195623,0.27779975624323366,0.2811584287242236,0.6447842912752448,0.2998035747408724,5
0.7943693929633986,0.4905265050913255,-0.962676904612142,0.7436945189669615,0.4949414978736995,0.9023211493871778,0.732820487800645,0.4977526373392181,0.8934028487826339,0.7026893388831881,0.49980909007895585,0.8474525777473757,0.72089150550861,0.5003076054491375,0.8266446278875559,0.7294735638713543,0.510146229096849,0.5846174910127966,0.6829578054181493,0.4627653033946124,0.6775656557779771,0.7445047386701394,0.39165529626991663,0.6894111995960738,0.8368408353646631,0.35452971051452126,0.6665642667203007,0.7377423165063552,0.5087980549665075,0.45547768043966597,0.6767660194597207,0.44097169728840896,0.7653216936238597,0.7375628477600998,0.3878136512746158,0.7944092420467715,0.8333325780439877,0.36321820364375035,0.654692669092271,0.7471771459793203,0.5028214222978744,0.31232864205520305,0.6846733510591161,0.4355081093033893,0.6452044555864475,0.7392526527988791,0.3918620634802018,0.7297513624614599,0.8283653873255007,0.3669367565620016,0.6413299890404895,0.7536617729149141,0.4974762944803251,0.20779979422312495,0.6971890761721029,0.44477144983680617,0.4981269636943631,0.7283727677046595,0.4043676684100438,0.6135670743228763,0.788294635995558,0.37853073268242193,0.6015788642484863,6
0.7657846475743765,0.4944636213114552,-1.04716880424946,0.7382119680336637,0.5007112398710825,0.7205308778498465,0.714911509699131,0.49316127346273525,0.7868291212842079,0.7041796024600379,0.49447388118991076,0.7958484176274817,0.7031178506615018,0.4946208873534068,0.8167960642561478,0.7014955984384016,0.5024969150069767,0.7851276200075314,0.6794445202788948,0.4591381116190846,0.8142421489971656,0.7369430837807793,0.3923412807330963,0.7588230434930667,0.8263330908598377,0.3527154921994355,0.6979125259537476,0.7087490661945048,0.5046934173239571,0.7180198774304487,0.6733725180672777,0.4447467520722398,0.8958020657549315,0.7310594773346138,0.3929894295456053,0.8446782609247533,0.822564910909789,0.3671544233977732,0.7118508660786295,0.7192375030723663,0.50445614279844,0.5549189904745283,0.6786354776683757,0.44313967595879833,0.7670818404153023,0.7271640659679734,0.39849202789663696,0.8161295590553717,0.806531578771132,0.3710907951305174,0.7459248561950841,0.7333729804687233,0.5056870819847654,0.3993889755901979,0.6865597384200053,0.449805897628679,0.571348636765174,0.714833679679743,0.40875618341137093,0.6499932333326238,0.7696672577674567,0.385730779685627,0.6572137847767516,6
0.7421596631617716,0.5037761281866022,-0.8640669604574147,0.7175923020808311,0.5083107992205226,0.4641334831331188,0.7005259165791887,0.4956742483442747,0.5483174379448895,0.6931533147680039,0.49497171171613147,0.5673961441357758,0.6963734026933466,0.4951174264392454,0.5962555188165664,0.6939276354881194,0.5038841472853937,0.7421148859894016,0.6725558401302293,0.45788864580531985,0.736394087688851,0.7222730158953449,0.394509697441759,0.6375194238101932,0.8000572299619979,0.35689520671145664,0.5529021893697288,0.6973763316140213,0.5039195406234722,0.7499375564603693,0.6656386798382364,0.4420329315715224,0.8515132216397987,0.7184387504575541,0.39437164348465975,0.7414743116238798,0.7998817339015482,0.3689640960690282,0.5839929503849515,0.7050490804687011,0.5020742647684747,0.6286419568168052,0.6655291196919726,0.4384486114713035,0.7385582917587626,0.7103961982849105,0.3980458483898999,0.7126569855672404,0.7819349862052306,0.37118014008764594,0.6161693361473177,0.7170476677364631,0.5024775929445346,0.4871383769793181,0.6694100618728445,0.4438183614837949,0.560661687443453,0.6922249248484664,0.4058280343907474,0.5733702666738739,0.7380023157214056,0.38282296716583575,0.5514056582038311,6
0.7714631693949295,0.5168016877571562,-0.6886561942120963,0.7575219932203618,0.5182310138497305,0.339713268073688,0.7425361898206774,0.5001419593303724,0.39337242308422177,0.7320550138420763,0.500336940536406,0.4004770997057717,0.7353765809095719,0.5024541739945056,0.4316693545095772,0.7470984495846241,0.5084649921047082,0.7083447892522463,0.7230585857140743,0.4606075432707217,0.6933527297171027,0.7763657725860038,0.39903192553253714,0.5853560916148578,0.8611213080792155,0.36318835052471565,0.4915365348285072,0.7452549204046783,0.5086227085667159,0.7222558399569978,0.7035246861098825,0.44856729546641605,0.7713116229410583,0.7570304974994273,0.4029022695726745,0.6361199622995884,0.8432711919503695,0.3785958184336541,0.47727889725056644,0.7455397805014393,0.5078347880320561,0.6097807848738448,0.6931302281244426,0.4496260702326004,0.6685860665390492,0.7382424545761405,0.4079136494649184,0.6685876398169768,0.8148162532230191,0.3822917917080566,0.6046099103023681,0.7504510149430392,0.5091253492522497,0.474076855485488,0.6912259299649814,0.4595188982389463,0.5114932344864827,0.7142519637737196,0.4197593907588163,0.5513054484463905,0.7639620070331882,0.39486480626843257,0.5567389199732057,6
0.7677386813844079,0.5249366163301488,-0.6906955968735468,0.7494973039780057,0.5216771257920262,0.2640564776456842,0.7332220609419219,0.5066457412105779,0.3292832863449719,0.7284499062074236,0.5064901925514519,0.36818096130482747,0.7321808199184202,0.5068763268200852,0.42140663388825894,0.7347121725544553,0.5125649370205336,0.5014414928685251,0.706841929598665,0.4671543949827253,0.5519864288131893,0.7555415945898997,0.40166709206445567,0.5097934816732997,0.8422669479651447,0.36294812887787614,0.4580467568542211,0.7362608077074397,0.514356617905303,0.5590239487488635,0.6944034147466229,0.45732385295790917,0.6851504993407888,0.7415030853988087,0.4099652873748955,0.5964940277450997,0.8272906145566201,0.3838756050731897,0.46393571154141755,0.7407812114353084,0.514104838186492,0.5278243996477493,0.6891301160556951,0.4581110488830197,0.6312919822158343,0.7273125722207879,0.4174569333590165,0.6286979742587043,0.7997988442232272,0.39073840372243357,0.5562000190322287,0.748693658571306,0.5150162452592763,0.4612246111384714,0.6902870011784924,0.465166679771961,0.4986804237760031,0.7081542316951625,0.42777458282196335,0.5202552964015088,0.7534303383095694,0.4044610087006908,0.512067367915688,6
0.757781821205904,0.5220237905087519,-0.8409442013605275,0.7439968127602404,0.5136326722670316,0.11051675221895249,0.721818173062615,0.49463040185699486,0.1331355002283126,0.7014516095107834,0.48891880410084304,0.1367413637564309,0.6903477581092194,0.48836507531072926,0.19020019296662305,0.7142250273914479,0.5050863970441162,0.43486753904681696,0.674561073356476,0.46473352379425936,0.36078794137849113,0.7328774208343555,0.39778782333662954,0.25342574633325976,0.8324665804872935,0.3564806230014279,0.1932599740558189,0.7181946081656512,0.5115023833726557,0.4948078428035227,0.6735316727430759,0.4578129804878322,0.5343258397192869,0.7265797851673627,0.4056784422319969,0.4455921565574672,0.8224365931187846,0.3778261624662408,0.33171963526039205,0.7254245780504229,0.5157518163049896,0.44718950263000806,0.6713315445089136,0.4626796460477456,0.5040444570021783,0.715170629849949,0.4174174753074003,0.5290910939920225,0.7959879491390998,0.38959273032554653,0.48740495243535553,0.7339650511776549,0.5208991139600833,0.3653108061537601,0.6725414051826676,0.4728346965663685,0.38995650998358,0.695388570758877,0.4316825783440602,0.42301482062781964,0.7502402512795974,0.407150630002261,0.42718673330990264,6
0.7880677895019876,0.5220031624382219,-0.8014144733035076,0.7786296349107131,0.5015309557368884,-0.08941863445312816,0.7521581585522054,0.47660559205637204,-0.06144630456575821,0.7120913016305803,0.4706789162557279,-0.044586144560671996,0.6922267921806802,0.4708447912861819,0.03942453485516383,0.7434656500289937,0.5039642061897813,0.4117745169710249,0.6783540229844275,0.4623984442704511,0.32590321761478297,0.7389598022967758,0.3932073421607118,0.19589061788237633,0.8471308420709865,0.35344255357433735,0.12959112654305252,0.7424388225159919,0.5108814218632529,0.5472223190495442,0.6775725829862235,0.4598362238985254,0.5569583289345155,0.7270651977395572,0.4062979794410048,0.4626192951852861,0.8253939172083374,0.3787738785960868,0.35651819896520814,0.7414335079155494,0.5142051277877537,0.5473637633653274,0.6731103961892553,0.46585916532249255,0.5516702622141644,0.7119212774680063,0.41874640225093573,0.5819632096257215,0.7944249764869848,0.3905353698170488,0.5584182935277526,0.741710241126723,0.5190777755167973,0.47911727188615333,0.6729523841127807,0.4774156001970285,0.45720145820535385,0.6896117286426241,0.4368366398145028,0.48739938113102677,0.74069948122139,0.4120153203356518,0.5001574685561558,6
0.7618905817889398,0.5341246434693386,-0.7891947045122109,0.7414726147356495,0.5151620373118238,0.07917629396826967,0.7057927407269426,0.49721090562284653,0.1299828868372092,0.6845526025211356,0.49448138617271814,0.16840439173609914,0.6787702747751818,0.4938900620251534,0.24883880130175626,0.7057552931089528,0.5050495098356099,0.23491623343000098,0.6723422075346969,0.47515297134581164,0.18869688731251097,0.7252845795761912,0.40800072521762576,0.11486291848748122,0.8201086063315153,0.36606579837729225,0.08595023212793576,0.7136721076215934,0.512956035117575,0.3052196179428219,0.670415118470101,0.473458813009881,0.3785042639951158,0.7153950302732563,0.4220438161211312,0.32889788443907464,0.8073211583315723,0.39308991565567736,0.2560575208936567,0.7182633446490674,0.5175595363677316,0.3159920596841767,0.6672845103044623,0.47454611214176406,0.40038964386743714,0.702568940576684,0.43043888527697527,0.44221719611696264,0.7782123531061639,0.40411078392097316,0.41666515454729347,0.7216341415976262,0.521106677163757,0.2900228127441355,0.6616733835134658,0.47546288544836673,0.3200373109556058,0.6802335137955868,0.4351969399377469,0.3556800081473502,0.7311705075758659,0.4114118071108254,0.36314977325551967,6
0.7350148381039937,0.5295309855561321,-0.6313008834862196,0.7174747932175684,0.5197501324461999,0.15706540684705933,0.695640932248816,0.5029904777348501,0.2031542216442091,0.6727552021554457,0.49508706608150366,0.23124274296698194,0.6636743244262321,0.49383518416656974,0.30332661441615855,0.6995865387744347,0.5046647899128187,0.3059026333577814,0.6661973572413848,0.4771291723654263,0.2610356117757341,0.7005548286601907,0.41437907546934705,0.20840694828352638,0.777903221418886,0.37327813350192923,0.19880879110600305,0.70381617540144,0.5108595377571947,0.371515145100657,0.6611562727260667,0.4749889298919391,0.44935527440535683,0.6937068351489989,0.42470841335892606,0.4198417543104705,0.7737981354316927,0.3948353897649668,0.36139273542118144,0.7069459617505489,0.5142059635344308,0.36319750778979687,0.6604028763663343,0.4760062004962056,0.4708468307987722,0.6849518305496815,0.43287567290050405,0.5151420064822324,0.7486473462978923,0.4057365609779358,0.48948743604069544,0.7068972376717481,0.5179568195411562,0.31954724447555527,0.6512384704090756,0.475263013970442,0.3809695154008116,0.660264284602957,0.4388347425883913,0.4084896097432738,0.6995780292077276,0.416212540307874,0.4064132432210795,6
0.7497082077845999,0.5279934829888674,-0.65668796822962,0.7377634609219739,0.5108076273053204,0.132753777129599,0.7092066057608932,0.49175187061504516,0.19328638861233924,0.6823213640974978,0.4857956194036819,0.22021206474804952,0.6699147465980794,0.4850581566593472,0.29018262937694217,0.7013696873969323,0.5027269818926231,0.45889852861821034,0.6645465599122713,0.4747075529938393,0.40959131100325036,0.6949735081898891,0.41549241036624823,0.3627600259010796,0.7693031200143696,0.37620864806938953,0.3476838193902709,0.7039048196952256,0.5079404715603499,0.5320111700164377,0.6621120999598152,0.4696902565989567,0.5613012877248966,0.694445086874106,0.41990626594028857,0.5295127120258525,0.770637307345469,0.39093986947664283,0.46973417872934387,0.7088498569730445,0.5106676906854732,0.48576790409797954,0.6644968327064894,0.4734837853020303,0.5243270785260281,0.689492386998012,0.4310312619236749,0.5807152657384423,0.7498719813406083,0.4033086870586619,0.5702660075474286,0.7151175926483664,0.5143528457381423,0.4009266445526748,0.6616354469968401,0.4760923595511176,0.4154413621899005,0.6686172971601708,0.4416389207621131,0.4488645580616549,0.7049546655886709,0.4197772952651561,0.4574544644427968,6
0.7542704722335785,0.5218854401736452,-0.5889451148645028,0.7449386776947893,0.5096015211785759,0.06262931464029071,0.7220954262633491,0.48750265308574436,0.08747801049772197,0.6895055984815723,0.476715980018423,0.10815029622790197,0.6667006377728008,0.47410580249817186,0.18666040045080254,0.7169906368163957,0.4985912427226175,0.29977855500439327,0.6815148143410537,0.46863704453618465,0.2829190924227413,0.7134493526150468,0.4115135554513784,0.2769100943726929,0.7882289761219784,0.3725550995116391,0.293465004190329,0.7210328671277839,0.5035874493140383,0.406207336089026,0.6796577789928677,0.4683535912795764,0.4456901718635533,0.7124709744208714,0.418301390524063,0.4430505810568453,0.7888343740822696,0.386666667836982,0.4124365172925912,0.7235097722535865,0.5063889462805333,0.42115391298462207,0.67590142536835,0.4699978404360692,0.47876087446316695,0.7016645641748133,0.42746739046680127,0.5353627260351056,0.763259301803812,0.3992904227087038,0.5283360301242974,0.7234525906157587,0.5100413222297877,0.385874032375564,0.6656883315230321,0.4714355962208953,0.41566722530925976,0.6742057192729166,0.43551295963935754,0.4393625867962531,0.7112370979435234,0.4131623376203413,0.43935661813548066,6
0.7338697991834657,0.5037017960014164,-0.9732587648307891,0.7156708976143514,0.49441760688688396,0.23059199154772508,0.6974869846992557,0.4835178486545728,0.2958279194534149,0.6786248037468319,0.480147702897664,0.3190409360571284,0.6701047006455102,0.47899679164443965,0.39059782329014514,0.6911762132227738,0.49294449419676284,0.573974952105346,0.666727554501206,0.456684819161998,0.47256418952954016,0.7242720621356857,0.38811418549275595,0.34029364670621287,0.8226077162874568,0.3460857064136331,0.25966903526521895,0.6985976529950663,0.49553519248990535,0.5963093556282139,0.6649454128606069,0.4541136567421039,0.5738212941060243,0.7129756876917616,0.4006144840654769,0.4835981251878342,0.8082644945920024,0.3713232115272184,0.3848561748294682,0.7045721325046539,0.49581535790306797,0.49332875591898956,0.6580760411725949,0.45506557472416065,0.5046618249826148,0.6957972333001394,0.40753399218622666,0.5533270721900181,0.7753870501885466,0.3801329565360911,0.5377222805087577,0.707242675104475,0.49656748874048307,0.37056463697597386,0.644787681894493,0.455467936481115,0.3852846069097788,0.6667948067332373,0.4132609873054115,0.4335262199205459,0.7233730787920938,0.3897453401820405,0.44509760618923455,6
0.7373181398999742,0.49976147887379063,-0.5681778213986527,0.7279250089199436,0.49019970601448465,0.15103783096999462,0.7162444957282834,0.4820454188481913,0.27094125220292514,0.6962543932291754,0.4785483076727205,0.33644690321538706,0.6840663231316769,0.4781277163262928,0.4183768984108103,0.7119213873510456,0.49237287908420657,0.6293041037549315,0.6911884866896589,0.4581083622488182,0.6190419250072667,0.7256016409923659,0.40304486212792434,0.5467852206731909,0.7920323463236735,0.366917708675157,0.495385526354881,0.7119730919907042,0.4916431042274456,0.745186157359965,0.6810254301899811,0.4531751417319553,0.7343874546805061,0.7128994499319139,0.4076126608880821,0.6536284145577412,0.7810691427610237,0.3789279551448041,0.5684641972283754,0.7133302063934812,0.48985536976586613,0.7011682585837387,0.6739834830714578,0.4538825815516985,0.6813887563300087,0.6963930368293955,0.41491113022108655,0.6690826470247634,0.751187636555418,0.3883356267012295,0.6271043433574345,0.7124370585088213,0.4894131520724207,0.5988747355248314,0.6595758102816964,0.4531230109453546,0.5705866383334802,0.6659637840103467,0.42036123213522814,0.5635885976581885,0.6976720659584416,0.39885778452130666,0.5470409420179909,6
0.7053690648021997,0.49826238719647836,-0.7851456895834762,0.6809241546575096,0.4855564122714029,0.36207014385763125,0.6563755643612147,0.47195270186307137,0.41461050646716785,0.6345009467413296,0.4717932672214558,0.4629009386360914,0.6302478085002065,0.4723724009073325,0.5399516495320653,0.6439604593692795,0.4776994207789976,0.3387975213840082,0.6298623369703436,0.4546587392675819,0.4141125289602904,0.6700005035972169,0.3946830064129006,0.44467396053522557,0.7469714547600422,0.35509970388956646,0.45277471358695803,0.6598830784647368,0.4853837027921348,0.3801394662093524,0.6320030925072575,0.45511415623228363,0.5485136010825051,0.6715756889896771,0.4045989010921299,0.5786012040761358,0.7548191321559595,0.37524949867354096,0.5376985125807942,0.674455050689942,0.49085798719625734,0.37866261008091034,0.6317443440899684,0.4560051769568339,0.5408454971597936,0.664441960999291,0.41161461235753555,0.622045384550361,0.7381184269967035,0.38421346119326233,0.6017405253465472,0.6831314439922138,0.49554429388701426,0.35130333671372627,0.6245098234138946,0.45543780780611154,0.4398568579463626,0.6436372477869429,0.41586066656073983,0.4895194991984387,0.6963685623569185,0.3934045832543303,0.4921074621761194,6
0.7005143175854777,0.49596947046014805,-0.6274274375082926,0.6771342695637296,0.48679755464079866,0.16408972916188364,0.6520569264266477,0.47628745597916766,0.23787563036537526,0.6288121721111511,0.4747093699855994,0.29155860733571787,0.6196546325028559,0.47568116640972463,0.38334645411198326,0.6618265267957862,0.4825029550422573,0.3651863253350661,0.6211150532405467,0.4577033457854342,0.37929032070871493,0.6528396843899641,0.39493559759120317,0.3660199730192165,0.7318944663045617,0.35433142104863896,0.3695006608162805,0.671241038996256,0.4893108056242877,0.4552926746478656,0.61553552904642,0.4600624172631551,0.5244159547871494,0.6430830325402821,0.406675280537486,0.504488812802008,0.725337117189974,0.3741709628325199,0.4629002580361738,0.6774414307524075,0.4923431090416076,0.46015324704154137,0.6219811882824597,0.46479014909117894,0.5274474888355855,0.6418209905855365,0.41892699871794836,0.5704576147361492,0.7087786721294721,0.38842221099957036,0.5575305502959934,0.6812534107880869,0.4940087848830414,0.41974026628470584,0.6187173915315893,0.46131720352821537,0.4290920418734817,0.6253259500662187,0.4243269747612237,0.44150507639179837,0.6663879795218853,0.4010889147467113,0.4367712547993564,6
0.742362689763849,0.497178346524486,-0.7638562765434941,0.7310340602181782,0.49738180522742764,0.21140633062255743,0.7240046253502551,0.484809901307747,0.22928990645080982,0.7104773690400309,0.4829523427690022,0.22792533901188866,0.7007833585899511,0.4816433291418079,0.2808679853936376,0.7170101441608487,0.48584630232583215,0.4340597561143229,0.6899435912920568,0.45378037228233653,0.37666081680911173,0.73597734589348,0.39084942163981057,0.30838864327014703,0.8231558522379147,0.3511770312777632,0.2725975650491064,0.7206208353177809,0.4884362620359349,0.4621362954180003,0.6838947102491452,0.4534688181998447,0.48355513075807044,0.7258318830929077,0.40176375984379853,0.4456600795251424,0.8118794473604524,0.37038494348762396,0.3849587163493698,0.7237022659580303,0.48949627727690415,0.39986437022196175,0.6778771824395914,0.4537534248373497,0.44794424946254036,0.7080796785928031,0.40796221322075377,0.5147041495696086,0.7809365224992325,0.3786836106725593,0.5128336483160035,0.7278520153867115,0.49017832636883657,0.3174936909240955,0.66678216775241,0.45095267032099823,0.34684341359769716,0.6814528956523432,0.4111269934108807,0.39755325871372205,0.7319659228310941,0.3860876762983023,0.4147166205602506,6
0.7593826976314791,0.5098439818299296,-0.5824336087453854,0.7523722345639381,0.5001143016236447,0.15933406976880737,0.7356127531318821,0.4888034094617854,0.2709642198618313,0.7192516336002424,0.48714623834667814,0.3462467736505181,0.7156116464175211,0.48524759080580426,0.4379636548590373,0.7357407416256125,0.4978720787760362,0.5565154582112943,0.7168049770084913,0.4605933277914034,0.5838061379282777,0.7563347679031499,0.4048074409529793,0.5329776602695004,0.8298038963643182,0.3682678301399877,0.48772098692610544,0.7389193157405074,0.4990103885319554,0.6643993370852809,0.7096678767599012,0.4593118551924557,0.7239884045613701,0.7465955747496456,0.4116215462089298,0.6688281489718981,0.8216436292696876,0.3826742440588987,0.5865219013170405,0.7409074623669679,0.4971539454976858,0.6372710070795848,0.7050953727289072,0.45824046288166004,0.6747618801608131,0.7308082493454231,0.4186052638355393,0.6737649249288712,0.7917293083599253,0.39249393174241715,0.6249911902136662,0.7424561747969566,0.49545972048220244,0.5558274262657193,0.6930547862039846,0.4553396206063235,0.5652627032147916,0.7029887260968383,0.42200543522650824,0.5679889753072814,0.7398198058755656,0.4014263347005828,0.5500500377353467,6
0.749870784642202,0.48665198439556273,-0.886888230907822,0.7406177601807685,0.4746089085652091,-0.09499449827603115,0.7260785976916898,0.4692899629225461,0.021207248368276546,0.7070354213646288,0.46970938366194914,0.10927886308404085,0.6971127124802222,0.471790115167457,0.24529221468630696,0.7183800917599331,0.48123512802396806,0.45915020239811866,0.6879024289474706,0.44994443741576656,0.40177492671958276,0.7418123154967214,0.38371353956722776,0.30475124477640336,0.839162288609389,0.3403173071247819,0.25937678666977937,0.722896859638774,0.48767113897787334,0.6304386203873024,0.6876649676255399,0.4521264043198158,0.6055080231343295,0.7309330577581576,0.3974783827985515,0.5166738181961333,0.8241648733663741,0.3653588017325333,0.4420120137748237,0.7244005427158511,0.49021195501479664,0.6465066582418939,0.6818245071056721,0.45660259108177015,0.6184231937069343,0.7116509427323437,0.4092157651682531,0.6295030993472713,0.7848439541295199,0.37969576857171494,0.6102673428424193,0.7220172905404761,0.49266593122833474,0.5805137280192129,0.6657167839105014,0.4578394936135302,0.5451785600627671,0.681043966649099,0.4181935965792518,0.5483313227760421,0.7291844972405136,0.3947116249789215,0.5415069728826262,6
0.803541372523144,0.4853751779610311,-0.7455635867349623,0.8034724438272182,0.4788734142509466,0.09757380275899054,0.8112594636197326,0.47437563823219453,0.18460481501598905,0.7997861424038692,0.47428492151349505,0.23557676281827733,0.7900585230293644,0.4730887152633643,0.3286647094184485,0.802572017024056,0.47699883705596013,0.443760372863032,0.7706452463689031,0.4501112822519759,0.3808681222189125,0.8154038295093116,0.38701487001053564,0.2868207668185144,0.9042713067246496,0.3465102401327026,0.24414830911774943,0.7936210528111558,0.4785952530928657,0.5572551214874362,0.7550422454046966,0.449412333881679,0.5507462577116514,0.7953568599342359,0.39897070406148183,0.49020660461134796,0.8821324354525772,0.36692694245556323,0.4289308293366886,0.7848357726438436,0.4789056953836694,0.549374720609944,0.7408290927531793,0.44975882892703073,0.5588285416397899,0.7693371739903142,0.4059253177741815,0.6032983451669298,0.8413205918201785,0.3765235206556903,0.6006495072670572,0.7774351088964729,0.47942230941382297,0.48164496528747147,0.721191036034803,0.4480549374001297,0.47500055316911055,0.7333663091949797,0.41118606498963944,0.5020090083213212,0.7790740542816161,0.3868604258962483,0.5086339339080657,6
0.8066420010131061,0.4980824250639232,-0.40753594480053634,0.8233422058893053,0.4930654062388951,0.06498984627262804,0.8219845251570284,0.48039861445609683,0.20443889951285457,0.8117924290868163,0.47733444619421367,0.3003873929501609,0.8100835650522723,0.47548276184407606,0.3953224201898825,0.8115746564891074,0.49082798814424805,0.6014677457146649,0.79717453050501,0.4532753486749765,0.6669034807053775,0.8329232919578111,0.4081298005183086,0.6245430787233156,0.8889473321096744,0.3781536379318672,0.5744642222321531,0.7988124894610951,0.48984888108199487,0.7752983708810443,0.7760614527575707,0.44922263138029345,0.8092089530274057,0.8090854469164236,0.4110551051983242,0.7252549757854936,0.864054664162101,0.38712913974185825,0.6264360012908796,0.7888719058232561,0.4866981974017029,0.7844339339598067,0.7591722962322368,0.4472148018523667,0.777708549163543,0.780135446013831,0.4167767878410936,0.7187561773010903,0.8200384206724386,0.39606622421367466,0.638164278186531,0.7810033719843141,0.4846429253515275,0.7085591146793415,0.7385074751862981,0.4478625980909558,0.6700508636344397,0.7408866534397525,0.4239465855814141,0.6301817698394492,0.7602992208949715,0.4093909721608836,0.5886835548374408,6
0.789037027609989,0.5115802963183373,-0.6999089712160431,0.7987353117135492,0.5012837188547824,-0.0023068188085878117,0.7858172891210471,0.48650622688167044,0.0737743769575998,0.773978809486218,0.48284115783852294,0.11070444269096251,0.7716038397508421,0.48294113773013947,0.1823237666225412,0.7659930860822881,0.49763490768727003,0.6094795493592936,0.7488547216246044,0.45744148169272897,0.5311854696732308,0.801917804092805,0.40144447342788464,0.38029206067820215,0.8853053695297544,0.36522146903869657,0.28574935280793273,0.7599830056610436,0.4982001295051487,0.7248316458383689,0.7412839081482656,0.4576477718535557,0.6567441977660908,0.7894170699106617,0.4123744356212985,0.5117805641629144,0.872798318639755,0.38296398549327904,0.398426353401438,0.756256302484467,0.4966614121226006,0.6725555037912292,0.7283075856825126,0.4560404249047737,0.6254422787603108,0.7641616866167765,0.4172970776627252,0.595441936915484,0.8301710804365323,0.3905853126442077,0.5485595731429604,0.7542176405741275,0.49421692146573076,0.557753182485543,0.7105166486692122,0.4529554201906479,0.5203751439252651,0.7283686537307839,0.4191652313365928,0.5112199083017707,0.771034799037833,0.39784315587686464,0.4964172931023783,6
0.7830419087509476,0.5071744249782318,-0.49413563068459226,0.7850657119634636,0.5002375895341066,0.07703177009533807,0.7804093717074392,0.4893787555561257,0.17883137012576944,0.7671427189642387,0.4869010755749715,0.25225990375319735,0.7557556282026919,0.48534547390933563,0.346515839846614,0.7765438993389263,0.49689224522267733,0.4886033544596311,0.7537779818943724,0.462187207235669,0.547431225913307,0.7951607575185898,0.40658500604890013,0.5371092686984688,0.870255462890008,0.37056722984829565,0.5184569393783651,0.7718145565399169,0.49678559559980856,0.6364953069269054,0.7418081294815445,0.46031585380650814,0.6831335778069776,0.7782593359947293,0.4134187424175252,0.6334635157984991,0.8515847813316105,0.3840921843728017,0.5636017949354252,0.7684480899837386,0.4947575811919828,0.6534735119440435,0.7321895545167202,0.4576332719536456,0.6664222598347611,0.7563068618795844,0.4187026442834383,0.6511814320098647,0.8128901192782069,0.39143735233367793,0.602428340495947,0.7657762184268366,0.4936584503044651,0.6001159179441878,0.7154191530990034,0.4560608257642188,0.5713169014013993,0.7214991401531461,0.4236496383177884,0.5491726156255727,0.7518277113864297,0.4030176303644729,0.521089151394073,6
0.7279042397530793,0.503286389339708,-0.7176867318872064,0.7289727215328513,0.5070349511390665,0.3294633655555014,0.7203835604153999,0.49459438645202836,0.4030059960687765,0.7044581175497142,0.48804989386914793,0.4332085168207587,0.7083135255724794,0.4849061872048079,0.4932273275075985,0.7138286736200623,0.49849615569624584,0.7603551188152036,0.6991744615335588,0.4554670264337319,0.7836836016582679,0.7490423553311316,0.3990162141195327,0.696456490637324,0.8277597609127093,0.36506392722888564,0.6074051702047979,0.7141752460668761,0.4948701892170603,0.7913592678168763,0.6933603671538212,0.4532666188274851,0.8009832062266868,0.7370311135110358,0.4077002573812989,0.6939166553732138,0.8136027151943307,0.3799064381326486,0.5800232872174775,0.7170218771544151,0.49142211620335435,0.6773256248687697,0.6814625363445286,0.4510717506667163,0.706346977193029,0.7112294339668701,0.4122874227248374,0.692364732156526,0.7724348706674047,0.38634393687040897,0.6341785549509,0.7196535330859646,0.48933918617939887,0.5335066839235346,0.6676033352685397,0.4491333825616375,0.5504962297056055,0.679773571516284,0.4152140579340579,0.5624220592708926,0.7177225971167128,0.39477268693625234,0.5503453174023532,6
0.7387533279491413,0.4938494027286039,-0.786385207671449,0.7241378148688339,0.4886766210509225,0.3064677696537886,0.7116456445943978,0.4875842880036685,0.44779640630793427,0.7029896779164584,0.4850973780402724,0.5235883953309483,0.710846605966344,0.48368568252303884,0.6063846887539829,0.7119612887374267,0.4901418860660316,0.6731374426568663,0.6866050964582379,0.45522561267969514,0.6580116694144942,0.7314823506031867,0.3917471476074812,0.5651889501875801,0.8147149919099147,0.35072335824650314,0.49756065398467525,0.7185967906096781,0.49008905914598416,0.7167444186077173,0.6877297085106103,0.4514150824239748,0.7601776374238549,0.7242472957299981,0.40240776534700107,0.6779597418035368,0.8046254822377392,0.3723237400589832,0.5807812283097104,0.7242929956259189,0.48731832143617104,0.6191699992341022,0.6880752058976404,0.45369296302883977,0.663519209435888,0.7129145797697659,0.41294581572712574,0.6615730391691362,0.7758467480274039,0.3858696054968894,0.6137524777620915,0.7275827552044332,0.48488546467515725,0.49435383854830817,0.678302223301118,0.450926576736397,0.5149512526102741,0.6875934130592075,0.4168757440934908,0.5328352036656047,0.7254104877827099,0.3950711535725162,0.5250433642124825,6
0.6906134647454778,0.4657258738120041,-0.9627959215221648,0.6617343293767444,0.4577799435218572,0.4875776294680185,0.641896237952768,0.457662089300728,0.5649893391927724,0.6194912697256797,0.45808805676593545,0.5832987290338378,0.6113096058282238,0.4589468494078729,0.6364060831876924,0.6403631277126545,0.46598458983457225,0.6193348646699771,0.6137524971527003,0.4428282183479097,0.586809132916894,0.6470795620718524,0.37978471945992603,0.5408639940013126,0.7332994709048462,0.33746331286494413,0.5096337721897833,0.6517056423630222,0.46808322274778547,0.5619023536018691,0.6113345649485149,0.439827483782028,0.601161490005707,0.6423254801164794,0.38711141123123,0.553871001881327,0.7322221686635497,0.35507298081203215,0.4817048736927932,0.6648319241212252,0.46921242683950104,0.41626316896301363,0.6127618265119469,0.4442081776215289,0.49159027005497297,0.6382532834819914,0.3966541932617439,0.5728187784427906,0.7139475146295842,0.3672040385264451,0.5710496718625536,0.6766541150134819,0.47195290097664816,0.2851635813041299,0.6076849782903424,0.4444906075448096,0.33393768442312305,0.6197111985206684,0.4023584400473308,0.40662987587667937,0.6715244746446296,0.37525549562627764,0.43114639930958465,6
0.7003392946526524,0.4567679563561407,-0.8664238895765753,0.6795212244121435,0.45204689042008095,0.2339638058062319,0.6593957495834468,0.4454291568754722,0.2671374855347358,0.6369701700736834,0.44699624810132904,0.2723349466216373,0.6299510053010957,0.4518892401909852,0.3343457090586991,0.6548898924478006,0.45579770903805067,0.38954813107550024,0.624873044807411,0.4388436444344328,0.2985548361029333,0.6613847494422792,0.37298675362396233,0.23107910065127793,0.7474112634475637,0.33033460519724434,0.2197809181051769,0.6655431807790421,0.4612830103415101,0.4144275023537659,0.6199504977366412,0.43396345204618064,0.4402150575153649,0.6541452279976713,0.3790836085889149,0.410241498683818,0.7423061425675536,0.346529969154852,0.36010336746894916,0.6736648133769619,0.4638519476520636,0.35572325368916147,0.622107710469804,0.43557294494485527,0.42443629046323045,0.6508131775823085,0.3877136563997061,0.5098515726464014,0.7244240283771431,0.35669295567684517,0.5187881748642642,0.6789816694182754,0.4665347559680442,0.27647573533480085,0.6148810612878031,0.43543075356765304,0.31787942278558257,0.628548014405664,0.39408868391608,0.3719109809903053,0.6786882675471183,0.367583271246126,0.39167172899739405,6
0.7605300701911114,0.4611788068856844,-0.8080967848878075,0.7435788041321455,0.47098397957315485,0.42737571453436796,0.736943765828645,0.4660056581179735,0.47674930617084404,0.734576198944892,0.46291542848501677,0.4773808814159511,0.7366997835354254,0.4608390801855745,0.5191428543695852,0.7383618193621133,0.4666032019831513,0.5596434493789286,0.7158397460995861,0.43809920222802806,0.4859364063320775,0.7563846660932364,0.3740577885627746,0.39111560923700933,0.8404806313993243,0.3329912576111084,0.33945656770085636,0.7422139286595361,0.46759712204196663,0.5198079063795421,0.7092686413019668,0.4360349333788336,0.5433663059256229,0.7491809033399226,0.3839346925959416,0.4950168948954628,0.8370106872251976,0.35089111071146944,0.42702844464243944,0.744566401404879,0.46667927866096615,0.39236165565062836,0.7089413120660566,0.4356701984070542,0.473700447759561,0.7396243630604149,0.38983705603636004,0.547683074435076,0.8126869328334319,0.35947645264176836,0.546985989902029,0.747457475269473,0.4641110828687936,0.26931055333525183,0.6935424285114458,0.4276220466212205,0.34414426116766816,0.7100425457041071,0.3882172868614282,0.4101594806889522,0.761949876069751,0.3619239858731579,0.43169323220863143,6
0.7559888084940719,0.46566434525680245,-0.7111920474706589,0.755307265102837,0.4688150378346795,0.18796243867093793,0.7455711750358311,0.4626511232737162,0.24773263434753773,0.7291067029860631,0.4621729911117418,0.28022398062867654,0.7266030783438601,0.4637808500086884,0.34760396152845324,0.7373137429465031,0.4641653673587598,0.490248322385396,0.7182984630627128,0.43899777015756786,0.4824754728207125,0.7626001093958875,0.37899818195351775,0.42659008863803094,0.839686592562001,0.34004605092593454,0.3929188899294971,0.7368936294714086,0.4676854791201768,0.5725113725396953,0.7083263017526079,0.436486820233254,0.6174390355422833,0.7448266657141929,0.3877145546831276,0.5671697921574449,0.8200206097100313,0.3576070070692379,0.49642979012024674,0.7384027062289815,0.4691341452340718,0.5402552068981589,0.7032645715411793,0.4395755166682117,0.5898184607391568,0.7282293982486432,0.39775446585488794,0.6095329255070145,0.7876067381410526,0.36901779134995066,0.5769358914781768,0.7391707480350381,0.47049221793422064,0.4644755836341457,0.6886667957809313,0.4359695726393667,0.4829360260519112,0.6962475685041223,0.402102816399339,0.4926192434133858,0.7309623851520933,0.3809260985171993,0.4821217279243457,6
0.7549270027015986,0.4770208093963655,-0.6265538393930683,0.752735525324407,0.4765524284405878,0.1397939438897926,0.7464295746252928,0.4683022404413391,0.24922195607174225,0.7389638508427023,0.46997817323138263,0.324475943009133,0.7441943341340603,0.47050628987962984,0.4107567495012822,0.7396173829869053,0.4807460309630332,0.5466437838592929,0.727677905063835,0.44335868018141816,0.6131458616352568,0.7690640041033443,0.38443118857046255,0.5644098801192577,0.8394428562203942,0.3476916852537959,0.5146141978733648,0.7421556532441771,0.47885704171158755,0.6775709259215056,0.7164000296282691,0.4400111877853461,0.7559910811999712,0.7529184836423275,0.3927944172408741,0.6908953130360372,0.824064625092152,0.36196184989902097,0.6007872085715216,0.7446926523365385,0.47419096979546693,0.6762619661690356,0.713625984578911,0.43832048389412076,0.7200737091963281,0.737988126502458,0.3996112707069042,0.7107380056560234,0.7936223440603399,0.3704806895384402,0.6580381116560934,0.7463547907134755,0.4697428115607358,0.6075623592063875,0.7019951586221368,0.43569195841969194,0.607880470021234,0.7102515355769925,0.4032627914817807,0.6110314735227356,0.7413988399733383,0.38064763493592313,0.596835303441998,6
0.7654221556335029,0.4949035682639666,-0.5713613891681433,0.7696047748092885,0.4847076097135844,-0.03688950119833858,0.7599330881670987,0.4748855563408456,0.09068552465242428,0.7486952512148235,0.4757269900618104,0.17512397883531686,0.7421588038303413,0.4767180413339253,0.2781165748701291,0.7569044369621485,0.4888664083674596,0.5863191751944498,0.7378808036150091,0.4551540364943557,0.5988398789677464,0.777743170541517,0.39811848815186207,0.508116343405514,0.8507381399267668,0.3620204089873204,0.4456227360069505,0.7519886036103861,0.4864568446429662,0.7748150425968965,0.722970330283961,0.45072250583459483,0.793466749636284,0.7570642737221447,0.4049921065798376,0.6959716254736774,0.8300283949256264,0.3756724824063403,0.5982093042646096,0.7468669739373419,0.48188234646556155,0.7882854396675103,0.7121705604768134,0.44637322493476694,0.7766676763093625,0.7380352572293991,0.4090753855615416,0.7558792074073658,0.7983507960308266,0.3825718730905157,0.7081433316157838,0.7418580702464054,0.4789234696701873,0.7079457455545031,0.6950598891764787,0.44725733453061844,0.6796267255228948,0.7040920938902999,0.4157459670378585,0.6792881324486025,0.7396512856943732,0.3938212258338768,0.6678151730948303,6
0.7379186630294902,0.5006943655806921,-0.7855522406966122,0.7347055394344719,0.4925864674124625,0.07912396369005037,0.721553746522413,0.4850893208246123,0.20396443603277323,0.7059764404826134,0.4822257492483205,0.27611696337976255,0.70147733843369,0.4810615710736495,0.3651213151600972,0.709150457741247,0.4929313787448495,0.5815027148064857,0.6879063131764803,0.45610048814370446,0.5634660161389454,0.737844369839217,0.396814199158445,0.45604988103718086,0.8186721868249794,0.3589600704923769,0.37865435798120967,0.711207303786057,0.49448749091236666,0.7039769319605076,0.6918848144815904,0.4533006103165344,0.7102879637877209,0.7339275611607816,0.40586073102374687,0.6098535473069823,0.8110383643397288,0.37657901455303855,0.508463900863619,0.7134502227112317,0.4930966739621989,0.6720322742545407,0.6848392543246402,0.45147414329867164,0.6857239125352197,0.7155948063924193,0.4114593095133538,0.657509402134626,0.7766172016053289,0.38513928576305784,0.5957083922471091,0.7144410481567592,0.490725043260281,0.5747211804767405,0.6707330978901701,0.446168129128038,0.5732681745767391,0.68394514102624,0.41240458186089585,0.559216814792028,0.7214334115065694,0.3923628452064181,0.5315502212794249,6
0.7255729342878467,0.5095907544813539,-0.7021263474906835,0.7173474171978484,0.5043183202112199,0.34342973535890897,0.704365034743091,0.49499925962952707,0.4293423456847765,0.6921099224171272,0.48824974878168437,0.461262146304477,0.6849319091887197,0.48461042720734504,0.5126580194908142,0.6952807358351764,0.4977600509576098,0.6489032177882801,0.6805660914054396,0.4654572662676217,0.618234906577803,0.719637767731401,0.40632613030539577,0.5260144311417445,0.7952604987591766,0.3675760676066826,0.469889916340316,0.696892891900691,0.49863534966438217,0.6787161945838219,0.6770933206009102,0.46222437594165994,0.7300933880592342,0.7123368345649369,0.4147184982051438,0.6668759805427288,0.788034392853977,0.3853434506843187,0.5822453093597986,0.7008079843570265,0.49684221198709744,0.5777707384108854,0.6726017937540375,0.4573975995426027,0.6549956672768136,0.6986935498595229,0.417084864167174,0.6654744107144142,0.7583883435032795,0.39066135624535925,0.620538291450804,0.704590047482421,0.49454260074663314,0.45255803674941986,0.6609952682787793,0.4517104602985406,0.511046083502236,0.6694631301890139,0.4180778374764825,0.5307897110073447,0.7048451274708959,0.3969856564933129,0.5197415087277989,6
0.7361100927236292,0.5067398128715472,-0.7433642702402009,0.7294920927681883,0.5016020198139644,0.1697164696441587,0.717781721659756,0.4938428650017268,0.2983062104378068,0.7039042050765894,0.49041340752880985,0.38456619192293534,0.7047119536618163,0.4887141301516243,0.4879590028110358,0.7128116316160817,0.5010178745651664,0.5345420233781977,0.6928237471027338,0.4638411907240697,0.5543090002379906,0.7338712264535785,0.40335884867396743,0.512509279752867,0.8145178362913705,0.3660387912098961,0.48366682642895553,0.7159932748699773,0.4992193817448117,0.64137683312424,0.6909703494799703,0.45953429949579316,0.6879104048867005,0.7284220368578587,0.40902668360958966,0.6486216058714617,0.8069161553037149,0.37807738476344177,0.5876689034674586,0.7186872983948871,0.4961003475199866,0.6168823689825147,0.6880274458666561,0.45605148812930957,0.6647627618673787,0.7148789528983132,0.4134767288703463,0.6923788203688211,0.7782169500845524,0.38534282160640404,0.6663911716775384,0.7206483627230101,0.49424186345291254,0.5345212235297542,0.6738494246621621,0.45379902309074477,0.5618616572087074,0.6858984558224207,0.4174007659280191,0.5853955800003909,0.7254214415944874,0.394616084071546,0.5829503931086575,6
-1.448474425801169,-2.1663771592745587,-0.629584921793103,-1.3657034974059623,-2.1078061064181055,1.8771612151179708,-1.341029013692866,-2.0829765249218926,1.9538871910018858,-1.3096227142087438,-2.0690454855703386,1.670672038148316,-1.2957389101333094,-2.0609489081725263,1.354523930084486,-1.4675348982634902,-2.084302329119791,2.378723943418189,-1.5175628027482115,-2.0769641262923955,2.0917088213299997,-1.5610634845081048,-2.075581368891637,1.7889204048933367,-1.5965074307023577,-2.0794418563764405,1.489816751166961,-1.4714277913625267,-2.1033428705330066,1.3860771371622453,-1.5347417019043488,-2.112175033691511,0.7532444779179239,-1.5637839472241273,-2.149617457297832,0.19871254274012068,-1.5929774054369124,-2.1773518250960975,-0.12930657990987945,-1.4733293056726513,-2.1317210753148608,0.16049868906900117,-1.385391347679962,-2.108981691158972,-0.5948232237290361,-1.2825955079940508,-2.0349887073832322,-1.1520983416256982,-1.2315079900477235,-1.9563741995007797,-1.3069348280021087,-1.4534028485750818,-2.1694601627521117,-0.6091181393052276,-1.3605701765705747,-2.1710372367953137,-1.0756086566527014,-1.266584906237903,-2.137672692615691,-1.4059061555146417,-1.1965288959807727,-2.082431172955724,-1.5618189213556417,6
-1.2034730460940066,-1.8409247117864525,-1.3743650225502517,-1.284443427417093,-1.8933677748620727,1.9792714699415188,-1.2507362302096503,-1.9086528109684706,1.4812162964215967,-1.162459185994822,-1.8922581105604737,0.9918860115329086,-1.0594770879350406,-1.8590605219293892,0.5612808594044006,-1.1843161877766488,-1.8735102394914738,0.3700571439189066,-1.1276007760352367,-1.9044989384705164,-0.054528962220225116,-1.1159248493832146,-1.9279151157716656,-0.31180895885117105,-1.1201085019424741,-1.9401317797977453,-0.46999091160919015,-1.0945967945777748,-1.8556161577102488,-0.5963111237553328,-0.9113476732556285,-1.8252654964658492,-0.7332956856206524,-0.9576006305640125,-1.7463017927704276,-0.6447705842105819,-1.041757257212832,-1.6880342619343571,-0.5680102483523809,-1.0246931130501156,-1.8395959925575607,-1.2743028448329126,-0.8482116560280052,-1.8227177975243198,-1.066009621791722,-0.892561175527065,-1.7572723167868138,-0.6385420677988948,-0.9605827702279496,-1.7055343423431977,-0.4023221430786984,-0.9655056609771516,-1.8295481812331842,-1.539250082639047,-0.8148921117688412,-1.819948324992045,-1.2019237973190477,-0.8465243124808323,-1.7685163840942622,-0.8149807489735774,-0.9051739334167869,-1.7246034970301536,-0.6033024450678403,6
-1.2766411886916829,-1.8622327973312052,0.375334438728988,-1.3323655152869391,-1.9057018543977249,2.23743279477867,-1.2881397589876944,-1.9122813630188484,1.743581303831236,-1.2057360661417935,-1.8931403629838262,1.0954081547618106,-1.1198117818924411,-1.8576372593903054,0.5939994114778137,-1.2757816924293088,-1.8827843668064017,1.1438609720443544,-1.2587236078867239,-1.9210827914615358,0.6191607388085456,-1.2549578396942656,-1.9419143473297154,0.4091697650278682,-1.250635270872364,-1.9548425128069389,0.2749674649795123,-1.1917357561274957,-1.8796037366876845,-0.25760465180412756,-1.1462802062603563,-1.9269985240666039,-0.7537417089479719,-1.1173423808007652,-1.9719967267143121,-0.9795935415815881,-1.0924197275564687,-2.00952624586367,-1.0287632412289245,-1.12131638008682,-1.871991483840668,-1.4297668184771097,-0.9549079841943663,-1.8644297560045824,-1.51004625265999,-0.9828111820653749,-1.7869963705927727,-1.1355685269496671,-1.0504072682428376,-1.7328258386647275,-0.7581292792309753,-1.0506642846765757,-1.8631593724424396,-2.043175661261652,-0.9073481448505494,-1.8599698311346993,-1.6404591985542325,-0.9368642990094099,-1.8034886129842371,-1.191730587448306,-1.0013997994785504,-1.7600193006830187,-0.8732707672919512,6
0.17880751517933383,0.6524394315890931,-0.026622055125169512,0.13783586325441155,0.6812916703328253,1.2999353702714802,0.1267430176634197,0.6691799624123945,1.3086040647260337,0.11824828637656205,0.6537902121489241,1.2500630816887504,0.10223060014485359,0.6408123365899472,1.15816560846941,0.1474435677974128,0.6575472410492856,1.1966606621959641,0.18798176319949472,0.6438533016977116,1.2244778077889054,0.19034375593435635,0.6475030879172627,1.196180852731518,0.18202636291230526,0.6486569527618264,1.1425321351991526,0.1921621324518943,0.640755931881845,0.9541668789724209,0.22683754933612765,0.6260316111071277,0.9507569373279147,0.22436981489796884,0.636949333398424,0.9630364509431998,0.20665354884742743,0.6440171417303524,0.9207582048743156,0.2320530823131505,0.6299532567550334,0.5991233778772286,0.26337625248045654,0.6207985958100039,0.6619456927337443,0.2621785387795752,0.6304785601597043,0.7429965266844454,0.24685313754502006,0.6329962511005521,0.7718633302802274,0.26457893543871513,0.6232197460649977,0.32889458655378906,0.2981886011836305,0.6224168428078777,0.5059530093127104,0.2982617357692626,0.6252786845844739,0.6271199284653161,0.2826388785159988,0.6224743050116581,0.6850927700535818,6
0.277000825652217,0.6334210618731746,0.5315600935653748,0.25123012227452884,0.6469733401252021,0.09518608845434434,0.2572799418994617,0.6433076959979401,0.21198770414246515,0.28403855044799214,0.6358155003630029,0.35141132764578137,0.28108960435075525,0.631766460342836,0.4487110212539235,0.32407725163431983,0.6261556801332943,0.3088629811965069,0.3501832824146761,0.6146958572496728,0.49516184982836453,0.33891977509945176,0.6341752171225967,0.5766589661218955,0.31110262979147746,0.6514761219900218,0.5939571975389981,0.3441107637077524,0.6125856163583625,0.5229628664168133,0.35945475650815667,0.6059271449589694,0.583231231110961,0.3405001888795876,0.6205313526767716,0.6341437026457598,0.3029450236860078,0.6331663734645545,0.6406124366409273,0.3505325677349907,0.60449752729701,0.6468802533133584,0.36536654180431155,0.5991486372462064,0.6896334465904213,0.35221868019414704,0.6139039020548438,0.6890427789526831,0.32150530838842045,0.6283924761186257,0.6559120103708778,0.3500943100239031,0.5983686394571976,0.6657900734377815,0.366811017695165,0.5947665203294794,0.7141133326074409,0.3566818103937003,0.6082515006784972,0.715987417236931,0.331319303257046,0.6208553735481149,0.6993614227722282,6
0.19191634390809537,0.6486467118626736,0.12218778577666353,0.13640691959656742,0.6571093912303662,0.3977575038839474,0.11860992821981993,0.6544220499706105,0.43146760964882597,0.15687043112554894,0.6408138189126955,0.4725005702551528,0.17236033931508699,0.6254705452496556,0.46873822852373465,0.1706511008141362,0.6287309537641943,-0.03991590647514325,0.18171941497863991,0.6211277381552592,0.0027104542936095787,0.14244149345130525,0.632628005512726,0.0568542042156751,0.09071514643800156,0.6365674548724118,0.090221821253152,0.21041300760573606,0.621109202116725,-0.04902188073237137,0.19843338519042514,0.6151263416203632,0.055252066236416084,0.15685404079085374,0.6128832979603571,0.1499072930364776,0.11840599553243064,0.6083806411126444,0.19076444464028358,0.23249340192048165,0.6172189846348295,0.008885627254319944,0.21701969609096017,0.6080290618527087,0.189157442857857,0.18456312409748926,0.603469017955957,0.2971106344422486,0.15627887235495652,0.5983667982368787,0.3101300070251288,0.24321762764462534,0.6118221179914458,0.058469263192497026,0.23408853359153262,0.6053352291110503,0.20267257012174605,0.2073511410641259,0.6067114013112184,0.28519512892584414,0.1847042178169443,0.6063802680854999,0.31557829009077354,6
0.1903854766556504,0.6729650730792583,0.44446124720793945,0.14456257291553706,0.6754944942963852,0.607901946384823,0.1314938153913019,0.66612375517261,0.716041285500924,0.14091401065208148,0.6467955681724772,0.8223484011546933,0.13970874955983026,0.6275938962394686,0.8480896933944756,0.1847336301142394,0.6457638272208963,0.21201170877633266,0.18736708395871304,0.6327639808575821,0.4090455685092244,0.15177869227124371,0.6481728775393465,0.5034346026049783,0.10423438885245738,0.6599381308691745,0.5319139565462527,0.22087221349192987,0.6328858602406469,0.2407722678194528,0.22490701211048506,0.625474750536526,0.4654623818955905,0.1928401935088195,0.624175660414119,0.6371178208456628,0.16393274678766773,0.6213148344082678,0.7072307319402079,0.24130057339384323,0.6216144549923495,0.29328738796847387,0.25447277723066375,0.6115283855018299,0.5183283138600998,0.2315586836708085,0.6097613125075997,0.672297092696604,0.20978678140227427,0.6071818327149205,0.711666597714722,0.24820912312450974,0.6101042744604889,0.31495246518667,0.2584453579535033,0.6052209015496532,0.48930696589960637,0.2398515346821266,0.6032918721175121,0.6096808662793577,0.22581555861973504,0.6005088450504265,0.6585111369935794,6
0.1526832032859842,0.6530508049208369,0.13752745597810678,0.1021391822350103,0.6692831634293585,1.0657473680798333,0.12154723348169018,0.6607487561097305,1.0394747472953059,0.18716622177570677,0.6235284536957445,0.9997483289268208,0.26988339483669616,0.5877810651804649,0.8966289506874723,0.119380479406847,0.619346301443038,0.057332944688125886,0.12607006595697023,0.6114315342883218,0.08546993105085249,0.09233851287631362,0.6172537836027392,0.16311839885217636,0.049691611964007815,0.6105207002536576,0.2247898294630985,0.16372372975670144,0.6152415261798564,-0.23638097127795218,0.17848689833601003,0.6183010467226013,-0.08729482155720038,0.1384971462614586,0.624098095921522,0.060554564137762855,0.09695286484889531,0.6178960792895591,0.15772525942202759,0.19814769322191347,0.6102388283870167,-0.3713914419492702,0.21431413223046883,0.6066765183321282,-0.08140093586854186,0.1834017518449394,0.6014232697413939,0.04162288141730257,0.15669719738831672,0.5917690747033059,0.0862918715862642,0.21659028457695548,0.6030540060837712,-0.3800339711709209,0.2386409155866313,0.5969344398995939,-0.12466856404147005,0.22793335236423445,0.5951768146499165,-0.0024410937313411995,0.21583073788408563,0.5890868374543564,0.058969157443705095,6
0.20992892627477008,0.6482497993331646,-0.04267001320634177,0.16936322216354321,0.6641073849040938,1.2865817916598121,0.19231685296872617,0.6509657716073227,1.2197058899123863,0.24577390267978372,0.6213458935104375,1.1373955785104684,0.30426939455911967,0.5955642230084345,0.9984471084811993,0.17211237825315961,0.6167672024719971,0.19328807364830142,0.20370803540243218,0.6127583123580285,0.2185528312399508,0.1844630463235356,0.6133525188967068,0.28525513915902084,0.1562271419713854,0.601594120714296,0.34258025626640976,0.2136148723284891,0.6116973952037228,-0.1389110800075843,0.2443409669580924,0.6140923505159721,0.0696095489406308,0.23100250000471537,0.6109383132548262,0.23330588549867948,0.21910338202307347,0.597530115105571,0.3085585425394486,0.2506774327131501,0.6062453521812212,-0.31452769555459303,0.28178313600082633,0.6022123785897632,0.04418454402975179,0.2726744627434695,0.5925429317016931,0.21413932458676826,0.2658450940595726,0.5779891208801126,0.25754094740186445,0.2781912821327245,0.5979403253324898,-0.34880640217019065,0.3061465758899931,0.5935317826663912,-0.02825460552361911,0.3015455097168434,0.5860670765624153,0.1457741830275315,0.29844270110822163,0.5742174612500106,0.2250643172687902,6
0.2069247548677871,0.6504683838843092,0.09294386144011323,0.15136552878564985,0.6535720528449405,1.0582907633707546,0.13915626505999,0.6509111482431235,1.066802155642944,0.19325614127385182,0.6355408735847188,1.0716465890184652,0.2262727516859125,0.6200859192119935,1.0006544415115866,0.15741270751036207,0.6243968433839995,0.2105313383519636,0.19252242691180937,0.6188891742541914,0.24586764737615685,0.1659425014364254,0.630299574105464,0.2931291385339797,0.12328157149455488,0.6307327221899556,0.33978950153157805,0.20409053542953337,0.6154286352866549,-0.013972400247461342,0.23349327199295405,0.6202728030248821,0.1376328994498187,0.20927087830839275,0.6267108203756242,0.2602195172688711,0.17983212307929716,0.6198743640329958,0.3405523098660128,0.2387412643841521,0.608548670023531,-0.12342166483871402,0.27219426241164607,0.6113915102587346,0.11320765054654762,0.25567005216670197,0.6134458345453772,0.2291454045906395,0.2354710190549121,0.6059187058350672,0.27751114236056496,0.2664531974918298,0.5993921210001742,-0.1377807849835256,0.2960293811123441,0.6019906771796399,0.06930723188458682,0.2870231819356355,0.5992694419675054,0.19357277021289232,0.2781950013379553,0.5911713663425481,0.2660121039087574,6
0.1531794905355065,0.6691723533528389,0.03982803021140447,0.09403017365565644,0.6783453206441985,1.0926779828591564,0.08363458494713706,0.6627260018423928,1.0206411387109666,0.10473614758562654,0.6418734113001624,0.9483559025876279,0.13441162191897482,0.6216665598407178,0.8397351968162642,0.09188487740036796,0.636417974778317,0.186947446783894,0.11153042571648968,0.627452379480025,0.16403152358894538,0.08171019838788665,0.628395834277415,0.1901674094490102,0.04307823256174397,0.6156539572987452,0.24307847372884914,0.14152736274890587,0.6310298144955806,-0.07785107046663452,0.16156435032176072,0.6256087169933675,0.09603521043134892,0.13788145397306864,0.631083793914088,0.19852731304100857,0.11156405081677043,0.625983886803595,0.245512065831501,0.18461546373218243,0.6278312959416715,-0.21833445665433715,0.19864716627708784,0.6148823435262352,0.08391490204471348,0.18005635949111662,0.610394411887057,0.19918854893829685,0.16128590121579078,0.6005301508504972,0.22241476020814513,0.2165269292399488,0.6220976433313253,-0.24751905758520318,0.23545187715777313,0.6130072809958595,0.028408565945647942,0.22909431579195594,0.6059792316085765,0.1782999774302499,0.22182163032547528,0.5935067230123623,0.257227458076768,6
0.18713627314271206,0.6608275875106614,0.11924256134654589,0.13832922107727047,0.6766335027131463,0.9050411791286,0.14459970245661014,0.6651582421911323,0.8645251100798239,0.18121555982239984,0.6402567824109952,0.7993767699930139,0.23512288344121296,0.6212808318154808,0.7044147540442937,0.1500983400379687,0.6323245875884487,0.21611812290662016,0.1943101433135141,0.6226343295686235,0.1517568945700507,0.18152009265405822,0.6266784559790041,0.15121116506511698,0.15206520852937103,0.617346169550594,0.18392785080002422,0.19385458183879942,0.6243346457983854,-0.03142762617023301,0.2363607536941996,0.6203425355649175,0.031099169309089254,0.22728229033113645,0.6277061905834621,0.1089138015054516,0.20390273620277224,0.6217598636849874,0.15192574996519084,0.23242404184074275,0.6189943891593878,-0.1997193901220969,0.26516348311360244,0.6148702511645328,-0.021693679441443188,0.2519600636233344,0.615340326895411,0.06687755255108543,0.22829145820763802,0.6067855526943986,0.09700064294358739,0.25845911157594964,0.6132512651880113,-0.25747958279236394,0.28344631275401666,0.6098790099100102,-0.07503168662406974,0.27626514025068966,0.6091007539587691,0.027364004982830235,0.26141123389209875,0.6017487712615716,0.0822896050723452,6
0.21238235885312956,0.6826503078494998,0.36015378071759807,0.1626903333558205,0.683787837356441,0.8529684549338618,0.1644376129689257,0.6735564343725771,0.8606004232205667,0.20227046921359762,0.6589964465186138,0.8864674464799726,0.21980999693582234,0.6481121471250074,0.8502589053646239,0.17164952217113885,0.6410048308464257,0.0011517719176972298,0.2008385612215319,0.6321978556285904,0.13370185015524244,0.1769980691774681,0.6425706710900458,0.3178030667678311,0.13585620017620578,0.6427592033554467,0.4588867236686561,0.2149691601502124,0.6334923235297857,-0.11130033705968122,0.24521496890654354,0.6349908678458199,0.1144113151875796,0.2198322206346308,0.6426487331651785,0.37630003134748563,0.18808857094423162,0.6372479484532163,0.5627171941468172,0.2503462188492284,0.6275939438853522,-0.10306434239603493,0.2784282032980058,0.6249148871902168,0.16012429227379762,0.25954010732986965,0.6205763597576353,0.40086236386344704,0.2437713232333204,0.6090267056920331,0.5478980108989987,0.2773518239173858,0.6200796358856635,-0.048764052872918705,0.3042552824673766,0.6199247709754486,0.16657691598173077,0.2934302848496449,0.6140744219532718,0.346885663874594,0.2848136314542866,0.6021901544617612,0.47857150495129647,6
0.18262379299462603,0.7010882463394696,0.3276464999119274,0.12390254132265228,0.7039855701837827,0.7529247373325547,0.11229329124081644,0.690979786910259,0.6639128593438204,0.13762275211101913,0.674067841807397,0.6045692482242402,0.16490032581598493,0.6587761286927596,0.5121792352933854,0.1314617325055692,0.655764905781979,-0.09503821204814593,0.15357234946000173,0.6483346692042063,-0.12223932652163486,0.12277952746596607,0.6542041264206921,-0.0731371481301394,0.0805193844504328,0.6480516605451849,0.0060893220375497934,0.1800917344480988,0.6495396649509739,-0.2913768556462534,0.19613598294938334,0.6508993845957426,-0.14164791791153158,0.16202083783166868,0.6581782701246247,-0.010521496778177417,0.12622736588724104,0.6516797851830692,0.09102540103663469,0.21969763619876462,0.6462341591909658,-0.3392099131557111,0.23793858966204318,0.6420886136499487,-0.08252845163677873,0.21285845618315843,0.643750629931533,0.06392334008377888,0.18545681358291022,0.6358525290698779,0.13497371497555277,0.24982015883696565,0.6416831237486911,-0.3031349538290614,0.27024835668871233,0.6370852034381342,-0.09695187647908901,0.2575852304707031,0.6366063882726343,0.04158585231290797,0.2432675085840195,0.6295382786013289,0.13638522633446812,6
0.24174420606389585,0.6802503385402463,0.4082379042735859,0.19390642832943936,0.6814176024880158,0.7164230236922648,0.19065136043193173,0.6732572063829801,0.8044552380978831,0.21349629010420565,0.655612533159479,0.8609313162473194,0.2267087825675151,0.6399390398980632,0.8463795161066544,0.2257655557761381,0.6523548882845118,0.3643603656899988,0.24013336399794855,0.6395582317885986,0.4949043881401813,0.22066626232255335,0.6537221486125234,0.5737293725235326,0.186597773408219,0.6627670132014334,0.5989735908936479,0.2632794794828249,0.6411829455013065,0.28969357766228543,0.28382931013523227,0.6397586740598261,0.370442321121961,0.2572890865932021,0.6509241549447436,0.4545039778414465,0.21741018867146175,0.6531362446341515,0.5023677661104528,0.29144713171832115,0.6330059607845496,0.22731288756549417,0.3160471877032335,0.6311805315418844,0.36019296196127515,0.29382282025506273,0.6396110756190281,0.39029668458419664,0.26248194467049224,0.6425385936846577,0.38636171658786606,0.31185333029874457,0.625725699052997,0.19017261314051825,0.33721658300654167,0.6249898854543796,0.3348174228029288,0.3251802896327186,0.6305055921722199,0.3877450872162716,0.3028975320980426,0.6304142018513162,0.4014815981533779,6
0.366034602640578,0.6837051846976393,0.8447579100261158,0.3478367601040922,0.6795765470958627,0.17929879771063448,0.3710011141778098,0.6729450728732703,0.227224731120705,0.4045514062096638,0.6640342357186271,0.3246756922437494,0.4154540315147036,0.6564686202736605,0.38816953215195577,0.40289756359407136,0.6525163722861943,-0.1138425616053174,0.44918451141337207,0.6485501459433461,0.057283101712355074,0.43050894254887057,0.6647029760183687,0.23421844516906015,0.39198843048078735,0.6712309173204029,0.3735725497394273,0.42606241331246925,0.6416942129290925,0.053418349703516194,0.45799667783810327,0.647520730559208,0.21898943207267052,0.42813211620220276,0.6592710241433564,0.43318244854458215,0.3862603619092759,0.6598933249750677,0.59890955743592,0.43695522708964607,0.6338350214883124,0.2496465681372126,0.46450212190775964,0.6350374803562349,0.40719965202639735,0.440662601705712,0.6452237305252041,0.5492240206496074,0.409030857511182,0.6473923337713595,0.6425515309695609,0.4410635232030839,0.6279871058908126,0.36836210070582764,0.4613496074708107,0.6292181221838831,0.4821268762716489,0.4452647186799681,0.6354000565700909,0.5718355369256641,0.4226732508805375,0.6357881804926182,0.6474743525454385,6
0.3473390418960341,0.6741725265180425,0.16161548810488394,0.3239080086812113,0.6806051582952128,0.6908135667350649,0.3405516087405985,0.6743235624983641,0.8569279147083136,0.368668685999433,0.6589097222728395,1.001850882074989,0.36553281270864657,0.6442266364357699,1.0668289469251773,0.37436097875178315,0.6572278251474791,0.3744607227368083,0.41508000965113884,0.6490130219014998,0.5955561172403518,0.3940385633237646,0.656885218621392,0.7384100840161784,0.35315310671810773,0.6579258599931832,0.8012726900738357,0.39364650832389997,0.6446026106242337,0.44100937589901146,0.4278840736697082,0.6404080114756364,0.5870626919917135,0.40042692825958864,0.6448936991575355,0.7113369850281678,0.36346390435116405,0.6424841285223607,0.7783411471015521,0.40410504640252654,0.6336784582774534,0.4933592778323102,0.44061540325341236,0.6277784613549635,0.643079355338616,0.4220681960389298,0.6337353670354103,0.6844141071394039,0.39512407849006953,0.6354213643610385,0.6810478368487863,0.41166438414137124,0.6240955825114386,0.508725805521356,0.4475992008821429,0.618082617703809,0.6369585726338277,0.4404423185028769,0.6194761602225448,0.6867582378378649,0.42456236211170423,0.6169926783507523,0.7070007743075726,6
0.29447900466399857,0.6967727117220303,0.20584187042446425,0.25819454070485004,0.6970837609120508,1.192535968855905,0.26784911017798174,0.6761330364695574,1.2167664702893495,0.27721700922174225,0.6574320745467708,1.2329003345186564,0.27231178464760175,0.641819398062129,1.1841606496101462,0.28701152377870254,0.6597047328890291,0.48875149466720574,0.31959983424971683,0.6490177603946059,0.6010975319046666,0.2990999798647887,0.6552819293527976,0.6752096417283142,0.2597630900680556,0.6552756040137028,0.7131490413938417,0.31761022376837084,0.6503321431416088,0.33126766017552195,0.3406610170795794,0.6482572961344161,0.492419618234369,0.31295809184095147,0.6542330023686831,0.6170797123785656,0.2752845198626383,0.6535015707905446,0.680142377362045,0.3423776927418701,0.6432845305849703,0.22822972130072816,0.3567194625103287,0.6347045544829926,0.4764140763695279,0.33988465787954786,0.6323505411854187,0.6060681408677981,0.3215852958123816,0.6270013550586159,0.6484781312297155,0.3615284398932062,0.6372801462873366,0.18064459191973753,0.37610625461258784,0.6293687655588993,0.44088850497406085,0.36719465923565464,0.6230363486463896,0.6044856824212995,0.3581595125155588,0.6127957215766225,0.6945000631519358,6
0.14179288746574556,0.6601194756412595,-0.3778344970688077,0.07346432855622656,0.6787201423344501,1.0708325583211307,0.06288499487084162,0.6670427482560058,0.974229364744733,0.08599561545080572,0.6454346646234121,0.8649368167411216,0.11312489647875638,0.6251465548153252,0.7395135223401228,0.0684813842416396,0.6213685401849267,0.025617135793606582,0.08311826156794092,0.6281566691922144,-0.005985724256719072,0.06375100813924969,0.614241543158713,0.05584104877866349,0.051385850356332245,0.5891554248885491,0.1278750149058571,0.12465868195371989,0.6151520748963433,-0.30656039226453125,0.14437654451451443,0.622026114022536,-0.06450337076982918,0.12799660113611172,0.6099862519277124,0.08139873328543425,0.12767294600152412,0.5913903099944211,0.1288939429408378,0.17252966466936573,0.6113080269693562,-0.47199066322389466,0.18796064987055125,0.6091901858603911,-0.11179678529685241,0.1766860678853249,0.5913523608750437,0.06001485059476388,0.17992940676848942,0.5719866957687539,0.09384100838906181,0.20912943941421497,0.6080842601882722,-0.4917848827617598,0.22319601125534339,0.6044407840718851,-0.20166249070680975,0.21286468885233406,0.5906871097692806,-0.035613348847337335,0.21402504414260912,0.5731022909344462,0.03613194120068252,6
0.19128781710932732,0.6439975715528692,-0.11842064294812943,0.1452012470425835,0.6673766629801774,1.5505792144324857,0.16905718409290169,0.660100478820333,1.5185655881161026,0.20121044909617306,0.6386201402343407,1.4283135093486357,0.23359893392432463,0.6197553328811988,1.278484333726066,0.14806514272748283,0.6231380332389006,0.6481205383696509,0.19297882382044665,0.6179469623092012,0.6806234042856216,0.1913988947455607,0.6204221713206243,0.7249315400746006,0.1784721454153638,0.6107924302624597,0.7533463693467531,0.1914702144920684,0.6134719226537211,0.2458230147549547,0.24170637260730865,0.6131445878213032,0.43365766295120484,0.23991170252260918,0.6190718189280622,0.5400527283393135,0.22887959372521538,0.6134860014706133,0.5703769819701684,0.2341806443096355,0.6060336296896683,-0.07959646866746091,0.2804936151642527,0.605684430103982,0.22985071495380505,0.2790664564274882,0.6051110799501389,0.3199607738219985,0.2697598808552818,0.596963128727834,0.3234701452254295,0.26888106451355054,0.5974672876445594,-0.2327249978598697,0.309371179803188,0.5969126504114218,0.04503759057780791,0.3091645893346329,0.5969894909433964,0.16240342070799454,0.30034529395388376,0.5909389624273625,0.21225035114494953,6
0.10685986583322578,0.6519617850594063,-0.0008462544787829606,0.035412088186229825,0.6688587621504493,1.3992179912190092,0.01630448381511609,0.6692934109380391,1.410678359848139,0.034670896294681106,0.6558549163079231,1.3694591680255073,0.04431296351257444,0.6383478458349959,1.2609003712745113,0.03566471068687198,0.6325959134999064,0.6170993500902381,0.05293100476196888,0.6251868809865645,0.6937100865403166,0.02633048421124642,0.6319040719442899,0.7496760482393309,-0.008053318816840103,0.6269086020486505,0.7736300625015639,0.09505805407333903,0.6232368843282384,0.30172174933086754,0.12028754019454957,0.6238843987363727,0.48147885372410426,0.09494994482948742,0.6330718428174015,0.5676709269687163,0.06475612661697455,0.6306282288090339,0.5916495335584105,0.1429323937893262,0.6188227825083399,0.05130287525945357,0.16192556771719505,0.6186127084691513,0.34962975495932763,0.1402460126288256,0.6242118121671204,0.39703360420483497,0.11484630613874364,0.6221867661329021,0.3680547453959831,0.17890290982040302,0.6142182688979442,-0.07057924927646135,0.19854201751313705,0.6156766277999618,0.20265781711173075,0.18260723379136293,0.6168425744107994,0.31036072410668547,0.16485591087610396,0.6116250164636571,0.3470710178039001,6
0.0812800697308881,0.6433029746262284,0.047235715899276026,0.01050110618874794,0.664843807060955,1.3549645643969441,-0.0035255333676411957,0.6642104367837632,1.2710919343445872,0.011319276649063431,0.6434302782891976,1.169951939655617,0.03777142100417491,0.6241576980173852,1.0204862934387278,-0.00933961966363412,0.6112098029623015,0.2576216002652405,-0.0015744388163503496,0.6165291552929827,0.2092857361638635,-0.032908023332084035,0.6287177973869839,0.23330931281749173,-0.06692593640485538,0.623460923916052,0.2832503658976786,0.048749618375382955,0.6075612991587142,-0.11970955824042316,0.05343987882242759,0.6141230928185691,0.03541873410160973,0.02046854856312651,0.6247462610347376,0.13055736424150677,-0.008170482948654462,0.6215495831122089,0.1750284608432721,0.09810084382236764,0.607033739880028,-0.34835783023454137,0.10502996449051684,0.6113042908839058,-0.028389697913201065,0.07865771288372751,0.614045293406469,0.07768753826656306,0.05495135531834188,0.607398418945263,0.09134172904837715,0.13313094152367513,0.6072081370523236,-0.41076071217786614,0.1449527360586811,0.60897649469004,-0.13641248457006247,0.1307349599874835,0.6120620148508936,-0.01665227166656344,0.11725654309740599,0.6081668567336131,0.036029211218205556,6
0.12865916658653775,0.6558092758696469,-0.36965772313943834,0.05917848003467902,0.6652698609928196,0.7822527329818384,0.03271471596675403,0.640267095433641,0.6693189727945311,0.03822092445264417,0.6168056568743188,0.5196602793062592,0.06511401099061175,0.600869962124383,0.38466620796502893,0.06770995743827164,0.6313931172640207,0.1523576539985825,0.10850558237520223,0.629276449931497,-0.02735313725317529,0.08174554293919793,0.5989683577200482,-0.12900296010050857,0.06695247804028498,0.563025753527789,-0.1313890326623009,0.12060238473253415,0.6246095648807416,-0.14334871116600115,0.1496241529210585,0.6174522592460461,-0.033735614210578656,0.13204009751284213,0.5954391169801813,-0.0092562204636973,0.13272545902231936,0.5685627549118226,-0.02467667836267297,0.1686182237681356,0.6171554678873638,-0.3581339790843303,0.19875190318714092,0.6056177934724754,-0.12004308005565666,0.1916096124046907,0.5852839148854545,-0.020650974635261138,0.19470409530936464,0.5615014627241662,-0.0060585664055601155,0.20949599529261084,0.607868669678379,-0.4414905017030396,0.23935617699384734,0.601347483769521,-0.23967067406796252,0.23432811335661677,0.5854223222005369,-0.11049362979651313,0.23626128205094565,0.5646933750949453,-0.0426820671173467,6
0.12322256535313433,0.6705704386158315,-0.1954684547332146,0.05366901867467997,0.6748783852746665,1.0559496738903582,0.02476021310441005,0.6547683981150386,0.9791153878995492,0.034113866115328594,0.6251862210091895,0.8302561616524876,0.0835147300511139,0.605044109242902,0.6439811046217329,0.0303986143820418,0.6438566219218314,0.43954917244101166,0.05054997237903571,0.6289325350897447,0.3278020261720526,0.02610698190148392,0.6294088578451342,0.25555086576790714,0.00010047426437856476,0.6225637647675498,0.20830894378251155,0.08381582359203976,0.6412108477365303,0.05460095520966896,0.1009264188426465,0.6266327106009784,0.10658272422689394,0.08358569343751196,0.6139750732473205,0.10734335885584773,0.07617340256813268,0.5964363169649128,0.08397351308588019,0.1362738261343929,0.638225198783543,-0.2601998547617902,0.15276988598799437,0.6259432525034684,-0.04582129944789502,0.13847105166704188,0.6096350973296739,0.06495455587495381,0.13155264499849742,0.590500175536896,0.07925521508950215,0.17904395086826316,0.6325689776050577,-0.41185353337703146,0.19480764165778267,0.6199955195605019,-0.2114520490347451,0.1856120803101715,0.6072602636932278,-0.07353908426284403,0.1821730446954345,0.5925055174706094,-0.006366403528699263,6
0.1033866329662711,0.680977300198236,0.26847017259604405,0.04501193440484101,0.6954638304853108,1.1366000072987912,0.05256051980862785,0.6886387855874346,1.0560710942791434,0.07960223921316265,0.6603537365574388,0.9579882290683961,0.13009556376172524,0.6362152605901322,0.8045878831798771,0.04517986129255183,0.6386705536444331,-0.006370243012167475,0.04663369848002696,0.6351616583692655,-0.029596372335540584,0.018590027474076315,0.6441775860693335,0.02551089869989401,-0.0129107132869058,0.6387934140378009,0.0886477173130787,0.096394284724106,0.633243938926024,-0.36513047776719004,0.10423449823395485,0.6354592505699265,-0.16867072360169003,0.07615202933489758,0.6432252061764039,-0.03164703324792349,0.05291580294859905,0.6377060597010534,0.03129750853502716,0.14314047402854288,0.6300518748629408,-0.5401895344293042,0.15424877115794397,0.6299007994758064,-0.23453843236639646,0.1295606764981678,0.6200216706089532,-0.092479208174091,0.11352881213257847,0.6027901265216841,-0.048870005017236,0.17490473551715924,0.6267144911655259,-0.5540497061255741,0.18780440261983658,0.6252209616314145,-0.32625628659102435,0.17535841182238607,0.618767301277441,-0.20763024159311808,0.1689256732519003,0.6073306763955083,-0.15046663738646526,6
0.1644354098154246,0.6706824703781931,0.425729352838328,0.11014144612178196,0.6776270776698451,0.6173909884623267,0.1025795625531736,0.6687150635599516,0.5773965591964455,0.10532435482725624,0.6551941998585509,0.5465207987783692,0.11056699254460248,0.645047693627655,0.4919855059738401,0.13446675024880367,0.6385894017857189,0.15920064589779642,0.15308002343302493,0.6305154411815531,0.1906094271598316,0.13930518429524263,0.6474803667969183,0.2611895721575592,0.11271424699511445,0.6518357437453505,0.3179992827927699,0.17607811781280983,0.6317528106494811,0.03519875362146666,0.1925032999537634,0.630238307814402,0.12269106298016211,0.17211220814466863,0.6456803548158923,0.23802942139961242,0.14039946441402323,0.6496474767440923,0.3102019862416188,0.2112357064706202,0.628025189170778,-0.037938973613336965,0.23468420439287366,0.6257014052694283,0.10525853535895041,0.21550933725884844,0.6325025558586324,0.20858826620718898,0.18645343849755294,0.6306963713614343,0.2536174596215542,0.23662867259592932,0.6249000332704281,-0.05932099889528692,0.26303014405655323,0.6232989135698098,0.05400570130774725,0.25257770146920555,0.6264823673372976,0.1364573418575134,0.23193368379792495,0.6232678472588686,0.1905496561407577,6
0.16436073336408583,0.6696318614067148,-0.1626588677463191,0.10301108006013553,0.6829393653292136,0.9840627201361218,0.09692497859086979,0.6746446998593156,1.0055518243778507,0.11517318880062156,0.6522302875743012,0.9849991380195854,0.15820120779096664,0.6300238244969476,0.9176896427138349,0.12670460055146684,0.6459504491720803,0.34943222465456075,0.17028910006040732,0.6383077683973378,0.3824374179577873,0.15326940070007825,0.633349763654747,0.44076139557636423,0.12744242166393988,0.6135943054273224,0.4895436193602166,0.1726735203070473,0.6369883094725906,0.13425522237825777,0.19653971430211434,0.6309166379708712,0.3351410540334253,0.1813649630993443,0.6238201360994715,0.4325490149223863,0.17248091713058855,0.6084450819333339,0.4512082480382629,0.21083980848739148,0.629700304094074,-0.021540808723061293,0.23539390169539337,0.6225818332346081,0.24348041615644492,0.2203593558387925,0.6108562734399497,0.3381124796328037,0.21104819227209884,0.5940965610303001,0.3332045826550611,0.24093608128218194,0.6212951993988907,-0.08787534404141292,0.2635628359775075,0.6159709203932986,0.10755042887400473,0.2581052367685911,0.6058708895650236,0.21038996293065662,0.2552433952604571,0.5923202260138818,0.24983130327810507,6
0.13688368866992226,0.673572534190729,-0.021691170008971992,0.06688742027040548,0.6862205425065749,0.9835654144185523,0.05401979911071254,0.6691673570206562,0.8642487174739906,0.05675153103479855,0.6488939057729463,0.759497993980423,0.07624467059944269,0.6326400208705791,0.6480380813196485,0.07951988110960237,0.6342596632228285,0.11317165836819834,0.09542835435686578,0.6320716620753444,0.11069766738637225,0.06858177666700009,0.6353040217184557,0.21344010126188032,0.039083123104651576,0.6194527286074942,0.32398644268794574,0.13139236515942765,0.6304898241785943,-0.11975428147052834,0.1436383185889194,0.6317891695022769,0.06413046514740604,0.11763405600643843,0.6288613387523896,0.23943278393849984,0.10178082173543299,0.615352120424653,0.347486931476539,0.17360981152911967,0.6293175321159241,-0.23085441415932956,0.1874503716447726,0.6249375282078715,0.05652482399587123,0.16702782589838464,0.6182202587909371,0.2338731147642682,0.15327152909315175,0.604513781481119,0.3058203059282687,0.20377365074654208,0.6278618225758885,-0.23854421993677982,0.22383223825292228,0.6216160118660446,-0.01011273074676723,0.2115070774733543,0.616240733034388,0.1427344650560531,0.2015166336936036,0.6043302181473529,0.23876498076477728,6
0.7775158513518778,0.5005087129459218,-0.7120147902146736,0.7790090719272028,0.4881411614934202,9.8411603059707e-05,0.7709038295868956,0.47975693999094315,0.057312609641646764,0.7602951968527579,0.48211567616714607,0.07782912942595986,0.7630796518723832,0.48494074970228124,0.14436180155121375,0.7592506384813572,0.48718407842099254,0.45252587143866757,0.7416708400712032,0.46095619660558057,0.31989303196557867,0.7844773471119424,0.4094432746454821,0.20577909517113155,0.8634676765944167,0.37321440606307343,0.15795732930581521,0.7588659234032463,0.48890512900823285,0.5209050623029766,0.7353906892489357,0.4601818873496667,0.43781339625059973,0.7767046647147979,0.4150502882744229,0.3424760168484007,0.8569971856568631,0.38542024669995295,0.26770074383625525,0.7597835353035479,0.48905472444912695,0.4559146751489629,0.7267147467544253,0.46119588753848306,0.39742390430974023,0.7579848936104892,0.42041072263320883,0.42116749454996855,0.8242354619412062,0.3923235238045231,0.4139639308352747,0.7623452252358432,0.48858576615280425,0.35813747946165586,0.7124300717265271,0.4579678094883218,0.3198365534523119,0.7268283819117232,0.4219111326164719,0.3386108004335314,0.7692526981217234,0.39779656981459066,0.34292276261881055,7
0.7677433486626166,0.5006826289198734,-0.5772040913078041,0.7693186272720303,0.5008682419018315,0.2396477461898285,0.7678787110336897,0.48982444619258647,0.2774229673114603,0.7596810087258972,0.48452171806271627,0.29309385318909903,0.7586513481416518,0.4849985297553092,0.344007018645162,0.7617537854536649,0.4867247643654442,0.4252462611922254,0.7500840801061678,0.4607150322459178,0.38464834636610556,0.7858110841511298,0.4058165970959586,0.3450738952293855,0.8576808342083572,0.3661416079699832,0.34079076697446575,0.7610032358200751,0.4880951435327519,0.46499037940230664,0.7370433801761509,0.46082047745643895,0.48268716382004945,0.7695286649397699,0.41236636108421426,0.4507303082791883,0.8411068317099137,0.37881482032051006,0.4121975198573616,0.7621129429253405,0.4871985310791085,0.41544976711103226,0.7289938219171804,0.46226593290696283,0.45962819033224495,0.7529881472957283,0.42043981029946437,0.49591043006136104,0.8112085445836666,0.3905775326058061,0.48380757742938507,0.7615095381715169,0.4853478948512977,0.34611173739892637,0.70982667827308,0.4518247878599377,0.3656267638211624,0.715707487730941,0.4173827530699223,0.38114669351693625,0.7495560593439562,0.3946474046444873,0.37793259027804194,7
0.7468728362728306,0.4912065201060399,-0.9844548863404803,0.7253012423165576,0.481940077074716,0.2698078659433677,0.7087389259845659,0.4747063797011371,0.29536866701061776,0.6989709545889282,0.474915062106986,0.30516578957092644,0.7034902037658406,0.4775121872682368,0.3663443863110655,0.7054892838664122,0.48102582727051774,0.33747774467163255,0.6874761348136583,0.45760009651459616,0.2722417938598665,0.7412208140350709,0.3899313916922572,0.19460704253491753,0.8393572776826744,0.345197549654263,0.1584464535744488,0.7171325182012209,0.4857237270900148,0.3367511148115878,0.6810470104850045,0.45708716222166135,0.3795491285162094,0.7254670998875608,0.40311147348803855,0.33354749080015467,0.8239523470250232,0.3704770018028953,0.2670478547644804,0.7268873743388488,0.48851232485563667,0.2851739838745925,0.6785743113129047,0.4636061267815507,0.35850501309428373,0.7132996289162852,0.41603998460802954,0.4405815753436771,0.794562885838642,0.3853332847851375,0.4435969321360009,0.7328080620470803,0.49028468817624393,0.2286941521274221,0.6696566492309124,0.4635954155693252,0.2598932305193378,0.6901391400934884,0.42200781928125636,0.31917866041659326,0.748454779959864,0.39559649696403537,0.3402101078941003,7
0.7119717077080702,0.4769237152023189,-1.0020019810973235,0.6973269567462335,0.4706151074335422,0.16346220190916583,0.680884352639635,0.461160085508102,0.1363186364292682,0.6673501387919897,0.4646868823898768,0.11940911940596316,0.6647201509714621,0.47136613094272656,0.1776335065694601,0.6675306516533334,0.4653315496247207,0.17560473599508913,0.6519072787147762,0.4489727969346433,0.06044892691531694,0.7042764020041431,0.3813979190044155,-0.0007211028177032578,0.7998914892497053,0.33446006846949594,0.0025595623719700937,0.6819161101534276,0.4722488623359733,0.17640012691302193,0.6535321343300614,0.44760253702722197,0.22434998382654894,0.6955597022237775,0.3915829919952981,0.22410972607448826,0.7896594173791177,0.35892368323634244,0.19258665594029262,0.6920023715371423,0.4747211117710253,0.14393512909971354,0.6535815708883969,0.45075915025250546,0.22788427809499567,0.6876925267842593,0.4009955906844393,0.3476060084835925,0.7658400454711571,0.37096355385730345,0.376347577356949,0.6959895604837625,0.47575899088268686,0.10884484734079108,0.6384680904999082,0.4443953794113165,0.15208524187255862,0.6592966779473933,0.4016615013759665,0.22331864741480986,0.7169271818614846,0.37685416083674217,0.2541148529002177,7
0.7452190640275573,0.4698016960236289,-0.8581113106780184,0.7418673009939367,0.4719236780435123,0.17768513543765746,0.7366536859673786,0.4679525908847891,0.20861543732923798,0.7313369021742916,0.4692112751734023,0.1999884339073153,0.7311242005295862,0.47095824070536924,0.24859880972367515,0.7354809392653978,0.4693601792707674,0.5501890042700999,0.7143142151560348,0.4449089156102329,0.3706944950030973,0.7628724703501097,0.38106556219085946,0.20617205641552658,0.8512093635205399,0.33916926560546806,0.1345014798716487,0.7370339829365691,0.46932924903647705,0.5531860128798297,0.7064479169066054,0.4432718713598864,0.44848471630182096,0.7508484837072233,0.39000845726387384,0.33639541771636,0.8413063257756157,0.35637221435098,0.2591985202186446,0.7373521737852959,0.4685630516713316,0.4351750061400002,0.6983955620666313,0.4424344597157103,0.3998356763183235,0.7310901444480711,0.3953976060795048,0.46625161245997376,0.8064102185416736,0.36413368401658397,0.48779446654641334,0.739087028482565,0.4671967220416389,0.3046045331949696,0.6848660310214817,0.4377641118442603,0.300863996786007,0.7014994675538362,0.39667564821275175,0.3693291081445875,0.7529450001877354,0.3691874636165213,0.4075304384864946,7
0.7546259632571392,0.4792422391986176,-0.6180269721898134,0.7536845663727428,0.479546044003735,0.17705753550398026,0.7489949067317296,0.4706585483112742,0.20841663612373812,0.7444946616906764,0.469331632860646,0.22189279789118227,0.7395685213653752,0.4696308825008772,0.2730727552010213,0.7510593272060547,0.46927738798056445,0.3523544505231044,0.733151754795725,0.44892840473607043,0.30340877084606555,0.7686897676776955,0.39570038083345144,0.25720400385081676,0.8392359511481857,0.35825219842062495,0.24463064249777364,0.7498775561694938,0.47097110409349724,0.4040130503655791,0.7242858291014341,0.44747331938135065,0.4350713734508378,0.7579019240455341,0.4015856306620616,0.42159805978435594,0.8304033234712171,0.370934870792008,0.3835871200330088,0.7477351439241859,0.4712655778431085,0.3738004835651134,0.7154148910026178,0.44757139788042943,0.4147881810085132,0.7400209725739197,0.4081658268845425,0.4808414625815238,0.7982101284921362,0.37993820460706934,0.48370209945509757,0.7455545524686649,0.4717631125224603,0.3183017614680029,0.6973827104757139,0.4425002319523935,0.33643312146243315,0.7043504514496937,0.41032648080545964,0.3736991742507839,0.7400582619319529,0.38888152404428206,0.38429274162123306,7
0.7525669156874126,0.4790181756738947,-0.8061190724561917,0.7465075555714806,0.4762228894413102,-0.0002777122714831649,0.7400409110140701,0.46735233413534694,0.07645071363240791,0.7350178739938189,0.4663129619981354,0.10655230235107585,0.7238757267651229,0.46760963598833233,0.19292642535621063,0.7386872373354881,0.46976894418873305,0.5797157720175965,0.7169603461688785,0.44754476474909105,0.42919093483484844,0.7590448633522235,0.3845010439298209,0.2779219796049421,0.8456424254782411,0.3422442922089955,0.2139456217100389,0.7375986799192027,0.4720653093964097,0.6974838037094333,0.7125299633873908,0.4470066862191809,0.5856951079135949,0.7472817145882745,0.39565867575929714,0.46332167451583056,0.8312584412503319,0.36243546570521956,0.383697437913851,0.7334274843295089,0.4729139488727347,0.6418242484063669,0.7022155266500876,0.4471692625327656,0.570273064880989,0.7282044989966743,0.4034017730243427,0.5731993078500166,0.7949931630158125,0.373337720414708,0.562386953746482,0.7278603119189386,0.4744161372279802,0.5261471798685191,0.680258324939637,0.4438552153094688,0.47813691924725144,0.691035163603615,0.40791328761042794,0.47859623846351956,0.7330638318115624,0.3837746914663033,0.4771795804334631,7
0.7660693515451056,0.4849231386913125,-0.6729719280691674,0.7650901022230177,0.4788099523774649,0.16804502602233995,0.772583135450417,0.47688080977599123,0.2904125383508712,0.7771744583696303,0.47762130331485003,0.35569765410344417,0.7718509958693743,0.47684151651573853,0.4459175139562365,0.7778668519718286,0.48459049780513014,0.6558323525672795,0.7611114062646461,0.4526027320482852,0.613468623236071,0.8022733286971714,0.3937635261810699,0.508616068703545,0.8823675341589208,0.355787675943237,0.4446491148893493,0.7763107921080382,0.4795633512346175,0.7562197890153262,0.7485492741395056,0.45161028354858895,0.7190852118972902,0.7848640350883672,0.4017241212072032,0.6438893198559218,0.8662300517127212,0.3674303560848628,0.5775455137216184,0.7706302048519283,0.473191138187333,0.6964863512605396,0.7373786399883904,0.44747362984964745,0.6667176694953575,0.7640514185009142,0.4044643581194688,0.6934076438220507,0.8329669626924627,0.37396213123868494,0.6862863202019933,0.7639547524878942,0.4681221557729355,0.5840843049878641,0.7152879559790057,0.4426449571948209,0.5637306632289093,0.7263412874048407,0.4054007588008916,0.5939515360592132,0.76906142771607,0.3789915925414149,0.6022940388728752,7
0.7489645547900179,0.4976748428427607,-0.7735894801853175,0.7488550417940657,0.4938054642322579,0.16072358401684672,0.7410778971847874,0.4898199442669657,0.274131993922512,0.7356507683580459,0.4863454288849016,0.3300996836129611,0.741048220223487,0.484489326548259,0.40855519478602503,0.7339620264904906,0.494108763792653,0.662674951456502,0.7215301415987657,0.4578110841550043,0.5988305722045075,0.7709039998627845,0.40070772901499824,0.46197819411461555,0.8507348901088787,0.3626029583261551,0.37068612160053244,0.7348490652508555,0.4924071330802043,0.735142717807453,0.7150593537999351,0.4569894366906445,0.681523870754128,0.7549740080534101,0.41187332495619255,0.5606581930614315,0.8327340958468816,0.3813028174200802,0.4608693046672194,0.7354513958697549,0.48971468574187405,0.6501895710648783,0.7051548632938174,0.45933366383637764,0.6165045444347378,0.7334911437450732,0.4207129814260381,0.603946521072785,0.7949140949875291,0.3927147844454315,0.5664544258412664,0.7355964511055773,0.48626788148194533,0.522125131867793,0.6908102089702902,0.4527485545560259,0.4987307515751295,0.7042673491774046,0.42068996679549536,0.501673086682614,0.7441945897793202,0.39986635960963396,0.4916601498351458,7
0.7410807440158667,0.5103258962362779,-0.7822885410647594,0.7304492069445345,0.5048147771589782,0.11155187419407302,0.7149825496651554,0.49297459361365875,0.16567996775288488,0.7125880561561969,0.49089733993872064,0.18044409733864794,0.7085272238758391,0.4904317015909491,0.24090802216064416,0.7132886748577046,0.4942789914289449,0.5309971468511411,0.6976479595327549,0.4637257211289054,0.42257226232466183,0.7448945682801903,0.39942664457001864,0.2871033539535965,0.8303119512274897,0.3574062107471892,0.21677597994568112,0.7186780478789815,0.49663842498656685,0.5893696922439333,0.6937254338113018,0.46317763725955835,0.541358345613543,0.7335676031301084,0.4122237109290596,0.43076417011361295,0.8191314075176811,0.38055205763316996,0.3393660747919319,0.722521585948992,0.49700490400692193,0.5155958536077758,0.6879243847471639,0.4654796709924835,0.49432396730094685,0.7177050179967844,0.42192075191621353,0.5068969023860298,0.7873612594951028,0.392971274743705,0.4866136070193744,0.7255855536283173,0.49693043765740424,0.4110632307601943,0.676220456951276,0.4629129472792915,0.3920791803509093,0.6901185702241099,0.42597991938658025,0.4142855254626189,0.7357466730961454,0.40196036362913606,0.42062352670322817,7
0.7296879179084941,0.4971808361192051,-0.7009856072812866,0.7232183752898695,0.4895670704632134,0.1900998398115525,0.7173870551818426,0.48546117988089166,0.3130490298081568,0.7056937684513003,0.48223214238182305,0.3951504534496555,0.6943745680578811,0.48013339652318177,0.4970847441811114,0.7167317211536561,0.48840463516467747,0.5204840801761549,0.6985335637469617,0.4618412972389241,0.5625706216011123,0.7358432445076225,0.40158370071850885,0.5466697657447994,0.8121649681403932,0.3621073531139379,0.5348213282663727,0.7198763874060821,0.4907245188756506,0.6408833950912205,0.6914469143284055,0.46166651562137984,0.7000532631651021,0.7208909042268314,0.41148525781026574,0.6636197223848175,0.7955630382480589,0.37944178589925276,0.6104034587253478,0.7212606352858737,0.49063957873128744,0.6361046417132539,0.6894501920528173,0.46520540593771087,0.6916113961388435,0.7087741898709359,0.42290695027039027,0.7003169816006427,0.7671694916211326,0.39347522045694694,0.6657766836088388,0.7194958989736503,0.49075686579565087,0.5710848063231172,0.6732906513860276,0.4614396012704169,0.5895517383549849,0.6775149998585268,0.4289078035122318,0.5886563509339526,0.7101922728201306,0.4076912388831128,0.5701526855437606,7
0.7506681113361838,0.49833245150500277,-0.7367814300091653,0.7387878511650736,0.49950348109138276,0.2660184269924466,0.7346487802595787,0.49334465189968985,0.35275608264547675,0.7272703740179364,0.48850575208411273,0.397055700489439,0.7269344186425036,0.4857354233083099,0.4741630173382389,0.7415353096256235,0.4917692950576115,0.5227184157258985,0.7131732228844415,0.46320149415474704,0.4767849973745516,0.7490932930668449,0.4010415361128316,0.4168106484009128,0.8299902192565687,0.35955091150541213,0.39110584286469663,0.7427975035936241,0.49063643534876616,0.5723649379215212,0.7044625297644448,0.46045831813561194,0.5835513778795437,0.7362204841658201,0.40809346286900655,0.5436222880850254,0.8161841082555505,0.3741445566315605,0.4931468648161626,0.7409970849419114,0.488598685345612,0.5085964622326521,0.6967759104895704,0.46072943111793635,0.5480313756121582,0.7202385168846209,0.41658531511626373,0.5915848383895743,0.7867029721898591,0.3853997915650225,0.5822790846955883,0.7391865868692898,0.48688913764542724,0.41599019873269905,0.6837034348557195,0.45566431088069115,0.43790414225448254,0.6926667656427162,0.41858749540263407,0.4670389836432382,0.7341853336173979,0.39328140654730076,0.4716367751247504,7
0.7369976534629785,0.4744380327034493,-0.9559328149046113,0.7301128266107672,0.4710061251227553,0.24388896987583944,0.7279443834660253,0.46887158396818496,0.3321517253247663,0.7169445309917301,0.4704226349909733,0.3859720658762129,0.7112912711228299,0.47115321540485633,0.4746826660466801,0.7111499605476777,0.47805107883342396,0.5394585539378707,0.700012483942397,0.4516487985677163,0.5231129586878904,0.7480974083563683,0.3875437403436707,0.4554835702679945,0.8363121983215338,0.3449033136726312,0.41509636960786306,0.7186288010491007,0.4805943661812868,0.5989412341246754,0.6956334915629616,0.44993120396452013,0.6630145771043486,0.7337702604664124,0.39726306180963883,0.6203764905477748,0.8190552188292722,0.3649469619010563,0.5520408922947054,0.7230164584280279,0.47887867290777386,0.5390561039959909,0.6908436119041635,0.4514599926626374,0.6066070719425553,0.7181612078632148,0.40544549774907934,0.6422428009596268,0.786828929397706,0.37531937148630057,0.6165829359960535,0.7233017445752666,0.47577791239020406,0.4427831082350168,0.6712191595094384,0.44174755308936065,0.469100543972183,0.6828351908745772,0.4042685976905112,0.4856262899932407,0.7266061384682699,0.38111375875675496,0.4762469349599353,7
0.749828779138324,0.4765392506464056,-0.794628774904399,0.7344140098118734,0.46881305465113315,0.17678490929077312,0.7200727605640431,0.4710865313736264,0.3238320938268813,0.7084768408772444,0.4752188749295204,0.43362596661007596,0.7073508039230003,0.4756302460890196,0.5527357471173782,0.7161651214670445,0.48049246555937536,0.39095554901826546,0.7018021424586065,0.452694010389171,0.4831267173931981,0.7412977404114542,0.3919559885434175,0.508712905104098,0.819916867076118,0.3515243339742787,0.5101923978979794,0.7243652359497212,0.48359221515994133,0.497994333762938,0.6976440557159829,0.45146731934464623,0.6121722573331816,0.7323246381341111,0.3998297858706552,0.5999346166455349,0.8113180570248084,0.3672806401931847,0.5489619578656636,0.7299322039067121,0.4828077966194264,0.5172549722804242,0.6988949476537645,0.45306904862187575,0.5986256352096905,0.7244260375103923,0.4082480311587429,0.6295627896555587,0.7890373178155767,0.37769730257841555,0.5996707155576281,0.7339115008332802,0.480815333732401,0.48214697276747076,0.685880042497126,0.4454590292413494,0.5100994138122623,0.6972933406633243,0.40839539645949025,0.5194612949237812,0.7381581968890086,0.38488722980094825,0.5036962297500565,7
0.7101063521840035,0.4752510632074436,-1.0057385657031415,0.6816749555624785,0.46895154696878344,0.47491112197074936,0.6590020697717283,0.4657571518237045,0.5274865771985078,0.645697669040479,0.46944337371577766,0.5261197762562517,0.6498378989258721,0.47235630691995945,0.5665163459527741,0.6565116621298236,0.4781202081945505,0.6243331904362615,0.644311668886349,0.45311748203623137,0.5744022258039586,0.684913825159323,0.3840468632369687,0.4746240519759644,0.7688752273257711,0.34045447510655713,0.4061719400537894,0.6714339224132894,0.47879221004739,0.5735615063753849,0.6392226003715724,0.4483268556688759,0.6144129217663675,0.6749977028684088,0.3927405869936459,0.5420648650864885,0.7672288660219166,0.36067061089797825,0.4472677988921481,0.6840244037136928,0.47711190443221374,0.4364854369358271,0.6406846867320999,0.45108976056712347,0.5157791049839614,0.6702683859600159,0.40344755448166664,0.5930580755334793,0.7482869431922281,0.3733866593659441,0.5853341876971814,0.6935903542097352,0.47486566637626804,0.30884656444816116,0.636979872566441,0.4500991141979091,0.36899826738003133,0.6526953954664511,0.40991244996420445,0.45410877687584966,0.7067300256975328,0.3834820151880622,0.48550739610349214,7
0.6943348412371937,0.46125064947615113,-0.8298884771448255,0.6828392800244255,0.45904488409380867,0.1348038157779915,0.6750067821173101,0.4512444442640675,0.14927733208509505,0.666042780647166,0.45363371048861195,0.1401982984268733,0.661998195814527,0.45824056081446696,0.19412138758517403,0.6701162614908287,0.4599949268889001,0.3250928204842292,0.6464188631240999,0.4418498442186883,0.22389132795150304,0.681700589626877,0.3803363109134059,0.17066267980975675,0.7604581989956171,0.33800629907259316,0.16814065739525028,0.6788143806514322,0.4632082645719846,0.3539196627395673,0.6390490588324252,0.43643908218613325,0.3619120939966102,0.6747188077722572,0.38214899648561773,0.34276806612857463,0.759201986704951,0.349289780543197,0.29885595038567997,0.6862018426214507,0.4628473801460923,0.29858749965761616,0.6404844297600784,0.4417220395124595,0.324550452360732,0.6700851986062446,0.3930217760869985,0.4127440283697684,0.7398901024676597,0.36041633147448293,0.4281291015653105,0.6914671961898086,0.4612702765356407,0.22858177430984541,0.6365538770984969,0.43205741799137276,0.22401554572763252,0.6498057402161619,0.3918238319053751,0.2639674725942598,0.6962219497992811,0.3656087591603662,0.278498172262852,7
0.741732607205678,0.45913591659043373,-0.8107687087984415,0.7277563702459482,0.46713594243214135,0.29392223958439223,0.7316384616992945,0.46191790965427265,0.31622778402155716,0.7373862914914764,0.4635914328623304,0.32144433222977614,0.738093139644705,0.4654696633394285,0.37870764937226653,0.7288431219665329,0.45558376322871436,0.4122361563444114,0.7210387866290413,0.4381208995385665,0.349162916805752,0.7627643576049222,0.3755581076476781,0.30247931641139425,0.8487048372014516,0.3329538266247173,0.2927242564651515,0.735350562135142,0.45696992658875485,0.4190503221676683,0.7139389768166325,0.43952256013026203,0.4361762206969507,0.7521281200307423,0.38706981513109917,0.416842429307156,0.8384061432023696,0.3514192347306576,0.38239022572654385,0.7389334277379949,0.4575178235857105,0.35407646369956297,0.707750662872573,0.438387892378502,0.41625821583392403,0.7366391206011424,0.3923547832529477,0.509596892028697,0.8097761261177872,0.36044193031051414,0.5300646893050823,0.7422630918651267,0.45759520373468326,0.27820307929046173,0.6906940283881235,0.43150057551586235,0.3213828728948087,0.7060668013506342,0.3913999999501555,0.38946442230805156,0.7580671710950782,0.36380611542864555,0.4182307919460535,7
0.7401558450508477,0.4743551647649407,-0.532488816482093,0.7415434788592966,0.4761131532850813,0.13263181850903769,0.7355111265138193,0.46890609873127786,0.14988869490049586,0.7322108991534623,0.4694166893324626,0.16494900740694568,0.7273089303155633,0.4709062650412299,0.22623749618701647,0.738850389670913,0.4694260297689156,0.3143462076156672,0.7180896857534427,0.44819269133275585,0.3242862819279781,0.748440458413213,0.3934901475947922,0.31828460808176556,0.818012473793697,0.3554744875634324,0.32117176960209176,0.7379910129972534,0.4711155391934817,0.38147405755237096,0.7033061856227697,0.44891770772852746,0.42856817283769444,0.7323767500205892,0.403013844994202,0.39988051880652026,0.8075717790171275,0.37184455230212343,0.3568940958344435,0.7372539786162273,0.4709204144654328,0.3811460145656595,0.6980428081535726,0.45069328547387333,0.42787621047505325,0.7193110197487791,0.4103947009284013,0.4662072508355006,0.7807636761118221,0.38107910959332314,0.4544537978611364,0.7362564025327303,0.4696473439546262,0.347640705382311,0.6842432398735411,0.44196598598313575,0.3407308736312237,0.689480904273377,0.4095286171497587,0.34952072945444906,0.7265429434003228,0.38779162074554424,0.34629388898124497,7
0.7430495575402255,0.48332837544550744,-0.6055768398543002,0.7388963898861026,0.48161582656489516,-0.10688306531121716,0.7377922987561587,0.472814970683645,-0.06090183002018593,0.7268619545021051,0.47438415406394774,-0.03493796278041302,0.7141589296684193,0.47768288906873496,0.05226112019055621,0.7462082053195881,0.4712791338288375,0.33337108491009776,0.7206173477814912,0.45717812123377977,0.23237421379657602,0.7508324529004852,0.3984972540622928,0.1547384568611002,0.82495083498477,0.35678859947173497,0.1398930848458103,0.7436839465314794,0.47498875241446614,0.48423228791813266,0.7120336166018507,0.4544850637474517,0.42986419664275716,0.7418736588137644,0.4049005951595497,0.3620358022884402,0.8186401909739927,0.372409984164869,0.31300073698157327,0.7381844947421625,0.4771609349039417,0.5055254266885914,0.7000571084077135,0.4541408949803962,0.4771755390588349,0.7219974711844246,0.41243361986480004,0.5014345746391482,0.7820618628087552,0.38319653488347344,0.4958535049999823,0.7300581387289089,0.48065507429752036,0.456922843444856,0.6786642008972561,0.45190710370414355,0.41855827615112906,0.6847704041857048,0.41821187433232065,0.41562583214628135,0.7209615549992306,0.39560544569916145,0.4103741462850257,7
0.7610800311400334,0.4896501677501873,-0.39484271867684445,0.770515244246019,0.48295216174451355,-0.020054778021191367,0.7786235058948812,0.4764843401929847,0.1320661945296062,0.7750731243721475,0.47825311168229817,0.2715089411061596,0.7701813429638317,0.4797189103893601,0.4028742950590141,0.7610967426245895,0.48255650980423676,0.3691484556684373,0.7625427446547128,0.4548373056393694,0.5339195220894841,0.7882654513760101,0.4153326373816951,0.5989085748446709,0.8347414530089567,0.3850596549210372,0.6135945543491396,0.7586361048638024,0.48257925460077006,0.6032993457080683,0.7567048273004642,0.4544705673771218,0.7285600015482447,0.7853697133941923,0.41613398902430293,0.7291750352523719,0.8354438066991057,0.3883612676141478,0.6827641863227402,0.7545020379957901,0.47987153996026466,0.7119397701401217,0.7440139327140736,0.449638934447177,0.764294446231607,0.7636219064044505,0.4179122185699727,0.7251164292204869,0.8041549409442394,0.3945275333930143,0.6510399703936506,0.7473843149398344,0.47783376285090035,0.7149208278324304,0.7157384521139374,0.446430679010211,0.7017533846638464,0.7197663343567029,0.41811677703736827,0.6567097347517711,0.7410449475928343,0.3990991371716188,0.6040495593007901,7
0.757109733143855,0.5018481149048205,-0.571300454232754,0.7549475623992618,0.4948972067744987,0.012353217904727359,0.7529622915009538,0.4895087111423799,0.14514123951015345,0.7489498638900873,0.48679239230542803,0.21354894271024477,0.7479998907888395,0.487592563916821,0.3080748241425709,0.7551567562386563,0.49393143195324146,0.6618656947364819,0.7391606570736983,0.46297404648565454,0.5696178629303597,0.7728593851867996,0.40749095029414234,0.43250015087848453,0.844080346346699,0.36937536090820733,0.35957117974866826,0.753146724893084,0.49234011300540087,0.7973290745185637,0.7345175864794439,0.4628002317561426,0.7035169106283796,0.7651319657769099,0.4173304886104202,0.5738410767867905,0.837107928051193,0.38567340706694914,0.4837402696405714,0.7496515083744998,0.48868003135552424,0.7402218946649015,0.7227221757432016,0.4599560345375925,0.6623460398985072,0.7457780353327311,0.4222920622993711,0.6229222502420098,0.8032263513097476,0.3951910953779802,0.5828152255355367,0.7428921198539788,0.485947362612184,0.6169723728311309,0.698911235958096,0.45484169045068595,0.5615380963785452,0.7064864266859552,0.42339401466979654,0.5413090503148458,0.7411974583568134,0.4015063469205336,0.5222089722652778,7
0.7604149439952974,0.5044803278357312,-0.683841291370778,0.7554184948665361,0.4974072560829385,0.19645942223140098,0.7480565871804906,0.49411147989710213,0.36565196981300535,0.7405258216627897,0.49085036430559315,0.4681081678150439,0.7411410386784817,0.4888143877778829,0.5781285612652106,0.7399259537082525,0.5019824067579598,0.7147595353466609,0.7289354242057186,0.47122825208209596,0.7398555170523451,0.7673082115396752,0.41128586081983676,0.6689032087464423,0.8405228790318695,0.37139000083396984,0.6127783255966439,0.741515444455726,0.5002255035208397,0.8359732303385078,0.7222635756219418,0.4667424946736053,0.85706079673699,0.7559815045253209,0.4180021432860627,0.7729544967191732,0.8293807910741514,0.38664123067092016,0.6859771761222269,0.7428339580648841,0.49601259411888265,0.7835880001451928,0.7129414241348041,0.463469766107039,0.7921112877746723,0.737940106516518,0.4230101482515403,0.7756620405125972,0.7966361230918887,0.39535949556402866,0.7287180381062199,0.7421574996367822,0.49237666151492765,0.6664095395990607,0.6956368403668297,0.45858867539821446,0.6567686667858575,0.7024934036422044,0.4260763411563927,0.6522669209426136,0.7355848937222007,0.40493476526618905,0.6342481158194934,7
0.7542603597974596,0.49788290183000333,-0.6015708792322083,0.7508428253130754,0.49915477131782415,0.1640307849179704,0.7534279979448916,0.4894129701908439,0.24008858444819212,0.7452449896561475,0.4863765606654358,0.30371214062710444,0.7476091898503738,0.4873590691819819,0.39469629728285793,0.7530233621134801,0.48253191833189923,0.31331042975586565,0.7419145754415606,0.4615594815962985,0.3586632912425646,0.7708447457620567,0.4101872704797552,0.39834882373148484,0.8363490295909322,0.3729374641447742,0.4326421928240534,0.7510701502331083,0.4845956014227121,0.4286051320221811,0.7292843649362488,0.4623021064791183,0.49787146722412695,0.7600278960068556,0.4150260646631702,0.5134790523209907,0.8292614956278271,0.3818137410698361,0.49635760745431584,0.7486204590992801,0.48608085918949206,0.4649721760561573,0.7172666395723564,0.46156611963399696,0.5377916321811228,0.739244649467889,0.42111337947545124,0.5832720547577759,0.7948065256932364,0.3910312845229083,0.5672060489927957,0.7435166224616162,0.4880189809958113,0.4464030058734856,0.6927291644362797,0.45529819367819374,0.4675125372589053,0.6984477217328446,0.4214274343975775,0.4715526942735352,0.7318538569106011,0.39842745564097914,0.45539634294712045,7
0.7511433958337671,0.4967490692636281,-0.8993861772507199,0.7442856513401688,0.49609769388119523,0.38252924756653167,0.7388381649226291,0.48492905227251126,0.38397799581128134,0.734753908199872,0.48305046347015007,0.3673338221897758,0.7344645856250318,0.48385664815939555,0.39956040635587575,0.7225245157587168,0.48200402139238746,0.4333479167485117,0.713215949403548,0.46185301877450236,0.36210450509573244,0.7654151989532681,0.3969742138570444,0.29675878209333645,0.8546097563041117,0.35224499891479716,0.27365952781493846,0.7309577449097706,0.48617809584204924,0.4024059399008417,0.7090600317834064,0.458482062959781,0.4848271541222995,0.7551525395163444,0.40604204108372904,0.47275238246697826,0.8435548945664181,0.37323124124057905,0.4193430493864166,0.7395584477823834,0.48754285871010694,0.3045967704433524,0.7078822124315998,0.4609414333741584,0.4200261932237901,0.7443401035315267,0.41598914442613943,0.5065365011060116,0.8183117955896904,0.3855712033788393,0.504031573084358,0.7467288888938961,0.48774748603189005,0.21428466841970784,0.6982157331532892,0.4530433851614169,0.28598939646288396,0.7158704010964184,0.4143457322158017,0.34445226394033485,0.7657196725230249,0.3897806087263609,0.36071457437385845,7
0.7205011586344213,0.4805649253072592,-0.9149219615894045,0.7104430987204937,0.47648070330232983,0.17335604049280146,0.6971515181930293,0.46756962707864497,0.16649531964410968,0.679483212194864,0.4680732974099475,0.14453884603093614,0.6814037286145639,0.4725555029931838,0.19654221853553186,0.6902212400420528,0.4666108526634341,0.3037627921503576,0.6755243621508763,0.4533601427621382,0.16230038933999938,0.7207240929114095,0.39013394806299173,0.07583654542966876,0.8063813755722217,0.3464687817616997,0.053370733708501046,0.697651293080856,0.4724422631232631,0.2905768353333406,0.6673695993349117,0.4487834913342665,0.27352990093445917,0.7095884150706819,0.3962248720869608,0.22238379437510963,0.8016050017354265,0.3665608895229975,0.16160362334426528,0.7064245921623993,0.4764956805489058,0.2149928614410769,0.6628294210984442,0.4555894055417189,0.24522147888312698,0.6981902292661515,0.40834009994584736,0.33976932040667446,0.7759938513358383,0.3796430650857683,0.35942554294054746,0.7128383089765303,0.4804896544514986,0.14128472856745708,0.6526950745786879,0.45176991063046706,0.15025435325897757,0.6717801202758061,0.41228140569891014,0.20688446652474082,0.7272220797305281,0.38842224337384074,0.23167183097325053,7
0.742076430033717,0.4728062811932456,-0.5523805739725829,0.7382900082710978,0.4710153799793047,0.08610678518706578,0.7369911258059945,0.4663586090866455,0.13883057301926116,0.7285621436316214,0.46737394419723327,0.1832493174924356,0.7278345417990794,0.469573893955425,0.26018481446548986,0.7327454775546046,0.46224969166366797,0.20270370901944726,0.7201259928117668,0.4478300719129527,0.17443839202303704,0.7479757815180323,0.39788547581130346,0.1622644869816994,0.8102757406747834,0.36122203921429363,0.17926954160247313,0.7368657229344762,0.46429699884838255,0.2957419243121622,0.7108287167963728,0.44823062976237604,0.32857092416643763,0.7414220224642871,0.40162110968864384,0.3342162657943997,0.8118964895670702,0.36804738905590517,0.31899959330323335,0.7392451584334505,0.4654267729740979,0.3277387877712435,0.7044996291845252,0.4477684776477426,0.3703996725745723,0.7276727221153383,0.40583274311462036,0.44461576594703456,0.7885895721205296,0.37485909437570014,0.4558792593017693,0.7401135357881139,0.4661038616377658,0.3171534862706714,0.6877294476826349,0.4392802298113987,0.31890299754903095,0.6970530845889836,0.4041689971810346,0.3443503849669416,0.7370046762487467,0.3804312861043456,0.3469993185687496,7
0.7757928478131758,0.47793164540718325,-0.6994273658714657,0.7775693640986782,0.4747021181918854,0.1247202072549725,0.7767705467810779,0.46921313005861753,0.15513327922375775,0.7802672229475278,0.46985253425994117,0.15160252729777446,0.787268572957724,0.4733728664830498,0.20464684669658062,0.7737383885275974,0.46916153482199663,0.4491613619393061,0.7601714228443038,0.45200667949441337,0.2767640416636628,0.7971067869319638,0.3927033683743377,0.14413505484495828,0.8781384378138858,0.3516463400375157,0.10544837572168253,0.772343959961136,0.468926855036331,0.47417128528930247,0.7447457471416163,0.4509596964456817,0.3703206649823546,0.7811303149257014,0.4009795510148607,0.2880011149542671,0.8652215540740466,0.3661003556879164,0.24126726677197188,0.7715950113543637,0.4688112684344543,0.38737135423,0.7368197638363471,0.4528482986997417,0.332444692048644,0.7647823893980015,0.4084594858456092,0.4038173959280148,0.8360230339251864,0.3766728471992057,0.4393805152658155,0.7726977889948178,0.46920297521747945,0.2880764812945397,0.718979653253156,0.45108017917770926,0.25377218161772164,0.7311505228655296,0.41182207781744085,0.31571426565811417,0.7789122749076715,0.3838712851660465,0.3577471349022722,7
0.7636789272225633,0.47247765469031877,-0.7413495349233991,0.7638387673814028,0.47318465224837114,-0.011418392414093936,0.7630381266820822,0.4665665980503272,0.0635088407793815,0.7627841656578871,0.4661814858178437,0.10292548291492414,0.7560977613449394,0.46668225294544036,0.19989823731725218,0.7639199873854211,0.4620606105652507,0.46143206759495015,0.742931272384844,0.4464963108007743,0.3267759936665252,0.7830251018712996,0.38658969500323015,0.2028047435678076,0.8625306457700173,0.343675908985969,0.15814657274135918,0.7627703762322995,0.4677691858258496,0.5841128710089838,0.7335365822348346,0.4475145590555649,0.48772416904916793,0.768266399245077,0.39719088034176464,0.3780287552912393,0.8506324227265003,0.3639328668807252,0.31197310418914304,0.7581983847171558,0.4719982490967703,0.5628890871901856,0.7217954635630519,0.4516663346644457,0.5229516594830514,0.7476659321873739,0.4079161788272015,0.5314329565524687,0.8148622230069048,0.3777685777689338,0.5219642277718841,0.7500663575397843,0.47678189904664786,0.48057997996303525,0.6974965200255914,0.44962862265700687,0.4548588550644242,0.7097455167902819,0.4149282362592567,0.4529483007971377,0.7538010827081927,0.3920693793339012,0.4470223772060172,7
0.8073327581879899,0.4749199471097976,-0.7782230030186754,0.8058315912347073,0.4707238519979979,0.13987258466899366,0.8102155707856517,0.4695618792300434,0.2354037864431139,0.817607990436922,0.47132351089018115,0.27399389338990177,0.8212088282393013,0.4714371027886833,0.35190013049861807,0.8069859970552808,0.4711425145380736,0.5882269439957811,0.7988903886700356,0.4471277773557548,0.4197590642783312,0.8372997790466489,0.39002759388265384,0.2644339425540378,0.9162208870991578,0.3497916109713357,0.20085825724843417,0.8022786455042087,0.46896132250337275,0.6448375020401274,0.7853508705862215,0.44625737383557884,0.5125855384076278,0.8232714604576974,0.3976276393931388,0.4075400184911552,0.9050080891473246,0.36339311444276584,0.3472843173574208,0.7955219008840644,0.46705230026121447,0.551058302496171,0.7659173532396556,0.4429562322589364,0.47025777725288886,0.794275553355175,0.4003541444094477,0.5083874470611881,0.863470672487681,0.37002718859031863,0.526826995563081,0.7909758037212485,0.4656589195216034,0.42452994206153294,0.7412057099313097,0.4390206389955207,0.37539515066903906,0.7533635134099642,0.40153620605420476,0.4048117734389115,0.7981311589717582,0.3749846647896678,0.4257335614876792,7
0.7987122953365695,0.48166959404978155,-0.5973860298963065,0.7964452344012605,0.4777129213457672,-0.00929400116211375,0.7988728562104214,0.47922631302443636,0.1512174948506965,0.7992311906953352,0.4768924860955588,0.2420701632841963,0.804939695790594,0.4769715875940161,0.3532288765423519,0.8027342826620057,0.4772411996777754,0.5143263749045032,0.7840069941621984,0.45422653881743136,0.4071646869139282,0.8166710356283836,0.40013293301308095,0.2844765036344406,0.8843596725243201,0.3605932934049129,0.23352339297992045,0.7949778029743731,0.47645006359650577,0.6520540798051602,0.7711950962297749,0.45222038078954047,0.5438400573532545,0.800403992643138,0.40807976062425755,0.4275138353287408,0.8712625150786719,0.37637624400071723,0.3578770071595041,0.7862120636642805,0.47441049258933976,0.6303413849723385,0.7571680507214609,0.4505728764254366,0.5569374086882445,0.7773671827502875,0.41400814788602347,0.5337951392178605,0.8319418365118109,0.387083040518565,0.5092064404629445,0.774877514279929,0.472777706690694,0.5408488041663041,0.7305178867160806,0.4452903624625354,0.48143694538323606,0.7370647717092307,0.4145939388045772,0.4613085462214367,0.7697565734634887,0.39262288492125824,0.4450795299031855,7
0.7879612199828896,0.49690662504371097,-0.6286365814890199,0.7945650925890563,0.4939181751638062,0.0765891431589013,0.783576570192694,0.4829977261811812,0.10351558127129777,0.7788642551450541,0.48048959655888757,0.11633487424136406,0.7792225080509234,0.48266780378065555,0.17538898916535656,0.7742863675672311,0.4818436303450306,0.36633892541792834,0.763919703838644,0.4592004602125858,0.2663940951427887,0.8010955235020043,0.4054462911771456,0.17728205113545667,0.8731033866326046,0.3664102582140818,0.1477266452852236,0.7714164779983801,0.48637669410452783,0.4207343921159733,0.7524436182122852,0.4609489452900518,0.3851433629696603,0.7892472237621404,0.41513715071881385,0.31513192489401337,0.8667723948762628,0.3834443845437608,0.26179446464804884,0.7694822565659128,0.4885616339095903,0.37829289805922056,0.7426087823288013,0.4605488175452812,0.379022606793563,0.7708426894754343,0.4209153304086853,0.39991527123931386,0.8329035243907004,0.3934067059252163,0.3869873285365591,0.7672899584431752,0.48929102234208227,0.3080332769459892,0.719735222209287,0.45177771180524473,0.29331610915414236,0.7308427976196276,0.41735811783752513,0.29637605118760985,0.7710609196659178,0.3958554838865077,0.2926957821477926,7
0.7509691507806433,0.5071530855949249,-0.7269169144749107,0.7485096913180644,0.4999143306160589,0.07876077702318236,0.7327188611825823,0.48989257533364816,0.14542360068524832,0.7221500611566121,0.4888712725430632,0.20893847252935835,0.7234990565233425,0.48822075709608864,0.3031203269009345,0.7318038048360106,0.4908990301754453,0.25757213013125274,0.7065302202206382,0.46064046332809033,0.2931315105329282,0.7592610888425985,0.40070990444141424,0.254272103827989,0.8450682909846785,0.3627536298916284,0.22446512883359787,0.7355418039911794,0.4950392439363603,0.3759493018492597,0.6999981062314614,0.4623298495326806,0.45303605257966306,0.7420994769885031,0.41412832294916935,0.418472418191324,0.8256635850659949,0.38362196018874467,0.35991905588754985,0.7370420017433175,0.49774704705625844,0.42920916555292354,0.6914996839087361,0.46591859799383634,0.5083827064156637,0.7220072530334124,0.42390427781861256,0.5377569394473334,0.7888938920898532,0.39495367872223974,0.5068611534782214,0.7355278161571533,0.49911701853367396,0.4222249538039547,0.6778351299401626,0.45953423158247486,0.44168720743760304,0.6930863909780373,0.42398234640263577,0.44384569081553443,0.7371689834254093,0.40253729384667614,0.4264559565280038,7
0.7588934112992698,0.5117158014023363,-0.49392731071996615,0.7540891197874872,0.5013174329750696,0.15121277399722363,0.7486249069086859,0.4943500819550054,0.2578959745171464,0.7383174464181552,0.4911914240798382,0.3425639379359597,0.7313983387571283,0.48882256668949875,0.43577985139428743,0.7434488027769661,0.4964886718377607,0.36131886128590046,0.7310105735541395,0.4670930439667201,0.4317617374695571,0.7615875919553821,0.417843321179809,0.46498817830440303,0.8239888888898952,0.381706738779302,0.4774443892869817,0.7434352500405811,0.4973160116203954,0.47226002028717085,0.7212268222818552,0.46667626125744344,0.5555894584621758,0.7507114487464844,0.4223435527250154,0.5608439828328149,0.8144909149039388,0.3925465293368521,0.5267511334945867,0.7436280920115573,0.49605716727499893,0.49483936792395644,0.7123163542556072,0.46631610222425257,0.5412937063466556,0.7305201294297828,0.42926146713419694,0.5670467758406653,0.7790260182809413,0.4031054021842964,0.5385210052680708,0.7431364904395761,0.49457298983446385,0.46793184116942155,0.6954653356979171,0.4600821968591003,0.4556173710571988,0.696712447552076,0.43032472671752536,0.44873918093642523,0.7224403195891939,0.41172606563260594,0.42855936972363834,7
0.18804639239340343,0.6354778227675748,-0.11847877875221124,0.12890967471755863,0.6542575732907798,1.4605585984700447,0.11527894314623108,0.651171959800756,1.4154977654594103,0.10315858823440056,0.6387947005751929,1.355245679953799,0.1166757420244806,0.6273115918707937,1.2529709576142085,0.1300456766377777,0.6346706140494474,0.7903435320768614,0.16734873870008038,0.634705516059211,0.9535539986015736,0.15556159880717738,0.6412760506584768,1.0754160087867641,0.1351910707817766,0.6401785974392507,1.1369701269981025,0.18529384124451223,0.6240025544889519,0.5590334445982483,0.21164322328167576,0.6269856222372846,0.7186867972286136,0.19676209548376758,0.6320701108530734,0.8855677251190646,0.17161978445502046,0.6293745399102729,0.9562491613815333,0.22935505314398158,0.6196537932876833,0.34742074507115195,0.24141753086636653,0.6159089078494461,0.6053355813892863,0.23149999257688178,0.6186717499584691,0.7716287359603264,0.21970154439074957,0.6128351599741276,0.8391589362594505,0.2598159717101763,0.6137426510044433,0.21785581698551998,0.2767552596341372,0.6131815969012366,0.5320596152875554,0.2609751449442768,0.6124773701670098,0.6982294668899219,0.24193282874897573,0.6056672644544256,0.7772247724462034,7
0.1356087438392529,0.6434847150407258,0.029206080511192455,0.06492026807853346,0.6525669093175549,1.2714532172542776,0.04489116347657628,0.6447023925552688,1.2967814119357077,0.05897341633975318,0.6302821043353781,1.2685003521869294,0.06862816086808228,0.612892170692081,1.1841089944703167,0.07043211868693786,0.6269365959993008,0.686610378189633,0.10691693271024356,0.6224001482514324,0.69654271817629,0.09074592897605245,0.6374603527248077,0.7265903105128825,0.05527913218626448,0.6406064478280004,0.7563856976478837,0.12140018337660387,0.6197406248341067,0.4519082076374733,0.15686793861727485,0.6214810005106499,0.5456700450242347,0.13805998543600304,0.6302068502501526,0.6314623173604516,0.10814057225208476,0.6278107598442823,0.6832791262996285,0.16356506919479902,0.6149429678506416,0.23503277882670956,0.1970241631189052,0.6142800409997599,0.43736873139861704,0.1866110875719321,0.6140134234417025,0.5530358271974111,0.16909065112391086,0.606665589521625,0.603352157469239,0.19998892359059467,0.6098786498178215,0.10825310817857953,0.23453033594140418,0.6100525187973064,0.3375960812074779,0.23035072341359358,0.6087312254728124,0.4801405176889568,0.22158991507633574,0.6013663444339772,0.5689318293419003,7
0.08691969756636882,0.6565269904615368,0.0651765326977904,0.013250454783407188,0.6518308176912848,1.177075188034987,-0.018859312700770414,0.6452150118192924,1.0728532617747304,-0.027655168903655738,0.6362610739718974,0.9798781784482061,-0.02607256605107435,0.6279751390551098,0.8524031806578137,-0.0024588472565820595,0.6251793986814957,0.15421197343966528,0.02971302585661323,0.6295490379822849,0.14342856202282464,-0.004537783631021799,0.639986747935926,0.20256761639293813,-0.04621159718616753,0.6370772743832586,0.27094173006034145,0.0532548825289824,0.6191576869589807,-0.1622782362790766,0.07048561435410261,0.6309316342160395,-0.0041486205337916615,0.03224486987225326,0.6386129327207162,0.1399540782408652,-0.002212728011633413,0.6336654264368144,0.2293170401958377,0.10330362912952293,0.6158074084970717,-0.323638792184949,0.11124295799486597,0.6254878593074575,-0.04194238319222096,0.08344014777975595,0.6263420410819387,0.14088753921877822,0.06095592848949658,0.6178050986988931,0.2228389798646397,0.1474688576724516,0.6103680288076986,-0.34621552459951327,0.16413043555713067,0.6192008757572861,-0.09574963365748897,0.14510671632484093,0.6197638361621506,0.08008417746805997,0.12932343067168744,0.6124906749880596,0.18640159030223688,7
0.11970032606498858,0.6421936823506561,-0.01738400670934358,0.055685506648837875,0.6499709220554418,0.9088487610596775,0.028991037747641377,0.6436759535137229,0.907108257783233,0.04769563367868317,0.6304502715427274,0.8693273730511385,0.07916305550997103,0.6160104467045818,0.8056183632542123,0.057152937299307496,0.6193143325289993,0.43732124786694465,0.08529440087061352,0.6184100876617279,0.4252829715478549,0.06328633124406906,0.6245458129491818,0.44139826956322625,0.034598374419086905,0.6175792840481187,0.46289944772603103,0.11060609904722031,0.6118401889957529,0.23265500155665597,0.1345440225944392,0.6125832283771508,0.2838931663228227,0.1164962798183322,0.6164309559356361,0.3420057184800243,0.0957318408688698,0.6104383867176832,0.3626955272055885,0.1518829613825974,0.6088996836279469,0.05332640102255152,0.1725090230042394,0.6093643673257579,0.22325488665586563,0.15339548544540657,0.6083911569588494,0.2889593576184459,0.13108559199421835,0.6005482206171074,0.29135148825084206,0.18179462841663704,0.6063483552183216,-0.043493890703088824,0.20078580440273516,0.6048819539558643,0.1449164373865936,0.18907522351873265,0.6017308460474443,0.23234924736375523,0.17376051725031014,0.5930163849670717,0.26490823864199503,7
0.15858342082144922,0.6393132212606082,0.1516538104165853,0.10602325382224506,0.6684201480561248,1.3290681449106956,0.11716446224446221,0.664803490452212,1.2968371689497606,0.14195012835509352,0.6364089499294352,1.2276101824803505,0.18583628383907255,0.6108260720835779,1.0968247635720354,0.11656521492329154,0.617227609481871,0.3241098533434378,0.14191480714470292,0.6094615681280567,0.38019120776256515,0.128385797031311,0.6165071289139581,0.46145333213268647,0.1006541728124112,0.6130584263689882,0.5094386693591928,0.16209694280963746,0.6066038695186662,-0.028058127857763397,0.18927254995295587,0.6070653599672833,0.15259895688502356,0.1722482780704727,0.6134565900933368,0.3016537613266881,0.145477039503374,0.608692670349669,0.3674833557586939,0.20078649355894582,0.5991011110024538,-0.25211196458909296,0.22475682111040182,0.5986405007704305,0.05379820225705288,0.20645934842714866,0.5967103089993125,0.19160173649787599,0.1825846214857295,0.5882527483147441,0.22626070112440175,0.22716459201545341,0.5911004870545241,-0.3258902188936746,0.24706361262166027,0.5876981179688462,-0.045840280894514036,0.23652415261146345,0.5862970053981209,0.0959113009740964,0.22237606172159827,0.5800512469579377,0.15750181241120506,7
0.19619390438634482,0.6438567316230434,0.3917831032227382,0.13635399575738802,0.647148521338459,0.5705527366210362,0.12406915227555662,0.6417095124025505,0.5955826134313383,0.13552037887812707,0.628480352536962,0.5975405312331467,0.14536204103961856,0.6188366564216393,0.5603281201489956,0.16734992611420646,0.6203690334536979,0.20304572597352863,0.17876157458776942,0.6119722212911649,0.1844764990346983,0.15434221178693824,0.6240626265707829,0.23762352989548935,0.11941862129824482,0.6219345451482148,0.31010153944159186,0.2060579462832732,0.6112591659799074,0.11074114820601282,0.22018272585826054,0.6128874022166579,0.16318127683290626,0.19035619358669445,0.6238754344443509,0.29686194531055554,0.16016341167691572,0.620532338728461,0.4079121092702784,0.23580554055969824,0.6024037032884465,0.03892439781515236,0.25686245457043494,0.6058506357563109,0.11213266969527141,0.23141106667699282,0.6105939785711928,0.25091943077073736,0.20656338015620654,0.6054975798854553,0.3511607607139752,0.2571037599021279,0.5925064124009548,0.009355783734448255,0.2748734503406772,0.5968607322482467,0.05742264413746777,0.2576864342280452,0.6002903471896407,0.15634257070334218,0.23963000047298164,0.5961202800653608,0.24747823031613914,7
0.22278416622086036,0.653959506993324,0.5468411973271503,0.18423123291606427,0.6605386461125183,0.6760401114118573,0.17760072667353138,0.6493964003359063,0.6635326085961971,0.19705350745921396,0.6379558102747273,0.6651178473782658,0.19712236039580147,0.6303127247620864,0.6300085391673949,0.22208842134675089,0.6281631639917794,0.25298604729374946,0.25927290244314133,0.6223400442072977,0.31921813906026236,0.23700064275649826,0.6368205356444562,0.3805083297536668,0.19810646182257627,0.6435199052371051,0.43390097116670573,0.25815452605322475,0.6171853819004809,0.19536915057980395,0.2806561075878207,0.6189763776300375,0.2753641520834494,0.24891740853398103,0.6315357233078632,0.3907851886252029,0.20646608457463206,0.632755744926699,0.47894621704192275,0.28272958281990307,0.6104831449989793,0.16730138113148382,0.30605444858888853,0.6119961283438347,0.305211317254161,0.2819387629939017,0.6228735265831375,0.4000690306381111,0.24904129925798105,0.6256117398124893,0.45191637362493686,0.2999659080777627,0.6044854467963994,0.15848091177683604,0.3203324620757616,0.6082001432966477,0.2988271670806902,0.302724574629618,0.6158648470691022,0.39537933095155403,0.2766446156709853,0.6171071695207483,0.46142377449453303,7
0.2319094729985189,0.666318922148313,0.22057649762787185,0.18464744751571252,0.6655475066893022,0.7204198940514897,0.1775346200384809,0.6582675948359115,0.8310777264644401,0.1964039853284391,0.6480755846846187,0.9261641236894446,0.20353546806531309,0.6383401945950967,0.9439859805252789,0.2257052603478289,0.6391462620148731,0.4567980375372048,0.24857282257872837,0.6278177422379426,0.6651827593513736,0.2345972132673313,0.6383897432325335,0.7754436562073878,0.2055799596925547,0.6433415157893047,0.8114829563563383,0.25962618548616406,0.6310054684275918,0.47993582751641417,0.27342760793391263,0.6233872732090259,0.6927756365740435,0.25464392583696865,0.626945960682835,0.8150273205704905,0.23038231535580506,0.6263615681549314,0.8553746212413436,0.28209754883486665,0.6240236340804359,0.4799848123962004,0.29900439769939513,0.6147089339137429,0.6736907534139636,0.2823718321263609,0.6164567874071668,0.7456290140017265,0.26239184389407616,0.6158794137099957,0.7382650978236603,0.29780956392892777,0.6177090003453626,0.4576663008264863,0.31339166022142884,0.6110698995907263,0.5952822300026793,0.30017802480056194,0.6108564778332658,0.6651326419143158,0.2863640171212567,0.6091706942562849,0.6900272426967552,7
0.19565561163294445,0.6749467904756958,0.1442164108732941,0.12904243282261885,0.6729127198496874,0.5089019997907289,0.12129859360060476,0.6610839995042939,0.5019062463548717,0.138194331586101,0.6459347188482419,0.5049380345034528,0.14993604815900433,0.6322951874034213,0.48313888886355083,0.15960639706384747,0.6412728778949045,-0.043179952792783166,0.16577853912291768,0.6371555663894346,-0.0029295968041557633,0.127923199227384,0.6374028247818068,0.08740309692657833,0.09171609034753339,0.6231197807489423,0.1786079407825426,0.20145993393339814,0.6344322458849875,-0.0953824721715242,0.2071005711792322,0.6338978915104324,0.09175059880762136,0.17132377460295295,0.6336485605115688,0.24838264143500657,0.14848950014374895,0.6228110242901514,0.33971756334955777,0.23404270347689637,0.6273526916778721,-0.07237509247316196,0.24513443433033047,0.6212884651010795,0.14001726407836426,0.22016638663603344,0.6176769517725293,0.26822119530584937,0.20336939957182568,0.607489520685257,0.3191401440762884,0.2553320731565479,0.6199136426606261,-0.023219085153282,0.27641620201679395,0.6149121126717484,0.1073476897318424,0.26334643948622816,0.6112249467393354,0.20555877241894632,0.2527535095833394,0.6009744424750739,0.2728057326700861,7
0.20541955764548983,0.6699565756893687,0.24138491679216503,0.15381078955858332,0.6692917572247258,0.6209323310179353,0.1381182922230778,0.6613358072106849,0.7118091165896682,0.14608940299009554,0.6502467484145525,0.764407639230228,0.14647802106827473,0.6410978069889252,0.7469388404514469,0.1740781865555352,0.6447768894644177,0.5438101080567876,0.19646103512762378,0.6286811455607477,0.6665584820431899,0.18330291340402421,0.6424449797860101,0.682589330888729,0.1537291152880733,0.6517594603427048,0.6565526639776699,0.21234922880055135,0.6372613136956682,0.514104675730157,0.22984889967086308,0.6267056923274666,0.6502438961342012,0.21258480827442905,0.632862394219095,0.6681571864490001,0.18433627804009736,0.6330479089483237,0.63764696722739,0.2414034445233436,0.6301491000597195,0.4326566770487482,0.26589747937925445,0.6211065651069666,0.5849100850715955,0.2522099454020224,0.6238632660445106,0.5772836784799786,0.22794944301552814,0.6231068184161416,0.5160678306976109,0.26485649215322066,0.6233682512300566,0.3503985619094705,0.28649229890143163,0.6169667807045742,0.47147483876427315,0.2781625050021608,0.617827983706685,0.4990381284002588,0.26279646978150023,0.6157385394426423,0.4845458184738017,7
0.2092265009043647,0.6829163388280596,0.2770231336243255,0.15203380438206784,0.6750162165311347,0.6751201160487568,0.13129746881854,0.6611383227401184,0.7340108091094202,0.13568146036655923,0.6482696023883049,0.7927757432033775,0.13703104506167169,0.6377481469284544,0.7850970267800975,0.1699204620946245,0.6424825050953288,0.19558669089644232,0.18154947995946646,0.6326654700798502,0.3975975631505459,0.16801951359877643,0.6449063539186937,0.5719609800708706,0.14221609378319858,0.6484517930516069,0.6698974211463173,0.2117131239145904,0.6340790911234725,0.16090995403607,0.2271909266671372,0.6330453549725851,0.37874028058137466,0.20852587133874217,0.637750670033298,0.5984597779268525,0.1869427331698727,0.6332029545319391,0.730220670800728,0.24317407487353188,0.6260486482792443,0.16563603244809616,0.26354299364126105,0.6257971150258785,0.3341278108791997,0.24656315075907326,0.6245641523331548,0.5060213953060481,0.23086576610523918,0.6172055338040052,0.597883131360263,0.26704753089136873,0.6188136150190571,0.18498278759152825,0.2872439161370808,0.6200794494408692,0.28887692479594723,0.27492563035676293,0.6167379408968541,0.4044624396130834,0.2633020303250774,0.6087219415095213,0.48586306470376206,7
0.2222443177080571,0.6784987308271353,0.2297490356052096,0.163548775967595,0.6715522559369222,0.8395293490237393,0.15773716284015146,0.6598570747084341,0.9154437928738741,0.16858261418768117,0.6473059070033769,0.9505165428545389,0.17797909369534237,0.633675312779628,0.920544713213313,0.18837707003957146,0.6435298285783246,0.4807471336494624,0.1988255595372658,0.6333595346227063,0.6436934430133696,0.1780708802643281,0.6424640751956617,0.7631446645278257,0.14892046808632894,0.6418821811300035,0.8240618905938791,0.2300083212153249,0.6350616874854879,0.42264388072812076,0.2502584636893238,0.6323452802606202,0.631413030345093,0.23133157691747552,0.633807359740892,0.7917915129511878,0.2105572166456371,0.6271784645736033,0.8643903212241907,0.26074243754267534,0.6270392866739298,0.35439197291466185,0.28527213194851475,0.6222615142916518,0.5438577444271548,0.26828063402995583,0.6198200804349909,0.6370274156509532,0.25275473840027074,0.61122920946664,0.6566988842888608,0.28325669217245003,0.6210403324264239,0.30509535823831313,0.3083500552306763,0.616291575577264,0.4495618323501753,0.2990211753467162,0.6111907752879457,0.5335815382303021,0.2895237705186141,0.6009073269616283,0.5725335040900239,7
0.19877335347633848,0.6717120956227527,0.2692861193722206,0.15028014157536024,0.6675908468031784,0.6202857613584094,0.1323324816568678,0.6560958659164299,0.6964881015166278,0.14126631145581375,0.6391824580202392,0.7314435281283983,0.14860313197390723,0.6267026587092019,0.7206752658532907,0.15688334911770613,0.6465843626812245,0.5233469860975513,0.18027545284429178,0.6307157048638795,0.5458163880624798,0.1639340992854433,0.6442283460190402,0.5546534372737911,0.1307496530013865,0.6475077267176277,0.5645320668765614,0.19541078166303416,0.6393063834068117,0.46309774037157436,0.2213705412635115,0.6275017430085115,0.4960040638582532,0.20721824900211455,0.6408263346135631,0.5329332519623556,0.18010780583340802,0.6443560616857851,0.5637033154383537,0.22639361153715262,0.6333068295883336,0.3500984505142667,0.25666135970313303,0.6240954367216888,0.4214380422377105,0.2480090858912678,0.6323945520891449,0.45717057823238405,0.22660528653470927,0.634983925427682,0.47554094350886117,0.2518565803836093,0.6276637201259724,0.2539304199509768,0.2803378894229883,0.6215218597566593,0.3199886515215571,0.2765169154518823,0.6268383861796816,0.36818148094115066,0.2622631034080263,0.6290455717732103,0.4110859631635548,7
0.15934807656797026,0.6925997953163588,0.34837471319836694,0.1087465890044263,0.6964931027458431,0.8199305877948346,0.09158612781089669,0.6782225302143654,0.7356849801936899,0.09133520698347967,0.652513531184697,0.6682478028328657,0.11109476259683929,0.6341860990018301,0.5737817029831097,0.11285172589742376,0.6416187979391182,-0.038780107569894896,0.13269267641847277,0.6352155275540511,-0.032465983098445804,0.1126824207928351,0.6491672891255061,0.05094728406070688,0.07729014874230036,0.6504647746425298,0.13702708946909153,0.16134757021495058,0.6369680666744877,-0.24978874487685182,0.17866133905411655,0.6387516761967399,-0.14303509193598687,0.14925825081919625,0.6454031290426676,0.014785912652957462,0.11644714425413026,0.6390864499126747,0.1425433783017601,0.19863477243356298,0.6360692509386419,-0.31858379230261324,0.2117275494997978,0.6320743371706654,-0.06967780884698752,0.1885639003334937,0.6303551272802895,0.11333798099972368,0.1629582819535538,0.6223290655449579,0.21211765127902957,0.22215348655030503,0.6342185890331495,-0.3003271959619464,0.23615923512402542,0.6283223321145832,-0.06979858633448272,0.22146865381596528,0.6299177902293246,0.08341521317343613,0.2057709256678056,0.6265946711410334,0.18227916198953095,7
0.19395827812439012,0.679991776345844,0.11910217414557818,0.13908630108180306,0.6811776372789128,0.9090943590476029,0.14260959674173196,0.6639493250977558,0.8542042324208529,0.16183278020466885,0.6365871237805282,0.7639642824221288,0.19578512707326276,0.6156735283131812,0.6454991529316118,0.14582002472043956,0.6419455912826261,0.2877250365010284,0.16957731509438365,0.6333951980181886,0.24882796093823298,0.15330266616013594,0.644449030943241,0.2629639813696686,0.12905324806380333,0.6408983147598601,0.2912142753404819,0.18615073608443897,0.6369554833135036,0.02587134780782025,0.20614474394548368,0.6311993171923029,0.15525242063089187,0.19456085079753319,0.6334843782575234,0.26440850071300426,0.18264308468848564,0.6264182566964415,0.30939901044694296,0.22160153142126018,0.6332890003258871,-0.17117513689591238,0.24723252411251392,0.6285132652915771,0.05152530620221229,0.23682220768523624,0.6256257256833672,0.17198788810264856,0.22323845956291802,0.6158390077041037,0.20139072989185366,0.2486201785848508,0.6290051403331404,-0.2564442842287166,0.2742119323320144,0.6216302691854665,-0.07885109156717943,0.26895789985267793,0.6196186737174879,0.025007121576110163,0.26091662716029906,0.6131636725091595,0.07609681716388038,7
0.19901994134169676,0.6830586013834392,0.04476176828835795,0.1572355898634476,0.6858229142055409,1.0724162624183522,0.16775971804676149,0.6711680127665469,1.0431404034430356,0.18146601555602662,0.6461729325617931,0.9679674903091879,0.2080296081420291,0.6262525547344726,0.8498421194078437,0.1655215559204769,0.6456714725803404,0.4033738790558269,0.18718938048152023,0.6346199737889273,0.40988580903206306,0.170866829070588,0.6414851333084598,0.43144387533213185,0.1492422000572499,0.6373835925187256,0.44656567793310703,0.203894368890508,0.6400315679713169,0.13497617547653565,0.22459589619056317,0.632576722311059,0.27330639912632926,0.2129785425278195,0.626099113020759,0.3703548885352775,0.20813722330591494,0.6133462181866355,0.4027576386044834,0.23932342145791557,0.6360723153431254,-0.06805874002423914,0.2594632815208732,0.6282114708176106,0.17627203042213788,0.24954572544134906,0.6178406015122457,0.2969203697386356,0.24442501356017554,0.6036670121402434,0.31785489015884183,0.26722930037016174,0.6315781786659733,-0.16049279012288517,0.2878754010700814,0.6229494747409746,0.05161807416586872,0.2841763120136536,0.61477189041458,0.17168724610288294,0.2840266422081182,0.6031305612442747,0.2237690604873642,7
0.22488521929446498,0.6861809088176324,0.26593415963132383,0.17440892717005488,0.672871072995215,0.4171197794980075,0.15542047061479997,0.6567918636174079,0.45920342506031736,0.15939785164082007,0.6422853514675885,0.490911811339191,0.16785432711040657,0.6323917513276599,0.48172591596705655,0.19220494303973176,0.6444673101515471,0.16338978863346473,0.21441782583936936,0.6358846526595063,0.22330873982920613,0.20175900646227268,0.6445251708678007,0.27904718047333604,0.17291387355409996,0.6431477275179879,0.323943353598302,0.22838563817075103,0.6389967233060869,0.15507555788532695,0.2531673076226977,0.6343947671003598,0.25524990820393606,0.23837343683656903,0.6424980084729396,0.32829391548854314,0.21092412532929009,0.6406221279666352,0.36851962238151353,0.25925002683818127,0.6348473892966041,0.15649208978492007,0.28526123930986924,0.6268854275790565,0.27713443945097627,0.2741888708185785,0.6282797855270138,0.32384480068648397,0.2538092852426095,0.6252377960312495,0.327413094330655,0.28434127520358843,0.6310420692863189,0.15769066508427054,0.30581937343409543,0.6233712761910235,0.24704386285177446,0.3002249241027449,0.6207185176412833,0.3002913905015605,0.288660947190909,0.6148947263598711,0.32837869900008554,7
0.25007996494458706,0.6717145852174718,0.5305299055852672,0.21179737701475052,0.6667162628592579,0.5861097288388373,0.20553620664643452,0.651271002164414,0.5356102784482589,0.1972135497122369,0.6378963263369204,0.5172470099075483,0.18346941323670987,0.6305375129135936,0.4755046854930275,0.24573398291619125,0.6394481906474615,0.10103919398070736,0.26937383998281134,0.6348713633179243,0.2187738287245968,0.25206261934323715,0.6469969387044732,0.3515270702887348,0.2214683193474284,0.6504377674751336,0.4496385550268446,0.28001847695932464,0.6302124431343055,0.05317890278348626,0.2962478707422884,0.6337349323129313,0.18872737546050974,0.27053805121280394,0.6440392663242591,0.389251564639715,0.2380222363342734,0.6451661748601734,0.5395658278830316,0.30632993444611395,0.6215436951070148,0.05994202145164348,0.33052350446313095,0.6239698819874213,0.23165934856707845,0.3105382216571911,0.6350541765298139,0.4018877021824037,0.28229859910795485,0.6397751742381895,0.5060151899486353,0.32478837827094426,0.6129298862497264,0.08573109104991249,0.35088084208870507,0.61703887431976,0.24916089451850204,0.3369158115105299,0.6258103287933026,0.38843224721137865,0.3125259326504701,0.6284191603143854,0.4875662244930337,7
0.22282150444652976,0.6649524903038921,0.24264786330639213,0.1817725169297801,0.6689255293298415,0.4372742773792491,0.15872974903210357,0.6531993269719969,0.40602312041937916,0.12702462940759193,0.6392611213585527,0.3824399804520672,0.09928955026275679,0.6300364886181592,0.3572794587935547,0.19690355296047515,0.6409818788055773,0.4138855210695491,0.22378755726796729,0.6334892196971889,0.45568202613873227,0.20767298153315109,0.6395649569252682,0.46597308839849483,0.1730991131737211,0.6326360167764536,0.47748405288414025,0.23435107083031756,0.6309190262086607,0.43153079407334843,0.2635528246027497,0.6224032695885323,0.5015718904759564,0.250109226678435,0.6297571230028554,0.5118712877539361,0.22115045178268933,0.6301909518114955,0.49205736116721105,0.26556023544094287,0.6238481272782274,0.39217188872387804,0.29056595433023796,0.6135231106140739,0.49721949971501883,0.2803754456738537,0.6176971866707945,0.49977297780146723,0.2564690969382381,0.6192654871975756,0.4594176681423891,0.28650365319404303,0.6206257793980922,0.3389156693052382,0.30687290211455837,0.6121585669812531,0.4363784114570897,0.2992992799807132,0.6126747169211585,0.48104377484300664,0.28153338612737666,0.6119511188995755,0.4938676279065896,7
0.13798361056776637,0.670568304677501,-0.010150889922061748,0.07003055810912848,0.6631336417828582,0.7969592854979839,0.038701806436699855,0.647468675785073,0.868226328165715,0.02298885105941683,0.6357838126578164,0.8819374002530711,0.0040502604477593174,0.6204246844544041,0.8367099324558497,0.07990914130118688,0.6416250824264944,0.7191194777728033,0.0955322574828747,0.624727745944021,0.8033389516419527,0.07649271888696578,0.6331940998089789,0.7864428105757844,0.048160947738717264,0.6338195940423413,0.7383726703101344,0.12947255957457263,0.633091023734943,0.6336906026655541,0.1415162562449434,0.6178666554875445,0.7582622193935173,0.12194969223477695,0.6204772777466007,0.7323399143723668,0.09637543478937585,0.6196367082243607,0.6609365325273227,0.16923545054513783,0.6256722836922873,0.4819401620838641,0.18056119664912074,0.6074506867653462,0.6374357554930866,0.1654876293123078,0.603253769225666,0.6000023237249233,0.14490043144755943,0.597699220748222,0.5106801419602252,0.2006669765426068,0.6201561819842558,0.3523438522356381,0.21323688529696863,0.603836596535655,0.49019268562323953,0.20346672693069343,0.5955386611816857,0.5161032319848268,0.19145934928004144,0.5861961328105411,0.49482339890807503,7
0.1515576113579924,0.6855250784373326,0.1722531560039774,0.09313315943227658,0.6766496987121078,0.8168762802311661,0.06783312583768049,0.6589647930503885,0.771396642550725,0.05229217189375068,0.6449037565803729,0.7416758621841943,0.025919799442595096,0.6323709082948319,0.664511941178771,0.09309876624382855,0.6396126802735412,0.17183071007382913,0.10203931213133928,0.6318257592225756,0.33182834555067753,0.07673597256363753,0.6376455056842137,0.458438534535344,0.0472531652753107,0.6331903744230063,0.5274784846491266,0.14163570577464374,0.6316012632150276,0.04712141294989513,0.15210858438563715,0.6263132905788825,0.30939001442865177,0.12663300677326683,0.6233178020196554,0.47243987837339263,0.10792804591073385,0.6130521160952156,0.5351390993070478,0.18136489190531832,0.6237773673928938,0.007020529922116221,0.20000539452665628,0.615267498110658,0.2744880095501407,0.17935206636399603,0.6073225013942439,0.41258575011043264,0.16401099000453714,0.5949373071156389,0.44064907650515306,0.21273692247258413,0.6160172455596188,0.018771023390433225,0.22717302274828377,0.61199743237119,0.1977401689608714,0.21270259828163163,0.6028831391756972,0.3155144643065361,0.2037941839424188,0.5900240858597666,0.370862035844063,7
0.18106569995263044,0.7084261489459481,0.4455425731638592,0.12416267544743244,0.6990084405437397,0.6332073062809561,0.10012967039152636,0.6809452948298349,0.5701158113227418,0.0972100047519121,0.669886454534401,0.5521127573859246,0.08898778104271496,0.6608905092633816,0.5132826436994002,0.13964063001621974,0.6616966421483672,-0.016581035869481824,0.15653601619438673,0.651498735627207,0.12360851284365632,0.12953657404018118,0.6533868912304136,0.2905333079523858,0.09815939594698718,0.6431726025405896,0.4242186063286935,0.18734825483104156,0.6544324039629476,-0.055854399065122365,0.19892163936533147,0.6488036593334,0.18857543392541987,0.17016476764628152,0.6502385533414098,0.4215141625814664,0.14249164589703905,0.6420078478701937,0.569080338813632,0.22462142253348708,0.6499354026419742,-0.004357719582625339,0.2337759259088933,0.6419025971071705,0.25403280520004684,0.21098567673149687,0.6419742588001189,0.4460068513875731,0.19050245706220847,0.6347013343554154,0.5445566222954049,0.2509990206434116,0.6452865241726888,0.06263640614387855,0.2651427338261537,0.641794153937559,0.2547711709908428,0.24581926518621167,0.6430865139729702,0.39734947394255477,0.2250563752034633,0.6370857470858998,0.4973410519101485,7
0.21294087647876753,0.7007781139687422,0.1211041989839184,0.15210287447726809,0.6873813659423454,0.8603481688845722,0.1391730383853013,0.6696097462449951,0.8506615969535493,0.13301478230644997,0.6597808562031446,0.8379701804881183,0.12202683388335618,0.6517488605996081,0.7915847508164406,0.16619899279148048,0.6568116827878117,0.417424428757204,0.1827089223188556,0.6470580194036751,0.6063885030957007,0.16177184438169445,0.647494144497553,0.7756026156491811,0.1366643215577109,0.6353324692264806,0.866636731934715,0.21049262331404342,0.6508174231934505,0.33841486076864086,0.2200136802139099,0.6463950124218686,0.5934323648842557,0.20185941000927832,0.644351971124066,0.7671353539341047,0.18893867630963526,0.6374674348575216,0.8339761752610603,0.2467613158514881,0.645088350496551,0.2765486110883634,0.2642024172269553,0.6390938244965209,0.5305860200524467,0.2485915505355405,0.6370842426982214,0.6498209300993903,0.2361596464175204,0.6310068199905584,0.665746068935418,0.2762031313190383,0.6397224542045961,0.24663889059396057,0.29748835631424553,0.6358986178538467,0.4515839928280028,0.28553392339263345,0.6343010073312115,0.5675856976648397,0.2731183308795344,0.627871971481235,0.6166533254838479,7
0.24292269381158596,0.6938687773103447,0.22908316533068104,0.1920083462327676,0.6875225025047241,0.7160033639334833,0.18786994842883728,0.6745705681507596,0.6753529948412285,0.19823719659033806,0.6680677470340862,0.6714179039669771,0.18085970365325665,0.6603322325866363,0.6280321555677953,0.21686932000810288,0.6566652269081127,0.08893399466208692,0.2406082109943818,0.6477914882576236,0.2957352682637229,0.2192140170819105,0.6551245735087068,0.49692861376829334,0.19471040212952187,0.6518122901526118,0.6168127744879365,0.2577400319017276,0.6486232680097852,0.03197335188447687,0.27741456743950144,0.649585963456373,0.32083278509687113,0.2537638139764488,0.6467141402456152,0.5779780546795542,0.23644833842898602,0.6362711612764426,0.7102213488631636,0.2891496764928128,0.6420618331962548,0.055203878431076776,0.31346395655368414,0.6422365521175785,0.29272526778056535,0.29392241726293833,0.6359627234618997,0.4685562018046405,0.28323086632515754,0.6242560053787588,0.5385131047071842,0.31301409058033147,0.6363240367787015,0.10951824324111449,0.33493723063260683,0.6391713451760966,0.2768550739507794,0.32153037201020085,0.6313169654714934,0.41156725067384897,0.3130778362438752,0.6184452686201883,0.48510795057584627,7
0.19742606583343467,0.6915957773317675,0.019030969060686506,0.13861088354341172,0.6915288637988509,0.8617598144794036,0.12450723206604046,0.6782600462612056,0.7615775654263482,0.11807681253403748,0.6651624848006643,0.682033682300011,0.1066880445533159,0.6555225048848102,0.5822123480131434,0.15017902950820605,0.6547929961474849,0.18459282561048618,0.16661753258900833,0.6515810357706286,0.23596609041542216,0.13425819027711733,0.6564706790321212,0.31583378140270935,0.09747801746311757,0.6485439490877224,0.37912383074034683,0.19230248591705473,0.6487975202042735,0.019360878529189905,0.2027962015010063,0.6492248038852239,0.23497813616298793,0.17454602625018512,0.6438594243619286,0.37423247179639163,0.1555880804414178,0.6321510671506014,0.4243848810902434,0.230241926972553,0.6455677905070276,-0.05839972222890732,0.24551232510180201,0.6429044621383952,0.20952798924036217,0.22783446698345872,0.6339480864034182,0.34033714809231774,0.21730835744165822,0.6202088795960204,0.36115876963308496,0.2620854503893803,0.6446191109984457,-0.06567715939016512,0.2827516002933063,0.6423152186115023,0.1284480493558874,0.2702027883474636,0.6346141131881295,0.24898450376318212,0.2637031083563153,0.622228477993784,0.30653986936028554,7
0.16838392717996256,0.6723256028928271,-0.1063269961334785,0.10987951796855505,0.675356332509326,0.7307030844410873,0.0790357338132515,0.661160232111473,0.7226898938940982,0.07051932173640704,0.6480741948729882,0.6902054495986735,0.07144293448001199,0.636084661840137,0.6463186745472093,0.11308404063590928,0.643891323221686,0.5415548938507085,0.1375023229897077,0.6352402175970776,0.519078057252996,0.1265416430893637,0.6346035344125032,0.5167236854770303,0.11077843880644198,0.62045720571065,0.5288436335477986,0.1608198083547275,0.6365517215567289,0.4150717310789156,0.18479284037766414,0.6325989667413937,0.4657984431984477,0.1769894947050494,0.633123715601094,0.4675825582524458,0.16875468877775207,0.6274107906903011,0.44354611533726546,0.2013187737214364,0.6331332728617063,0.25327945814248465,0.22617453992488043,0.6281605285278868,0.34578470685304447,0.2197315389855764,0.6244166905120502,0.3683931915726283,0.21203930081267527,0.617142038651889,0.34813158828590474,0.23222849359477404,0.6307900692089311,0.1465846682277835,0.2546738359256195,0.6268145533342762,0.24229505607051313,0.2503405224756019,0.6243065200371885,0.2984949353338188,0.24362729917086526,0.619472793971136,0.32056163939565196,7
0.21621497214215213,0.6871294444056257,-0.16383584863173264,0.16621559925370333,0.6861593943472306,0.8971351915624324,0.15171159238860907,0.6705917662870824,0.9443486797524476,0.15213255689482483,0.6590381408675441,0.9444064846697399,0.15356676074739833,0.6427792329156251,0.8928076672172474,0.18331668754897276,0.6548757874376868,0.5892521597117807,0.22785725821285838,0.641671599713916,0.6866002724852223,0.2221632080251487,0.6350707676638518,0.738342061208042,0.21209909437606392,0.6175342721024588,0.7549482378048479,0.2264469546344417,0.6435773402554038,0.4568053490864333,0.2649681322847066,0.6339321329369012,0.6198964114597972,0.2613518836686281,0.6264005624052363,0.6846352066824499,0.25629849920770953,0.6131058975320325,0.6740205850529606,0.2648689726237699,0.6358352418690323,0.305007848365894,0.29656696032863966,0.6269672439837645,0.4585920255229975,0.29231730476994255,0.6136550128061882,0.5051014527640035,0.29228783314632506,0.5964990870825235,0.4849640083124397,0.29834959275388956,0.6289099594165386,0.20875768219904117,0.324039175887743,0.6249546456648666,0.3300820635724495,0.3205018785412768,0.6093553180268733,0.40184193966844445,0.31942683407029865,0.5905483764589179,0.424858477371943,7
0.25103597909766373,0.6953828065559717,0.018667351137934655,0.19335655861050752,0.6942540885220648,0.48551160101240026,0.1892976544126889,0.6894923506851414,0.4681670576257159,0.18876040889348059,0.6767385038375082,0.4457085921870494,0.18501171058772506,0.6669262822000073,0.4021483255309451,0.21528213152761022,0.6536975826741392,-0.15263628412762845,0.22313500679434123,0.652866164979876,-0.1600488913481729,0.1862604207122768,0.6407341277668458,-0.09927034108712685,0.15818353234001578,0.6168842048451333,-0.0284496181780166,0.2563299310061394,0.6472396454042524,-0.27025954953185755,0.26135702958411017,0.6471420753686948,-0.10033680077235721,0.23485202435955488,0.633713401491184,0.028045242184885306,0.23148304140676404,0.6148777778422813,0.08034366746662965,0.2896235071499054,0.6416603962089817,-0.28026096903091896,0.2985125531697858,0.638462191560811,-0.06385701944523721,0.276997150737072,0.6219887556565131,0.09342804386593669,0.27172554881423583,0.6044648425298823,0.13945122069367125,0.3121784035160051,0.6357133881270091,-0.23360322515125673,0.3201617477509454,0.6343386519043367,-0.09584615112749871,0.304284593523282,0.6205050122938405,0.02845979408304034,0.30053235135500733,0.6032003087386397,0.08978408754569184,7
0.24678097713075622,0.6901799092493522,-0.06846524628353712,0.19705136019660913,0.680450800509192,0.44313043525473234,0.179957872212869,0.6635867700210928,0.5207076424513468,0.17959019564234882,0.6541562885325269,0.5866986274644849,0.17640765566659636,0.6439836436100216,0.6300408944016588,0.21436351294336975,0.6567133168984621,0.37653871399518707,0.24218326585780658,0.6444670612521378,0.5325558142764419,0.22729128660216455,0.6357729469681279,0.6570814463698862,0.21103207083614092,0.6152194735706351,0.7309615872768546,0.25580955617039847,0.6494493930134841,0.4520283490716016,0.2739194588246562,0.6403805183594932,0.6532969231150324,0.26218084867760455,0.6308188022879602,0.7637660971368995,0.25409203469208047,0.6177458788804318,0.7878666274605785,0.28821604305992304,0.6420451182627106,0.47109500963055073,0.30486212360484416,0.6253093040091346,0.6310862425126985,0.29352758626743136,0.6139431071702326,0.6863870475618562,0.2862961315146583,0.6009133804840233,0.6661489975404585,0.31117980272794726,0.6349487872096088,0.45471909139660305,0.3256301385537384,0.6224450884406945,0.5721661793689187,0.3170963309669754,0.6108238957517093,0.6308759309962356,0.3111381689583507,0.5979268717684602,0.6440794947460223,7
0.26252059500980685,0.6788743039733374,-0.10303677876969454,0.2037484683883631,0.6718153582873987,0.41431175130609993,0.185433869593917,0.6588819576189655,0.47893445729814055,0.20302391488529645,0.6497097252003374,0.5260107219866219,0.22141057564229924,0.6393203448097048,0.5571859156791527,0.23505637192060866,0.6525980706220711,0.33065062055124217,0.27137713109455325,0.6397512630340785,0.46804281900260664,0.25659295918484165,0.6251167415263591,0.5736809041835892,0.24179593023743345,0.6016263397911901,0.6300684688520473,0.2770669502884659,0.6435871881031305,0.3734914834475229,0.3001628959311323,0.635414761709259,0.5649182148029526,0.28677669406035583,0.6220302803791345,0.6710556984434167,0.2815841214147568,0.6066971852368009,0.6887396692097181,0.3063174652182957,0.6351145496510762,0.3752101162895948,0.3291091372297741,0.6257019198380114,0.5169811141396574,0.31465104452705567,0.613974977134999,0.5680786857051893,0.30634907064129363,0.5998490210368824,0.5469274489404786,0.32609545921180855,0.6263288937774862,0.3587769515237709,0.3395899863279447,0.6213039648749384,0.45376531096357164,0.3288565366880408,0.6115701048878673,0.5066462720194068,0.32179454261605184,0.5986385594090757,0.515175226804842,7
0.25198265869432307,0.6984030406066801,-0.1331972571211516,0.21265581962652505,0.6975712935338507,0.7664311821353714,0.2001963692002666,0.6810479387339895,0.6869341094554865,0.1861113978353284,0.6661253462986149,0.6009780050406628,0.17696672496528484,0.6542721867510212,0.511201018164369,0.20586629103914555,0.6581349772381511,0.23581804400541972,0.23097240987862083,0.6499163283241453,0.19340908462848638,0.20832165800427574,0.6384801442858212,0.2048618067678835,0.18900047210014714,0.6133022015904855,0.24807422398406592,0.24194164887595207,0.6503493768751292,0.040643336665012644,0.25834208253353746,0.6432238064435017,0.19664950565842929,0.2445930869912295,0.6333177491740579,0.2686325820194933,0.2441935200953876,0.615833246251308,0.2785127536279179,0.27673578087302897,0.6439787574914811,-0.09886608034325592,0.29750037567103277,0.636742246071922,0.10736902970889407,0.28847570589473936,0.623977340283478,0.21669573703439027,0.2879317364253128,0.606784799787457,0.23134609225065475,0.3081643903785097,0.6376754911186433,-0.150868763260517,0.3248951185441131,0.6318342057946741,0.003207670933701675,0.3202756099781135,0.6185434650260906,0.12064532718027686,0.3226885421772775,0.6024841467304616,0.1787370304266464,7
0.23124516373348433,0.7076134740983423,-0.0060185646702643775,0.18642443269222803,0.7031228853411401,0.9588673401328243,0.16810801121352004,0.6839997012993712,0.9306056335081823,0.15849267759937222,0.6654562909794557,0.8776159973239077,0.14595780600656072,0.6487746389658889,0.7935426421424002,0.17651394451973262,0.6622507699917057,0.4251895694994577,0.1936711876414219,0.6530220364636291,0.419541881040907,0.17345321859007218,0.6506163648326104,0.4407607270475479,0.14858248702596755,0.6340015370647992,0.47999541964441944,0.21565861576854423,0.6551242152657135,0.2361269035268352,0.23367580532169438,0.6473865141649471,0.3787227856199054,0.22417005266646925,0.6449715083330744,0.468282258976474,0.21919661291810005,0.6341741697580512,0.49981857594238316,0.2523872755777245,0.6496807784876594,0.07875900657228604,0.2742915142985491,0.6389602939492165,0.2651429642058858,0.2688399779402574,0.6293433823670531,0.37719496464858004,0.2657678648226446,0.6146514224874396,0.4113353483913784,0.2838698813270505,0.6450815411745857,0.0005723494801776296,0.3053096014919359,0.6377300108844137,0.14748236102933512,0.29946548452529137,0.6269507016478149,0.26269788837330227,0.2954042822413227,0.6136492729887947,0.3301929673576356,7
0.23857356840080352,0.6867809011449457,0.20102790286980876,0.19130957215275468,0.6781589013908458,0.44365639089108927,0.17111734310760948,0.6657305870017254,0.5232497996451673,0.16663612626617508,0.6542677514253333,0.5677917259533305,0.1688192073286064,0.6448996817109953,0.566289576225424,0.19683173046498917,0.6513783335941312,0.48756249203293495,0.2130903905753116,0.635461181012445,0.5443158250587405,0.19942626607572825,0.6433523743155296,0.5414608231114488,0.17129763079108967,0.6415630701257695,0.5301845636136565,0.23636362461144816,0.6459249577328026,0.5082377820921125,0.25155957564344805,0.6319503791378418,0.6030482260391048,0.2386127655003946,0.6359639951912059,0.6089973652312263,0.2151465826395261,0.6343825122610333,0.5728857012928632,0.2695846787192757,0.6413862712988664,0.4504116637589431,0.28542462888955206,0.6293316866229386,0.547458602762754,0.2724645976197315,0.6289376726568455,0.5281972161194782,0.25136185394853294,0.6248615935291826,0.4674428137384225,0.29436273190368273,0.6380120646008429,0.37633279637266814,0.3088574561405467,0.6288904728432204,0.4418377099961273,0.3004931551994403,0.6249136593130405,0.452796045648905,0.2861070238449383,0.6190045645655676,0.4376726454654656,7
0.25179674544567754,0.6887996068057819,0.15456673717776864,0.20603136958686483,0.6764596436222536,0.7952370560679692,0.19730642391574596,0.6615666059308454,0.808437255960973,0.21288729815439114,0.6512215622925286,0.8260827449184095,0.196407874149215,0.6403698838551165,0.7819166887608608,0.21426065603625405,0.6421964243004686,0.3530548434725855,0.24982548643434982,0.6344755744463775,0.5341032925211419,0.2443876539805556,0.6441495472399716,0.6478353250043642,0.22550784298232468,0.6461523933432994,0.6997458254916542,0.25433707595696115,0.63707994916671,0.29854835924758183,0.276286097845565,0.6341313330602271,0.5521941127894309,0.2616587647778883,0.6361223050546456,0.7050196944839547,0.24446118298756067,0.6307965986224912,0.7605478427497787,0.2854876201479472,0.632478047466796,0.2644962527216613,0.3102673860588639,0.6284196138094597,0.48385554562895294,0.2971664340908877,0.6279036693555183,0.564783284498955,0.2837723903793315,0.6232142331398803,0.5626438591377041,0.3107302815272807,0.6292717615754279,0.25388232413222694,0.33460370542393814,0.6273087174055383,0.4086749688192687,0.32350425667575994,0.6242853284394274,0.49028681042379363,0.31245094116983946,0.618377100314375,0.5168364778862524,7
0.20221002599732524,0.6874498908116182,0.3019365865101666,0.14283940859242436,0.685420658476232,0.7723648542354484,0.12002678087552893,0.6708963965874243,0.7321133833143869,0.11319136687520132,0.6595929536706349,0.6832481503026875,0.10315770541043934,0.6496648211527223,0.6094361553589397,0.15476059536223155,0.6473111773080886,0.5450170172092428,0.17638928172010804,0.6358018537273358,0.5846104482421899,0.15493995052234957,0.6465961768158361,0.6015471912711834,0.1213576793048054,0.6477467638395814,0.6108173813915266,0.19913055888003411,0.6395033403613354,0.44020649987456134,0.2182467935588621,0.633630208534169,0.5512656577572228,0.19727452903413603,0.6410996454597166,0.6010290181567444,0.17012508268636856,0.6415482830700098,0.6156876216465211,0.23552965889421995,0.6352686056219031,0.31123141781637387,0.25455070149174325,0.628882982818508,0.4809137970442248,0.24061400805650163,0.6357044755727963,0.532132095163395,0.2186405617786668,0.636672193760838,0.524659032278175,0.2627423848957235,0.633347339618834,0.2159936441457783,0.2846745074797777,0.6281633495527346,0.35256868158703786,0.275079492979714,0.6319458261350506,0.4199688056344864,0.2587545132356006,0.6319947063934377,0.4535946724481422,7
0.11200398429888564,0.6799547880814453,-0.03495463839242271,0.034595805242954164,0.6714739201868433,0.5661201440148755,0.004180329613617358,0.6562948510288699,0.5865872995995868,-0.014914142786376133,0.6438797433706599,0.5835391543278486,-0.02723063816978623,0.6324439908276572,0.5423524978364527,0.04049632522888572,0.6446121265997559,0.18399500827147022,0.04880983778269957,0.6365946784422979,0.23333570923893981,0.005609221232195689,0.6368347967731841,0.2642812505699977,-0.0352976254453308,0.6258546118052694,0.2776837603251237,0.09133499373434703,0.6400854575824848,0.07805761018812614,0.09128811957778261,0.6350036146542138,0.20746741952016703,0.055318855162855604,0.6285138889748263,0.2680036127414772,0.031804518880161184,0.6145214152586914,0.28138013149236024,0.13446033281357947,0.6358686717361189,0.011685534558061856,0.13753024662763,0.6292995260864975,0.17030944967650566,0.11299733838484952,0.619069112773142,0.22636467354258313,0.09786230978432,0.6047562175164733,0.2165485903231918,0.16866951443341727,0.6310781921643068,-0.012742525653119305,0.17974131214865657,0.6258932076924293,0.06705295738242116,0.16627887147872433,0.614491896429163,0.12094571239093513,0.15713768657749227,0.5996658215619316,0.143967584551738,7
0.09562728294435106,0.6908798410218198,0.16904384430087352,0.027260919938377107,0.6816056743943236,0.4719658721604627,-0.014228888248651797,0.6642899708030643,0.45438605933981113,-0.02786301598550369,0.6489133631357806,0.42218832380470156,-0.03947511923855255,0.6397221668223143,0.3662193615561143,0.02233587424063402,0.6533677837062356,0.2581884680666134,0.03368756319076717,0.6407413586988785,0.23217350810720297,0.002535284813741216,0.6467375795328764,0.2241216542978663,-0.03414394009505873,0.640100181891811,0.24505997088886441,0.07289533906596203,0.6475793961508062,0.17603779560376737,0.08465127967910174,0.6384060127455986,0.2457158892874221,0.06204804376308021,0.6387245081422437,0.28021052589011036,0.041134625762014605,0.629620917032986,0.2954209277406536,0.1175021829807905,0.6426267979500284,0.09348688902183319,0.13285981833454272,0.6303106533522161,0.21841990438457254,0.11496349003139449,0.625699330125805,0.26799676964090646,0.09682615085553554,0.6167133836328565,0.26616181948482365,0.15495308397146837,0.6373595592810068,0.0428701224671728,0.1721397826297574,0.6267295474298026,0.14209127603737062,0.16022968429190051,0.6215518772232334,0.2026967860451412,0.14849175868141642,0.6139066807227154,0.23322934537957962,7
0.0850947917867774,0.6925083916245275,0.13042369135490697,0.010214061637266387,0.6852540710583425,0.7202631939406702,-0.025222322990928723,0.6730969378308791,0.741304022982201,-0.04086696866132096,0.6597908628468873,0.7522728324295789,-0.060036565588580504,0.6486535383068034,0.72732745539206,0.024049860460071085,0.6470133472542232,0.22710761595630288,0.03191344159059633,0.6404074196320854,0.3067650795558336,-0.0039691521731609275,0.6396307031458403,0.4307942658711382,-0.039845203943398556,0.6264644052164773,0.5256123124026708,0.07776913366316981,0.6400622057197984,0.13272235456534642,0.07409401951782113,0.6355704727215943,0.29785241812896157,0.04177844999295006,0.6363696795089528,0.4550677839281968,0.019992264728567875,0.6290743813507431,0.5434622023598675,0.11940919551024062,0.6344091794555361,0.07627355777605713,0.12579719901584296,0.6289732896048356,0.2540181000548393,0.09940234680982483,0.627038121582245,0.4033097108059103,0.07969505119267757,0.6196366703200282,0.47200619690739765,0.15006642648972598,0.6301820007628096,0.06192337950665189,0.16115716106658184,0.628914414379606,0.18158383805523937,0.1435993562967858,0.6276010188041049,0.2915882491012556,0.12766097908422447,0.6220966157497198,0.36721143394181394,7
0.11167494118517415,0.6848471973609489,-0.016671520132653207,0.043647575771080256,0.6889827866559866,0.6065578940659662,0.028261891429696425,0.675883929918539,0.5844839455733348,0.0289769254874564,0.6610594829036557,0.5677921339378719,0.034623148524880826,0.6439393191857815,0.518226383616609,0.08231120476132915,0.6403684581900478,-0.0021848829977538006,0.10089055140172674,0.6382526522406827,0.13822325882464118,0.06323539350835573,0.6313075216782121,0.2719042842233684,0.032978881838188555,0.6133744576085186,0.3530611214309208,0.13516056842581042,0.6301328396985186,-0.08788229243990492,0.1351437749603002,0.6324157626129145,0.16009569488964395,0.104088825661859,0.6171596217367517,0.3221073084743723,0.09509726929304373,0.5973021496459122,0.37682007456551403,0.17129754909557715,0.6232215958525681,-0.08390688233436724,0.1748626708469524,0.6265862059480063,0.18047092005115575,0.1470479547113324,0.61196160475766,0.2937869608225423,0.13851982544421942,0.5919829002748598,0.2967606223475033,0.1965677353922333,0.6169570137663072,-0.041109876868965674,0.20643755503588634,0.6188202322293407,0.11639738278584032,0.1854631544558713,0.608916651953221,0.19115942149837972,0.17656048006082178,0.5929500590479024,0.20534818892873336,7
0.18619970598217153,0.6790219013745438,0.23932044979388561,0.13527399063243867,0.6861726155708726,0.829824898804598,0.13415189412004844,0.6758413116893285,0.8562269981702463,0.12216724310480523,0.6621818947768433,0.8591518814424701,0.12377311597848742,0.6497281417587808,0.7985652302501698,0.1616236338197809,0.6453692707091706,0.327662909391143,0.1865135246338361,0.6321567055568801,0.47493333291306633,0.16461812030787923,0.6378536214780114,0.5750076999196945,0.13208424488076226,0.633777424956407,0.6205675349228718,0.20009333440420465,0.631300630308052,0.19962193268670594,0.22587093195486738,0.6272703009580727,0.40303286154452234,0.20732922801961431,0.6307104077446776,0.5401154970186892,0.18495079996107902,0.625530378471521,0.5964616410635176,0.23270382013991422,0.6202165293836512,0.10608743123040779,0.26042769898864204,0.6169491082401077,0.3197655155526883,0.24592021650287604,0.6172945121953267,0.41464458580211283,0.22884861198833312,0.6111877995848244,0.43367618686177384,0.2583414516643658,0.6104669366879022,0.06819652231778874,0.2841204762682214,0.6069896161759725,0.22786397585194273,0.27666830969050793,0.6043323795675762,0.3136352291198562,0.2644235321309128,0.5964090083722228,0.3539326093613495,7
0.19592009073143596,0.6921786981524353,0.15210468587490794,0.1353744562254572,0.6835392783519708,0.42264324036176293,0.11496024996531604,0.6739435999759672,0.4754147139382262,0.11868580448385199,0.6622758460430977,0.5178456456345505,0.11784028984935489,0.6507906087612628,0.5156412620119801,0.1524684823890061,0.6601247005888369,0.18907156759125957,0.16368202651494348,0.6466328019959962,0.31329629137697884,0.13488919447258635,0.6465480757206374,0.4174230208062724,0.10645834756054054,0.6347648449012069,0.4836273431208669,0.19507426165884836,0.6521162448880081,0.18997059693544605,0.20026231519366547,0.6414067614038803,0.41807856515934233,0.17509416609314044,0.6377768511080862,0.5489568466002979,0.15989073637103152,0.6278364392690684,0.599078656326442,0.22819775293710237,0.6438876611036685,0.19178263948592536,0.24096339162437633,0.6352402203779612,0.362291372949492,0.21858617339500655,0.6308658055252448,0.4448611504120736,0.20194617506272333,0.6217114308834598,0.45260937351741026,0.25591509310304994,0.6351084732654744,0.19262150778956053,0.2722210555532551,0.6278050335250149,0.25298864948314886,0.25675091656871185,0.6223719920565839,0.3026096602215555,0.24625200099293681,0.6148641953812057,0.3296737033194198,7
0.11291332566987557,0.698094686517895,0.07422892334669241,0.05089634771021284,0.6945588377270137,0.8953017512061364,0.02845034467290006,0.6803558427018828,0.8438186323020208,0.002657249513049932,0.6673564414413464,0.7732696347868561,-0.015465359357038619,0.6567712400034463,0.6695755603196002,0.048581232807171894,0.6524311218487581,0.34760944426609774,0.04716195362534329,0.6446418867083152,0.3501843340721416,0.021591195698654624,0.6519216206822119,0.37294894004460527,-0.008078234087315462,0.6456961143572898,0.3997361007398183,0.0954520287123858,0.6462677175439399,0.14664716214213033,0.1046400279446045,0.6436511994308127,0.27183230160634597,0.07971493831410727,0.648873956574175,0.3415027248781911,0.05588916676202736,0.6444071782766332,0.362119470353954,0.13913629324541468,0.6432098705484743,-0.0057882808033254554,0.14694735168432316,0.6382337231099309,0.18408683089760317,0.1282116705968522,0.6341312122327134,0.2662805625211746,0.11196859766749663,0.6249444132928134,0.2746072010235399,0.17509630998858425,0.641299819876713,-0.07447507410600765,0.18594867468155676,0.6366114838249107,0.07819368743608571,0.17404440856648867,0.6305657233308667,0.17192421262498322,0.1643301279107837,0.6207100882013622,0.21589953925946812,7
0.7613390650806148,0.4988389062021541,0.4458336828198536,0.7312349914042153,0.48751381443160574,0.20335277348886746,0.7169894287053449,0.5012032132633861,0.4502864833278366,0.710161441475622,0.51039806489547,0.6823641497837315,0.7081635050463834,0.5114559896532338,0.8251080290213377,0.7058049481675605,0.49922898157190354,0.14099912455717403,0.7223040742289443,0.5087453959467807,0.3724315413352427,0.7239019838925441,0.5483727735647385,0.5351585684347361,0.697943618827682,0.5870384420126533,0.5983553796451532,0.707947984428443,0.511126797402431,0.3713888907951269,0.7027990486897179,0.5112138597217394,0.49032070066203365,0.6754155629951688,0.5301956339249181,0.6823489916697206,0.6315237796901646,0.5453938572865465,0.7891532012450876,0.7053234034807021,0.519450552515966,0.543685567305737,0.6906190559690097,0.5240990666907416,0.6041644298808229,0.662492705273725,0.5334676520903032,0.6779331159917529,0.6288390567435345,0.5402930780412888,0.7399923579467801,0.6905221457461255,0.52378579061449,0.6070802941164322,0.6784452755825612,0.533681707784071,0.7023943574153038,0.6585084405528099,0.5430936950428095,0.7160244348733997,0.62834707642042,0.5469172391631761,0.713950651859855,4
0.7335882067315425,0.522800188404736,0.7925899615511799,0.7263704832708263,0.5032331882808001,0.14400507766586265,0.7079880730103357,0.5031030258753705,0.2046375496153203,0.7249133881097806,0.5068623841062311,0.3173594685418247,0.7277222962255975,0.5113085054082908,0.36070994623591923,0.6863694262100638,0.5039054598947528,-0.4042586779864441,0.7143812181064517,0.5189685701259912,-0.19171934896905657,0.7282452055213242,0.5561547572828743,0.005540806144310577,0.7126046305934868,0.5896704563088929,0.11745538793151339,0.6979016311327503,0.5111166760033791,-0.3209390152345584,0.7011193823937233,0.5257729643438882,-0.069610061811835,0.6902259541392455,0.5435173966991823,0.17184345700798295,0.6623471165652423,0.5522444494950809,0.31191269694429885,0.7065126560838655,0.515436182643241,-0.1258657020511612,0.7100154938155611,0.5328572812587683,0.0764312237253466,0.6990012334731388,0.5431692740633233,0.25904758350708046,0.6779476574729874,0.5458093762370336,0.3542837934512828,0.7149071624218799,0.5173020207052574,0.031080976266640196,0.7193850997745945,0.5351628549677238,0.1458093915492167,0.7064913634546061,0.5449898132524733,0.23248336923498603,0.688687412498169,0.5492820740192875,0.28238434654650474,4
0.7288649211843646,0.5203867041527215,0.6759568348134753,0.7248599113186547,0.4994952178266065,0.1331715471839011,0.7131157772246252,0.5037795152319917,0.17176236794955527,0.7284291214992388,0.508550727275558,0.25939530870353156,0.7206130501436262,0.5108161876961893,0.28282235477825457,0.6822143618415785,0.4994423809040768,-0.40816952051457217,0.7186159987842541,0.5176387993237967,-0.19187847936359242,0.7318659429394767,0.5569035873980718,-0.008662289339749335,0.7143259508015454,0.5914038900267677,0.0774940133094447,0.6886694920910876,0.5080559102198072,-0.36095763320939145,0.6998911039353033,0.525007905902859,-0.12465046022375184,0.6913675904670908,0.5438968999421419,0.05386298297631544,0.6637505924043521,0.5533011820509056,0.13805349081707669,0.6956893663376443,0.5166778236233058,-0.1845259300043136,0.6999708051938298,0.53457954230628,0.03399574755848859,0.6886075742941168,0.5449163045922534,0.1542528076667432,0.6668137758158623,0.5482718838756444,0.1827856325438297,0.7035861670829459,0.5249308285087895,-0.03641446925980848,0.7038232245170436,0.5397004486280658,0.08774330718029641,0.6909619348686277,0.544067713854898,0.1502522474174983,0.6776013123784274,0.5434014390509959,0.16424786469061584,4
0.7788849196264221,0.5223118721833956,0.7273559911088783,0.7786179737258092,0.5049089783774277,-0.10441053234733942,0.7779792128696876,0.5011260802710829,-0.014797377558988033,0.7865379694068806,0.5023557809115823,0.0907813332681299,0.7808824473972223,0.5055241680448872,0.1536139664614536,0.7483105650331345,0.5028778095896266,-0.17294959558677908,0.7798751455531525,0.5126282169556636,-0.08683357658596935,0.7876448426368091,0.547745525614791,-0.0006128680006368998,0.7663067879215504,0.5791146812416066,0.04824409358265837,0.7467594110575382,0.5095267956982473,-0.02645744374502122,0.7607601244069606,0.5190891378721458,0.010245983832358573,0.7532494906249573,0.5376804851190545,0.11749891396431877,0.7207277015412406,0.5486529639058767,0.1886367672381702,0.7446209542765837,0.5156005461564198,0.12941361932508597,0.752387858146638,0.5257806768201924,0.16302277729574496,0.7439879569679664,0.5399433254074695,0.23901284607756573,0.7155316333822865,0.549019269500163,0.2796209796005311,0.7407320045541317,0.5206405200240147,0.21192152241865841,0.7403576707159033,0.531518899328465,0.23768326422711375,0.7294415781175654,0.5458395963226891,0.2587690295747309,0.7065488665027511,0.5566913635055877,0.26417872417057603,4
0.8508201228973071,0.5458435214687312,0.7816528942610658,0.8753098279065937,0.5239283696476732,0.08464451731614263,0.8882450801339041,0.5162747598567538,0.22428114357273748,0.9164060223225287,0.5146408818425569,0.3644870284105642,0.9344527397545331,0.5119855082213953,0.4377826120865559,0.8500050117589584,0.5140778590464534,-0.09990662344571231,0.9081906508878952,0.5212447925775342,0.061308353101758396,0.9332789476780539,0.5504679509173958,0.19044411353041402,0.9228364330466804,0.5755774530276423,0.25687948245758085,0.8411540930121489,0.5181138453641787,0.025525996696911784,0.8709616993023042,0.5268162031327995,0.12282536253731165,0.8769910951371901,0.54892415566737,0.22393475625004763,0.8508299118267179,0.5621324815901196,0.28668328440520546,0.8328477550311888,0.5221720222790923,0.1738518576902129,0.856664763690772,0.5303587935037044,0.27315665631913366,0.8601989907198601,0.5485542863640216,0.29699688025008036,0.840016888749179,0.5592078572095663,0.29742865866220025,0.8289445063433188,0.5254259412888233,0.25817647393264936,0.8422140564798509,0.5318753323139974,0.3347407508634459,0.8414058455289655,0.5451593460345616,0.3392295046255472,0.8242534722583914,0.5528257731292151,0.3292709000459032,4
0.8416800364053211,0.5470296355242084,0.7213753240934201,0.8678780650658916,0.5203778100386055,0.10362223806641456,0.8825026828802646,0.512307362871316,0.16077173875019898,0.9089619790861442,0.513960430068024,0.24741998306262855,0.9155015856702258,0.5156372603399342,0.27560542235998864,0.8300144171820268,0.5148341834401224,-0.1390363695196034,0.8851222147994121,0.5230601342259161,0.03146461476545132,0.9131481466150269,0.5543619642020414,0.1627432204745709,0.9075633722452852,0.5835777341063102,0.22199252422510132,0.8201650941169322,0.5161426345109819,-0.06979352225526514,0.8516194607085467,0.5232353497239041,0.05382005218466745,0.8618004802288098,0.5467149133845361,0.16591997032362205,0.844297734278404,0.5646323493671858,0.23171860516969556,0.8180210638285781,0.5176667905246365,0.04660374546841269,0.8379084778384651,0.5254855717378056,0.17110688538553798,0.8443319424026723,0.543249707783925,0.2501468828271634,0.8306822644333417,0.5564266189654694,0.2775559362090159,0.8212045960056679,0.5201087109869778,0.12488266620921705,0.8349571169869697,0.5292581726790981,0.2090256533632372,0.8365414828183422,0.5403615683014751,0.2606901912583565,0.8283266050378115,0.5486811927753816,0.2828101238707175,4
0.7844156443037005,0.5486297336158401,0.6631746016971453,0.7974149067767341,0.5172856963593252,-0.07369774671126207,0.7871838218008221,0.5080125258290576,0.015397941694868253,0.8033413667388785,0.5080473375028133,0.12230458574171377,0.8055624428665463,0.5098320799437037,0.1602707187043745,0.7476978570778158,0.5133171628354798,-0.29129080228531756,0.7805898436909334,0.5164516821035338,-0.14220332539136576,0.794029731876629,0.5506552793032182,-0.04112223855495204,0.7760519084953039,0.5824628592837995,0.0006106975350729885,0.7456529989462152,0.5185020146953869,-0.20084240883400162,0.7630161644158742,0.5192993352419284,-0.0159168489410377,0.7643338818858464,0.5438418462802039,0.08309135286014845,0.7345770006250275,0.5625372959185896,0.10926670361182442,0.745151675785597,0.5218541599595379,-0.05502690519279824,0.75651533029801,0.525236263259311,0.09392568189873347,0.7559458227260352,0.5452957089347165,0.11557248370334647,0.7320237530491328,0.5593426275522012,0.08811658567653248,0.7483135265492659,0.5250844940849898,0.04474223928302875,0.7562507001498338,0.5319686774053023,0.1182449550502615,0.7544825143041536,0.5473571796173464,0.11157272382387638,0.739787787041139,0.5593823007976175,0.08141144723059127,4
0.7767683089587887,0.5534641709040266,0.8853988204584045,0.7957267260083332,0.5286493380796519,-0.23188716271773444,0.8005028287642036,0.5201854325793692,-0.13614780927982112,0.8154941856145284,0.5166057975264507,-0.038895576087914815,0.8125205891380611,0.5148921878753182,0.009276050793087279,0.7712618424795437,0.5220944057898992,-0.17764125073604006,0.8035582608824172,0.5216206298991601,-0.11701235839916999,0.8161970028225617,0.5545497760159568,-0.07342347902666745,0.7966308386353214,0.5856707895795128,-0.05020630314833054,0.7641016822000783,0.5242315472127624,-0.045007866337535805,0.7835462184148826,0.5216872373476429,-0.006320642052263831,0.7832553218520881,0.5484032256839663,0.029271881629620338,0.7506768734651011,0.5703777572750148,0.05061452132805741,0.7580814857063599,0.5265399129962647,0.08391354957773825,0.7705375078159173,0.5250463874521613,0.11796090264632232,0.7695488176320499,0.5474137969105755,0.12201264266335565,0.7430224835416337,0.5663577125006756,0.11450286794174386,0.7522053543939626,0.5296591985615385,0.14516220784981942,0.7566458721980195,0.5317534725838495,0.14830355363703848,0.7538415571743201,0.5499902356391493,0.12319960445098478,0.7351753896819032,0.5675253865642569,0.09898882399319983,4
0.8089297452150577,0.5492261693792689,0.8059810057269211,0.8260852753844009,0.5212216546375582,-0.2080310971443859,0.8410745426936981,0.5147342009093105,-0.08545204121472931,0.8598892830618422,0.5134036715286494,0.050423175411894464,0.864414739754934,0.5144990724460415,0.12438774811968499,0.8011843354754689,0.5180433705801671,-0.24436137971530253,0.8408410330318202,0.5207083452790501,-0.09529365323260919,0.8559461089546022,0.5516516246017473,0.011940565750406895,0.8385567392095749,0.5800627749601984,0.06259041667598535,0.7932558054895396,0.5206545900775416,-0.047951449028806936,0.8172096802936002,0.519005908711458,0.03674408769502252,0.8137504257911526,0.5379139126456708,0.1430434044231159,0.7811142544844236,0.5512691158706531,0.2069372056379718,0.785781095977813,0.5209972410332019,0.15511356143122454,0.8060206971513424,0.5201227379651219,0.21022801370065936,0.8019045063066491,0.537971434571573,0.2441695157341437,0.7741329944841437,0.5518429215019974,0.2508491895861396,0.779676681058186,0.5200981034751878,0.26545349731038215,0.7871405088124097,0.5230239580076237,0.2777949190076062,0.7801989650011312,0.5379229451891302,0.263099865033595,0.758426119081018,0.5502145848590432,0.24231447159774558,4
0.7761654521901683,0.5373315971239827,0.7830372800104858,0.7854056803541246,0.5070379259143859,-0.5072290266537873,0.7826185173175593,0.5036300513013806,-0.3449740956871581,0.7907510297559386,0.5032583245847473,-0.15969661841271363,0.7745740303106698,0.5029992588783221,-0.02682279897689554,0.7509742042484417,0.5045451114141095,-0.3686675939689815,0.7764424581658488,0.5080837526725456,-0.16719061158136433,0.7785519370391691,0.5380385312325381,-0.027564273388753294,0.7511561369272732,0.5671154441484891,0.03398833570284078,0.7433950317961784,0.5106959540644093,-0.052338453072778963,0.7499295138420492,0.5105760194272256,0.039967644607480944,0.7353519527245176,0.5288092603758505,0.13418172989993019,0.6955142580916331,0.5423154756756174,0.1854777610545947,0.7346268681802747,0.5161780471103518,0.25346262388461593,0.7322289355949002,0.5159717132055517,0.2761230265108779,0.7200313195378797,0.5305447210359646,0.2698904897123564,0.6899062370530225,0.5416249704218529,0.2562377038771157,0.7242731930760359,0.5228279609688079,0.4144726445467198,0.7148580087905797,0.5260244512307367,0.39768736408146205,0.6995321652464782,0.5366856207748614,0.35286497784067544,0.6751341769257707,0.5436577939925484,0.3132590975420378,4
0.7197909544670015,0.5404528375890105,0.8184176537856541,0.7292821914399173,0.5190963429371015,-0.22599913424919219,0.7185888146070889,0.505189818464806,-0.1683637788408102,0.7326827120292572,0.4977132541394227,-0.08653511576570681,0.7201262928970846,0.4945525538660358,-0.043225220876683054,0.6915610399269826,0.5021892483641763,-0.28542512800812314,0.7214194410719899,0.5001662294810104,-0.21454677952117138,0.7252284441123439,0.5343301543353919,-0.1614621739339963,0.6985708336800833,0.5681597212878072,-0.13566224438922478,0.6907173394336328,0.5059271338029909,-0.1588701798546804,0.7044571346906889,0.5031353824492968,-0.06800251007949408,0.6942183036644325,0.5281833614103524,0.023346089720243397,0.6577808076744244,0.5500583067661106,0.06835804809945117,0.688793104027426,0.5098603593953166,-0.007536247081072041,0.694744852329821,0.5108002989457668,0.08103352064496688,0.6874924435095092,0.5271723223039213,0.1552537352782248,0.6601104619296445,0.5404521923750514,0.1853194082571338,0.6856000394448674,0.5145105249674524,0.07564182038565093,0.6888296066647837,0.5203898509930355,0.13613623993441948,0.6834983634633395,0.5329113972136301,0.1696485668356718,0.6690885154254935,0.543164034372062,0.1795895949234602,4
0.6935507384981365,0.5547477348099388,0.943908093251898,0.7008378704165422,0.5234775259214799,-0.11854290542213893,0.6790491535173379,0.5041942926458562,-0.10195118134408221,0.6850077876303826,0.49805792742390825,-0.0454411985759566,0.6627342677483216,0.4955556578003389,-0.02502509353667102,0.6487796601466413,0.5081177058675862,-0.19388965974634836,0.6746950792573099,0.50549728361974,-0.1094483247124023,0.6799978138901748,0.5395081526335713,-0.05178467166650167,0.6549604441671697,0.5722266690307011,-0.01790967829229435,0.6520019441228053,0.5136213119417458,-0.07771705751662675,0.6556982564430437,0.509865947218482,0.05317589946480719,0.6447303471739524,0.5371350868414563,0.15196176800058733,0.6050923197087584,0.5617516508753652,0.20187322756782228,0.6534077734595132,0.5187627330006461,0.05666792524575421,0.6481251968222712,0.5153467696614216,0.18464919931917279,0.6416440280447575,0.5332577150208068,0.2647185430582618,0.6145553254945589,0.5491480165872612,0.29349201903267547,0.6551736388474033,0.5233485891150392,0.12636694073793373,0.6492325770924853,0.5244819706729698,0.20920114497084333,0.6406727182121161,0.5372758067725046,0.2541668521581729,0.6227463081984908,0.5500435060992799,0.274879708785364,4
